Date,SPY_Close,SPY_Adj_Close,SPY_High,SPY_Low,SPY_Volume,VIX_Close,HYG_Close,HYG_Adj_Close,IEF_Close,IEF_Adj_Close,UUP_Close,UUP_Adj_Close
2007-05-01,148.6699982,104.387291,149.4700012,147.6699982,134342700,13.51000023,105.3300018,31.60398483,82.95999908,50.87524796,24.63999939,20.27763557
2007-05-02,149.5399933,104.9981384,149.9499969,148.75,87129800,13.07999992,105.2900009,31.59196854,82.86000061,50.81394577,24.65999985,20.29409218
2007-05-03,150.3500061,105.5668793,150.3999939,149.7299957,86569700,13.09000015,105.3000031,31.59495735,82.76999664,50.75873184,24.69000053,20.31878471
2007-05-04,150.9199982,105.9670868,151.1199951,150.2200012,96409000,12.90999985,105.4300003,31.63400269,82.98000336,50.88753128,24.60000038,20.24471474
2007-05-07,150.9499969,105.9881668,151.1999969,150.8099976,63461400,13.14999962,105.4199982,31.63098145,83.05000305,50.93042755,24.65999985,20.29409218
2007-05-08,150.75,105.8477402,150.9199982,150.1300049,80584000,13.21000004,105.5,31.65498352,83.05000305,50.93042755,24.72999954,20.35169792
2007-05-09,151.1600037,106.1356049,152.8200073,150.3699951,102070100,12.88000011,105.2200012,31.57097435,82.77999878,50.76485062,24.76000023,20.37639046
2007-05-10,149.5800018,105.0262451,151.0200043,149.2700043,153617800,13.60000038,105.5999985,31.68499947,82.98999786,50.89366531,24.79000092,20.40107918
2007-05-11,150.8600006,105.9249496,150.9299927,149.7200012,113408900,12.94999981,105.6600037,31.70299721,82.81999969,50.78939438,24.80999947,20.41753578
2007-05-14,150.5299988,105.693222,151.3000031,149.7899933,108027500,13.96000004,105.6500015,31.69999123,82.69999695,50.71578979,24.79000092,20.40107918
2007-05-15,150.5700073,105.7213211,151.6600037,150.1900024,180673300,14.01000023,105.5699997,31.6760006,82.69000244,50.70969009,24.70999908,20.33524323
2007-05-16,151.6000061,106.4444885,151.6300049,150.3800049,114166500,13.5,105.8499985,31.76000214,82.63999939,50.67898178,24.81999969,20.42576599
2007-05-17,151.3000031,106.2339096,151.9600067,151.1100006,101132800,13.51000023,105.8199997,31.75102425,82.41999817,50.54404831,24.87999916,20.47514343
2007-05-18,152.6199951,107.1607208,152.6199951,151.8099976,99182000,12.76000023,105.8499985,31.76000214,82.18000031,50.39690399,24.82999992,20.43399429
2007-05-21,152.5399933,107.1045227,153.2299957,152.5,174664600,13.30000019,105.9499969,31.79001617,82.29000092,50.46435547,24.89999962,20.49160004
2007-05-22,152.4199982,107.0202789,153.1600037,152.3800049,82148800,13.06000042,105.9599991,31.79301262,82.05999756,50.32325363,24.90999985,20.49983215
2007-05-23,152.4400024,107.0343933,153.5,152.3600006,133786600,13.23999977,105.8799973,31.76899529,81.90000153,50.22520828,24.88999939,20.48337364
2007-05-24,151.0599976,106.0653381,153.2100067,150.7400055,187593000,14.07999992,105.9100037,31.77801514,82.01000214,50.29262161,24.93000031,20.51629257
2007-05-25,151.6900024,106.5077591,152.0200043,151.1799927,83309200,13.34000015,106.0599976,31.82300949,81.91999817,50.23745346,24.90999985,20.49983215
2007-05-29,152.2400055,106.8939285,152.5,151.4499969,82020000,13.52999973,105.6399994,31.69701195,81.75,50.13319778,24.92000008,20.50806046
2007-05-30,153.4799957,107.7645493,153.5399933,151.3399963,129013600,12.82999992,105.8799973,31.76899529,81.83000183,50.18228912,24.95999908,20.54097557
2007-05-31,153.3200073,107.6522293,153.8899994,153.1199951,114866700,13.05000019,105.7099991,31.7179985,81.80000305,50.16385269,24.92000008,20.50806046
2007-06-01,154.0800018,108.1858444,154.3999939,153.5099945,107771700,12.77999973,105.1100006,31.71377754,81.12000275,49.94772339,24.93000031,20.51629257
2007-06-04,154.1000061,108.1999359,154.3899994,153.4799957,78008800,13.28999996,105.1999969,31.74094391,81.25,50.02778625,24.82999992,20.43399429
2007-06-05,153.4900055,107.7715683,153.8999939,152.8600006,126917900,13.63000011,105.0500031,31.69565582,80.98999786,49.86769104,24.76000023,20.37639046
2007-06-06,151.8399963,106.6130524,152.9499969,151.75,164096800,14.86999989,104.9199982,31.6564312,81.02999878,49.89235687,24.79999924,20.40930557
2007-06-07,149.1000061,104.6892242,152.5,149.0599976,232414600,17.05999947,104.4300003,31.5086174,80.22000122,49.39360428,24.95999908,20.54097557
2007-06-08,151.0399933,106.0513763,151.1900024,149.0899963,175886000,14.84000015,104.1500015,31.42412758,80.37000275,49.48594666,25.04000092,20.60681725
2007-06-11,151.3000031,106.2339096,151.9499969,150.6999969,102015600,14.71000004,103.9300003,31.35774422,80.16000366,49.35664368,25.10000038,20.65619469
2007-06-12,149.6499939,105.0753174,151.5399933,149.5500031,233898000,16.67000008,103.4000015,31.19783783,79.58999634,49.00569916,25.14999962,20.69734192
2007-06-13,151.8899994,106.6481247,152.0700073,149.7200012,193208200,14.72999954,103.5800018,31.25214195,79.84999847,49.16578674,25.20000076,20.73848915
2007-06-14,152.8600006,107.3292542,153.1199951,152.0299988,146396500,13.64000034,103.6600037,31.27628136,79.87000275,49.17809296,25.22999954,20.76317787
2007-06-15,153.0700073,107.9399109,153.6600037,152.9299927,154030800,13.93999958,103.6399994,31.27024651,80.22000122,49.39360428,25.09000015,20.64796448
2007-06-18,152.8899994,107.8129883,153.3899994,152.6600037,88537500,13.42000008,103.6999969,31.2883625,80.18000031,49.36897278,25.05999947,20.62327385
2007-06-19,153.2700043,108.0809937,153.3800049,152.3600006,110851700,12.85000038,103.8300018,31.32756615,80.56999969,49.60905075,25.06999969,20.63150597
2007-06-20,151.1399994,106.578949,153.5800018,150.9600067,177119700,14.67000008,102.9100037,31.04999542,80.30999756,49.44897842,24.12000084,19.84969711
2007-06-21,151.9799957,107.1712952,152.1100006,150.25,205262000,14.21000004,103.0999985,31.1073246,80.20999908,49.38740921,25.10000038,20.65619469
2007-06-22,150.5500031,106.1629486,151.7700043,149.8500061,204964700,15.75,103.3000031,31.1676712,80.44999695,49.53517151,24.95000076,20.53275299
2007-06-25,149.8300018,105.6551361,151.25,149.0200043,232014400,16.64999962,102.6999969,30.98664284,80.70999908,49.69528961,25.03000069,20.59858704
2007-06-26,148.2899933,104.5692291,150.4600067,148.2799988,198445700,18.88999939,103,31.07715607,80.73000336,49.70760727,24.98999977,20.56567001
2007-06-27,150.3999939,106.0570984,150.5700073,148.0599976,213638000,15.52999973,102.6399994,30.96855354,80.72000122,49.70144653,25.03000069,20.59858704
2007-06-28,150.3800049,106.0430374,151.4100037,149.6699982,157705000,15.53999996,102.0999985,30.80561638,80.66999817,49.67068481,25.03000069,20.59858704
2007-06-29,150.4299927,106.0782471,151.6499939,149.1499939,199701800,16.22999954,101.8099976,30.71810913,81.08999634,49.92925262,24.87999916,20.47514343
2007-07-02,151.7899933,107.0372849,151.9199982,150.7700043,103357000,15.39999962,102,30.95879745,80.90000153,50.00532532,24.75,20.36815834
2007-07-03,152.3399963,107.4251251,152.5,151.9900055,54048400,14.92000008,101.8099976,30.9011364,80.66000366,49.85696411,24.70999908,20.33524323
2007-07-05,152.1799927,107.3123474,152.5599976,151.6300049,89279000,15.47999954,101.4400024,30.78882408,80.20999908,49.57880402,24.82999992,20.43399429
2007-07-06,152.9799957,107.8764496,153.1699982,151.9299927,81109000,14.72000027,101.5500031,30.82219124,80.01999664,49.46136856,24.78000069,20.39285088
2007-07-09,153.1000061,107.9610977,153.3600006,152.6199951,72348100,15.15999985,101.8600006,30.91628075,80.30999756,49.6405983,24.79000092,20.40107918
2007-07-10,150.9199982,106.4237976,152.6100006,150.7700043,180362600,17.56999969,101.5899963,30.83433533,80.86000061,49.98057938,24.62000084,20.26117516
2007-07-11,151.9900055,107.1783752,152.0500031,150.5200043,175607600,16.63999939,100.8300018,30.60365677,80.58000183,49.80750656,24.59000015,20.23648834
2007-07-12,154.3899994,108.8707428,154.75,152.3399963,133882500,15.53999996,101.1299973,30.69473076,80.34999847,49.66536713,24.54999924,20.2035675
2007-07-13,154.8500061,109.1951447,155.4600067,154.3899994,111794300,15.14999962,101.5500031,30.82219124,80.52999878,49.77659607,24.56999969,20.22002602
2007-07-16,154.8300018,109.1810226,155.5299988,154.5800018,98378700,15.59000015,101.5899963,30.83433533,80.84999847,49.97442627,24.55999947,20.21179962
2007-07-17,154.75,109.124588,155.4799957,154.6799927,126201300,15.63000011,101.7099991,30.87076569,80.68000031,49.86933136,24.55999947,20.21179962
2007-07-18,154.4700012,108.9271393,154.8000031,153.3000031,237887400,16,100.9499969,30.64010239,80.97000122,50.04856491,24.54000092,20.19534111
2007-07-19,155.0700073,109.3503036,155.5299988,154.75,145212700,15.22999954,101.0599976,30.67349434,80.95999908,50.04241562,24.53000069,20.18710709
2007-07-20,153.5,108.2431412,154.9900055,152.8300018,245502500,16.95000076,100.8000031,30.59457207,81.36000061,50.28961945,24.48999977,20.15419006
2007-07-23,153.9700012,108.5745621,154.7200012,153.3000031,121183900,16.80999947,100.5800018,30.52782059,81.33000183,50.27109146,24.54000092,20.19534111
2007-07-24,151.3000031,106.6917953,154.2799988,150.7599945,256732400,18.54999924,100,30.35176277,81.55000305,50.40708923,24.35000038,20.03897858
2007-07-25,151.6100006,106.9103928,152.3899994,150.25,265214500,18.10000038,99.05000305,30.06339645,81.66000366,50.47509384,24.55999947,20.21179962
2007-07-26,148.0200043,104.3788452,150.8000031,146.3899994,467592500,20.73999977,97.65000153,29.63847923,82.30999756,50.87683105,24.45000076,20.12127304
2007-07-27,145.1100006,102.3267746,148.8699951,145.0500031,422987600,24.17000008,96.01999664,29.14377975,82.47000122,50.97572708,24.64999962,20.28586388
2007-07-30,147.3800049,103.9275436,147.8099976,145.2899933,283017500,20.87000084,96.94999695,29.42601204,82.26000214,50.84593582,24.69000053,20.31878471
2007-07-31,145.7200012,102.7569656,149.4600067,145.0399933,316976700,23.52000046,97.27999878,29.52618217,82.59999847,51.05607605,24.64999962,20.28586388
2007-08-01,146.4299927,103.2576065,147.0099945,143.9499969,467670000,23.67000008,96.44999695,29.46507454,82.05000305,50.9146347,24.65999985,20.29409218
2007-08-02,147.6000061,104.0826797,147.7599945,145.2599945,294758400,21.21999931,97,29.63311386,82.11000061,50.95186615,24.70000076,20.32701111
2007-08-03,143.8000031,101.4030457,147.5800018,143.1999969,359398200,25.15999985,97,29.63311386,82.63999939,51.2807045,24.46999931,20.13772964
2007-08-06,146.2100067,103.1024628,146.8300018,142.5299988,324980000,22.94000053,96.79000092,29.568964,82.30999756,51.07596207,24.52000046,20.17888069
2007-08-07,147.7700043,104.2025375,149,145.2299957,232568700,21.55999947,97.48000336,29.7797451,82.30000305,51.06975174,24.59000015,20.23648834
2007-08-08,149.8300018,105.6551361,150.5899963,147.3399963,274930600,21.45000076,98.62999725,30.13107681,81.73000336,50.71603775,24.52000046,20.17888069
2007-08-09,145.3899994,102.5242233,148.9499969,145.2899933,357622100,26.47999954,98.52999878,30.10050964,82.19000244,51.00147629,24.70999908,20.33524323
2007-08-10,144.7100067,102.0447235,146.5,143.1199951,411018400,28.29999924,98.33000183,30.0394249,82.06999969,50.92705154,24.72999954,20.35169792
2007-08-13,145.2299957,102.4114075,146.8899994,145.0200043,181917200,26.56999969,99.05000305,30.25935555,82.19999695,51.00771332,24.79999924,20.40930557
2007-08-14,143.0099945,100.845932,146.0599976,142.7200012,264134500,27.68000031,98.27999878,30.02414131,82.5,51.19382095,24.95999908,20.54097557
2007-08-15,141.0399933,99.4567337,144.4600067,140.6199951,323834000,30.67000008,98.83000183,30.19218445,82.65000153,51.2869339,25.06999969,20.63150597
2007-08-16,142.1000061,100.2042465,142.9400024,137,546743700,30.82999992,98.69999695,30.15245819,82.97000122,51.48550034,25,20.57389641
2007-08-17,144.7100067,102.0447235,145.8099976,141.3899994,388218100,29.98999977,99.69999695,30.45793915,83.02999878,51.52276993,24.93000031,20.51629257
2007-08-20,144.6399994,101.9953384,145.4700012,143.2899933,187320400,26.32999992,98.75,30.16776848,83.20999908,51.63444138,24.98999977,20.56567001
2007-08-21,144.9299927,102.1998367,145.9700012,144.1399994,157066400,25.25,98.23999786,30.01192284,83.56999969,51.85785294,25,20.57389641
2007-08-22,146.6499939,103.4127121,146.8000031,145.3300018,173156700,22.88999939,99,30.24410057,83.30000305,51.69029999,24.93000031,20.51629257
2007-08-23,146.5200043,103.3210678,147.6499939,145.6100006,203915300,22.62000084,99.59999847,30.42739296,83.33000183,51.70887756,24.88999939,20.48337364
2007-08-24,148.3300018,104.5974121,148.3300018,146.2799988,128901900,20.71999931,99.84999847,30.50377083,83.36000061,51.72754288,24.78000069,20.39285088
2007-08-27,146.9499969,103.6243057,148.3300018,146.7299957,113024300,22.71999931,100.5,30.70234489,83.58999634,51.87021637,24.76000023,20.37639046
2007-08-28,143.7200012,101.3466187,146.25,143.4600067,219790700,26.29999924,100.1500015,30.5954113,84.01999664,52.13705826,24.76000023,20.37639046
2007-08-29,146.5399933,103.335144,146.7400055,143.9600067,207654200,23.80999947,100.5500031,30.71763229,83.69999695,51.93849945,24.73999977,20.35993195
2007-08-30,146.1499939,103.0601578,147.1900024,145.3099976,191817300,25.05999947,100.7600021,30.78178978,84.12000275,52.19908905,24.85000038,20.45045662
2007-08-31,147.5899963,104.075592,148.5,146.8300018,185477500,23.37999916,101.6699982,31.05978584,84.13999939,52.21151733,24.79000092,20.40107918
2007-09-04,149.0800018,105.1263275,149.9799957,147.3999939,120062000,22.78000069,101.75,31.27584839,83.65000153,52.11437225,24.82999992,20.43399429
2007-09-05,147.7899933,104.2166443,148.3600006,147,166261800,24.57999992,101.7900009,31.28816986,84.16999817,52.43824387,24.73999977,20.35993195
2007-09-06,148.1300049,104.456398,148.6100006,147.1199951,127878400,23.98999977,101.7300034,31.26973343,83.98999786,52.32616806,24.67000008,20.30232239
2007-09-07,146.0700073,103.0037689,146.8899994,145.2599945,235447600,26.22999954,100.5699997,30.91317558,84.88999939,52.88690567,24.53000069,20.18710709
2007-09-10,145.7899933,102.8063278,146.7200012,144.3300018,192305900,27.37999916,101,31.04533577,85.08000183,53.00524521,24.5,20.16242027
2007-09-11,147.4900055,104.0050888,147.6999969,146.1300049,162081900,25.27000046,101.8300018,31.300457,84.90000153,52.89310837,24.53000069,20.18710709
2007-09-12,147.8699951,104.2730179,148.4400024,146.9799957,149554600,24.95999908,102.2900009,31.44184113,84.69000244,52.76224136,24.40999985,20.08835602
2007-09-13,148.9100037,105.0063705,149.4499969,148.1999969,154079000,24.76000023,101.9300003,31.33120155,84.19000244,52.45075989,24.47999954,20.14596367
2007-09-14,148.8999939,104.9993591,149.0899963,147.7400055,121911000,24.92000008,102.8899994,31.6262989,84.30000305,52.51927185,24.54000092,20.19534111
2007-09-17,148.1000061,104.4352722,148.6499939,147.6300049,109870800,26.47999954,103.3600006,31.7707386,84.34999847,52.55044556,24.52000046,20.17888069
2007-09-18,152.4600067,107.5097885,152.5,148.1300049,263759500,20.35000038,104.0999985,31.99821091,84.26000214,52.49439621,24.44000053,20.11304283
2007-09-19,153.3600006,108.1444321,154.3899994,152.7100067,193779900,20.03000069,106.0899963,32.60989761,83.95999908,52.30744934,24.43000031,20.10481071
2007-09-20,152.2799988,107.3828201,153.4299927,152.1100006,175186800,20.45000076,103.4899979,31.81070137,83.01000214,51.71559525,24.25,19.95668221
2007-09-21,151.9700012,107.6726456,153.1199951,151.7400055,141457500,19,103.75,31.89061165,83.43000031,51.97725677,24.26000023,19.96491051
2007-09-24,151.6900024,107.4742508,152.8200073,151.3600006,139450200,19.37000084,104.4499969,32.10577393,83.54000092,52.045784,24.25,19.95668221
2007-09-25,151.3899994,107.261673,151.6600037,150.4700012,142289900,18.60000038,104.6999969,32.18265915,83.55000305,52.05202866,24.19000053,19.90730476
2007-09-26,152.1900024,107.8284454,152.7700043,151.3899994,135547000,17.62999916,104.3199997,32.0658226,83.58000183,52.07073212,24.27000046,19.97314072
2007-09-27,153.0899963,108.4661789,153.1000061,152.1900024,102713300,17,104,31.9674778,83.84999847,52.23894501,24.22999954,19.94022179
2007-09-28,152.5800018,108.1048126,153.1900024,151.9799957,133372100,18,104,31.9674778,83.87999725,52.25762177,24.04999924,19.79209137
2007-10-01,154.3000031,109.3234253,154.75,152.5,148162300,17.84000015,103.75,32.08965302,83.66999817,52.32014465,24.07999992,19.81678009
2007-10-02,154.0899963,109.1746979,154.6499939,153.8099976,112978800,18.48999977,103.9499969,32.15149689,83.84999847,52.43270493,24.22999954,19.94022179
2007-10-03,153.7799988,108.955101,154.4100037,153.0099945,119055900,18.79999924,103.4000015,31.98138618,83.79000092,52.39519882,24.29999924,19.99782753
2007-10-04,154.0200043,109.1250992,154.2599945,153.5899963,76864400,18.44000053,103.8399963,32.11748505,83.94000244,52.48894882,24.27000046,19.97314072
2007-10-05,155.8500061,110.4216461,156.1000061,154.6300049,134579700,16.90999985,103.9000015,32.13602066,83.19999695,52.02626419,24.22999954,19.94022179
2007-10-08,155.0200043,109.8335876,155.4900055,154.7700043,71280400,17.45999908,104.25,32.24428558,83.5,52.21382523,24.37999916,20.06366539
2007-10-09,156.4799957,110.8680496,156.5,155.0299988,94054300,16.12000084,104.3300018,32.2690506,83.23999786,52.05127716,24.29000092,19.98959923
2007-10-10,156.2200012,110.6838226,156.4400024,155.4100037,101711100,16.67000008,104.2399979,32.24118805,83.31999969,52.10132217,24.21999931,19.93199348
2007-10-11,155.4700012,110.15242,157.5200043,154.5399933,233529100,18.87999916,104.3899994,32.28759766,83.33000183,52.10755157,24.23999977,19.94845009
2007-10-12,156.3300018,110.7617645,156.3500061,155.2700043,124546700,17.72999954,104.5,32.32160187,83.05000305,51.93248367,24.20000076,19.91553497
2007-10-15,155.0099945,109.826561,156.3600006,153.9400024,161151900,19.25,105,32.4762764,83.12999725,51.98248672,24.17000008,19.89084435
2007-10-16,153.7799988,108.955101,154.5200043,153.4700012,166525700,20.02000046,104.5999985,32.35255432,83.36000061,52.12631226,24.20000076,19.91553497
2007-10-17,154.25,109.2880707,155.0899963,152.4700012,216687300,18.54000092,103.3099976,31.95355225,83.87000275,52.44524002,24.19000053,19.90730476
2007-10-18,153.6900024,108.8912888,154.1900024,153.0800018,148367500,18.5,103.2600021,31.93808937,84.19000244,52.64533615,24.04000092,19.78385735
2007-10-19,149.6699982,106.0430298,156.4799957,149.6600037,297169900,22.95999908,102.8000031,31.79581642,84.91000366,53.0955162,23.98999977,19.74271202
2007-10-22,150.5399933,106.6594162,150.7599945,148.6600037,261989800,21.63999939,101.8499985,31.50197411,84.75,52.99546432,24.19000053,19.90730476
2007-10-23,151.7599945,107.5238113,151.9499969,150.25,180085100,20.40999985,102.6999969,31.76484489,84.73000336,52.98299408,24.04000092,19.78385735
2007-10-24,151.4799957,107.3254013,151.7400055,148.8399963,326694200,20.79999924,102.6999969,31.76484489,85.16000366,53.25188828,24,19.75094032
2007-10-25,151.8399963,107.580513,152.2899933,149.8800049,237374500,21.17000008,102.8499985,31.8112793,85.08999634,53.20806503,23.95000076,19.70979309
2007-10-26,153.6199951,108.8416519,153.6199951,151.8999939,176484000,19.55999947,103.0899963,31.88551331,84.87999725,53.07677841,23.85000038,19.62750053
2007-10-29,154.1300049,109.2030182,154.4400024,153.5500031,106841000,19.87000084,103.4000015,31.98138618,84.94999695,53.12056351,23.80999947,19.5945797
2007-10-30,153.0599976,108.4448776,153.75,152.8699951,132981600,21.06999969,103.1999969,31.91951752,85.04000092,53.17683411,23.86000061,19.63573074
2007-10-31,154.6499939,109.5714111,155.2700043,152.8399963,220954400,18.53000069,103.8499985,32.12055588,84.47000122,52.82043457,23.75,19.54520416
2007-11-01,151.0299988,107.0066299,153.4100037,150.5899963,333040800,23.20999908,102.5,31.91196442,84.86000061,53.25151062,23.82999992,19.61103821
2007-11-02,151.1999969,107.1270294,152,149.2100067,331228200,23.01000023,102.25,31.83412743,85.08999634,53.3958168,23.60000038,19.42175865
2007-11-05,150.0500031,106.3122711,151.1600037,148.9700012,226841000,24.30999947,102.1999969,31.81856346,84.98999786,53.33309555,23.71999931,19.52051544
2007-11-06,152.0700073,107.7434998,152.1100006,149.8999939,177800500,21.38999939,102.7300034,31.98358917,84.83999634,53.23895264,23.63999939,19.45467377
2007-11-07,147.9100037,104.7960892,151.1300049,147.5500031,306639700,26.48999977,102.5999985,31.94310379,85.15000153,53.4335022,23.52000046,19.35592461
2007-11-08,147.1600037,104.2646484,148.3999939,145.0700073,374509900,26.15999985,101.3000031,31.53837204,85.33999634,53.5527153,23.5,19.33946419
2007-11-09,145.1399994,102.8334579,147.5399933,144.8899994,277745100,28.5,101.75,31.67846107,85.84999847,53.8727417,23.5,19.33946419
2007-11-12,143.6999969,101.8132095,146.6100006,143.6999969,243087800,31.09000015,102.1500015,31.8029995,86,53.96686172,23.71999931,19.52051544
2007-11-13,148.0800018,104.916481,148.3099976,145.2200012,191117400,24.10000038,101.75,31.67846107,85.55999756,53.69078827,23.62999916,19.44644928
2007-11-14,147.6699982,104.6260452,149.3999939,146.7799988,230558800,25.94000053,102,31.75629997,85.62000275,53.72843552,23.63999939,19.45467377
2007-11-15,145.5399933,103.1169205,147.4900055,144.5200043,263111100,28.05999947,101.9700012,31.74697495,86.09999847,54.02965164,23.70000076,19.50405502
2007-11-16,145.7899933,103.2940292,146.4700012,144.5700073,308770600,25.48999977,102,31.75629997,86.09999847,54.02965164,23.67000008,19.47936821
2007-11-19,143.7599945,101.8557205,145.3600006,143.1900024,267746000,26.01000023,102,31.75629997,86.72000122,54.41871262,23.60000038,19.42175865
2007-11-20,144.6399994,102.4792023,145.5299988,142.1100006,414767500,24.87999916,101,31.44498825,86.48999786,54.27438736,23.37999916,19.2407074
2007-11-21,141.6799927,100.382019,143.9100037,141.6699982,259012400,26.84000015,99.09999847,30.85342789,87.16999817,54.70108414,23.26000023,19.14195633
2007-11-23,144.1300049,102.1178894,144.3399963,142.6999969,77688400,25.61000061,98.91000366,30.79427528,86.91000366,54.53790665,23.43000031,19.28185844
2007-11-26,140.9499969,99.86480713,144.8800049,140.6600037,214232000,28.90999985,100,31.13363075,88.09999847,55.28470612,23.30999947,19.18309975
2007-11-27,142.5700073,101.0126114,143.2299957,140.9499969,293897900,26.28000069,100.1500015,31.18031883,87.27999878,54.77009583,23.44000053,19.29008484
2007-11-28,147.1300049,104.243454,147.4700012,144.1399994,258596900,24.11000061,101.0999985,31.47609138,86.97000122,54.57559967,23.51000023,19.34769058
2007-11-29,147.1799927,104.2788239,147.7200012,146.1000061,199409900,23.96999931,101.5999985,31.63178253,87.45999908,54.88308716,23.63999939,19.45467377
2007-11-30,148.6600037,105.3274384,149.8699951,147.3300018,222908000,22.87000084,102.0100021,31.75941086,87.58000183,54.95838547,23.81999969,19.60280991
2007-12-03,147.6799927,104.6330795,148.4499969,147.2899933,146430400,23.61000061,102.3899994,32.07963181,87.62999725,55.17559052,23.77000046,19.56166267
2007-12-04,146.3600006,103.6978683,147.5399933,146.3099976,136533900,23.79000092,102,31.95744896,87.70999908,55.22595215,23.60000038,19.42175865
2007-12-05,148.8099976,105.4337158,149.1999969,147.8300018,171130000,22.53000069,100.8000031,31.58146858,87.37999725,55.01818466,23.88999939,19.66041756
2007-12-06,150.9400024,106.9428711,151.2100067,148.5700073,154457400,20.95999908,101.6999969,31.86344337,86.91999817,54.72855759,23.87999916,19.65218735
2007-12-07,150.9100037,106.9216156,151.5,150.5500031,148980100,20.85000038,101.6500015,31.84779549,86.36000061,54.37597275,23.92000008,19.68510818
2007-12-10,152.0800018,107.7505569,152.25,150.8600006,123914300,20.73999977,101.5,31.80079842,86.16000366,54.25004578,23.75,19.54520416
2007-12-11,147.9100037,104.7960892,152.8899994,147.8300018,250346400,23.59000015,101.4000015,31.76944923,87.33999634,54.9929924,23.70000076,19.50405502
2007-12-12,149.3699951,105.8304443,151.7700043,147.1999969,322435600,22.46999931,101.9499969,31.94175911,86.61000061,54.53335571,23.79000092,19.57812309
2007-12-13,149.0599976,105.6108398,149.3899994,147.3000031,237551300,22.55999947,101.9000015,31.92610359,85.97000122,54.13043213,23.87000084,19.64395714
2007-12-14,147.1699982,104.2717743,149.1000061,147.1000061,159152900,23.27000046,102.0500031,31.97310448,85.72000122,53.97299957,24.17000008,19.89084435
2007-12-17,145.0700073,102.7838974,146.8699951,144.8600006,177269400,24.52000046,101.5,31.80079842,86.23000336,54.29405594,24.17000008,20.05680847
2007-12-18,145.8800049,103.357811,146.4799957,143.9600067,245569300,22.63999939,101.5999985,31.83210754,86.40000153,54.40116119,23.94000053,19.86595154
2007-12-19,145.8800049,103.357811,146.8899994,144.9400024,198917200,21.68000031,102.0999985,31.98876762,87.08999634,54.83560181,24.01000023,19.92403793
2007-12-20,146.8000031,104.0096054,146.8600006,145.1799927,214813800,20.57999992,101.8799973,31.91982841,86.94999695,54.74743271,24.04999924,19.95722961
2007-12-21,148.1300049,105.5089722,148.4199982,147.0899963,146084400,18.46999931,102.1999969,32.02009964,86.31999969,54.35077286,24.11000061,20.00702095
2007-12-24,149.2299957,106.2924347,149.4799957,148.4799957,45601400,18.60000038,101.8399963,31.90731049,86.06999969,54.19334412,23.95000076,19.8742485
2007-12-26,149.5500031,106.5203705,149.6799927,148.5,67093100,18.65999985,101.3899994,31.76632118,85.66000366,53.93518829,23.86000061,19.79956627
2007-12-27,147.6699982,105.1813278,149.0299988,147.3200073,122981700,20.26000023,101.4899979,31.97585487,85.91999817,54.29730988,23.70999908,19.67509079
2007-12-28,147.3000031,104.9177628,148.6100006,146.8999939,116398100,20.73999977,100.5,31.66391373,86.61000061,54.7333374,23.54999924,19.54231834
2007-12-31,146.2100067,104.1413879,147.6100006,146.0599976,108126800,22.5,100.7200012,31.73323059,87.01000214,54.98612976,23.70000076,19.66679382
2008-01-02,144.9299927,103.2296677,146.9900055,143.8800049,204935600,23.17000008,99.5,31.34885025,87.62999725,55.37794113,23.48999977,19.49253082
2008-01-03,144.8600006,103.1798019,145.4900055,144.0700073,125133300,22.48999977,99.30999756,31.28900146,87.80999756,55.49174881,23.54000092,19.53402519
2008-01-04,141.3099976,100.6512146,143.4400024,140.9100037,232330900,23.94000053,99.19999695,31.2543354,88.04000092,55.6370163,23.29000092,19.3265686
2008-01-07,141.1900024,100.5658264,142.2299957,140.1000061,234991000,23.79000092,98.61000061,31.06845284,88.19999695,55.73819351,23.52000046,19.51742554
2008-01-08,138.9100037,98.94178772,142.8999939,138.4400024,326365700,25.43000031,98.04000092,30.88886642,88.38999939,55.85824203,23.48999977,19.49253082
2008-01-09,140.3699951,99.98171234,140.7899933,137.6999969,301824900,24.12000084,96.97000122,30.55173874,88.25,55.7697525,23.67000008,19.64189911
2008-01-10,141.2899933,100.6370087,142.8000031,139.3699951,335701200,23.45000076,97.69000244,30.77859688,88.01000214,55.61814117,23.44000053,19.45103836
2008-01-11,140.1499939,99.82499695,141.8999939,139,267076600,23.68000031,97.90000153,30.84474754,88.56999969,55.97200394,23.54999924,19.54231834
2008-01-14,141.2799988,100.6298981,141.8600006,140.3999939,170365500,22.89999962,97.55999756,30.7376442,88.61000061,55.99728012,23.43000031,19.44273758
2008-01-15,138.1699982,98.41474152,141.4900055,137.8999939,239940100,23.34000015,97.80999756,30.81640625,89.19000244,56.36381149,23.40999985,19.42614555
2008-01-16,136.9799957,97.56708527,139.1199951,136.2799988,378802600,24.37999916,97.69999695,30.78173828,89.01999664,56.25634003,23.70000076,19.66679382
2008-01-17,133.4299927,95.0385437,137.8800049,132.9299927,397892600,28.45999908,97.01000214,30.56436157,89.73999786,56.71136856,23.65999985,19.63360023
2008-01-18,132.0599976,94.06271362,135.0200043,131.1000061,348561500,27.18000031,97.76999664,30.80381012,89.61000061,56.6292038,23.72999954,19.69168854
2008-01-22,130.7200012,93.10827637,132.4299927,126,435923700,31.01000023,97.08999634,30.58953857,90.61000061,57.26112747,23.77000046,19.72488213
2008-01-23,133.8600006,95.34480286,134.1900024,126.8399963,511913000,29.02000046,97.27999878,30.64939117,90.19000244,56.99576187,23.70000076,19.66679382
2008-01-24,134.9900055,96.1496582,135.4600067,133.3099976,259949300,27.78000069,98.5,31.03378677,89.37000275,56.47754669,23.5,19.50082779
2008-01-25,133.0399933,94.76077271,136.7599945,132.6000061,269603900,29.07999992,98.65000153,31.08105087,90.19999695,57.00209808,23.55999947,19.55061722
2008-01-28,135.2400055,96.32775879,135.5200043,132.0599976,217934600,27.78000069,98.19999695,30.93928337,89.87000275,56.79351425,23.40999985,19.42614555
2008-01-29,135.9100037,96.80500031,136.4499969,134.8800049,168968300,27.31999969,98.30000305,30.97078705,89.51000214,56.56600571,23.39999962,19.41784477
2008-01-30,134.9100037,96.0927124,138.5399933,134.6000061,334939200,27.62000084,98.68000031,31.09050941,89.47000122,56.54076767,23.26000023,19.30167007
2008-01-31,137.3699951,97.84487152,138.5399933,133.1999969,343680800,26.20000076,98.87999725,31.15350342,89.93000031,56.83144379,23.44000053,19.45103836
2008-02-01,139.5800018,99.41905212,139.6100006,137.5200043,206843600,24.02000046,98.26999664,31.17063904,89.94000244,57.01588821,23.53000069,19.5257225
2008-02-04,137.8200073,98.1654129,139.3000031,137.6399994,124694300,25.98999977,98.29000092,31.17699051,89.44000244,56.69897079,23.48999977,19.49253082
2008-02-05,134.1300049,95.53712463,136.25,133.6699982,286882500,28.23999977,97.5,30.92640495,90.06999969,57.09830856,23.73999977,19.6999855
2008-02-06,133.0500031,94.76789856,135.25,132.4100037,250792900,28.96999931,97.30000305,30.86296654,89.91000366,56.99690628,23.73999977,19.6999855
2008-02-07,133.9299927,95.39468384,134.7899933,131.7299957,297368100,27.65999985,96.88999939,30.73292732,88.90000153,56.35660172,23.96999931,19.89084435
2008-02-08,133.0700073,94.78208923,134.2200012,132.1000061,221643500,28.01000023,96.16000366,30.50138283,89.65000153,56.83201599,23.89999962,19.83275795
2008-02-11,133.75,95.2664566,134.2299957,132.0399933,188576300,27.60000038,95.40000153,30.26029968,89.84999847,56.95882797,23.85000038,19.7912674
2008-02-12,134.9900055,96.1496582,136.3099976,133.9799957,256654400,26.32999992,95.76000214,30.37450218,89.66000366,56.83839798,23.77000046,19.72488213
2008-02-13,136.3699951,97.13261414,137.0599976,135.1399994,181967800,24.87999916,95.51000214,30.29519272,89.27999878,56.59757614,23.80999947,19.75807381
2008-02-14,135.1699982,96.27787018,137,134.7899933,215207200,25.54000092,95.98000336,30.44428825,88.79000092,56.28689575,23.72999954,19.69168854
2008-02-15,135.1399994,96.25654602,135.2200012,133.9100037,154110300,25.02000046,95.73999786,30.36815071,88.98000336,56.40738678,23.72999954,19.69168854
2008-02-19,135.5200043,96.52722168,136.8899994,134.6100006,145190000,25.59000015,95.25,30.21270943,88.33999634,56.00160599,23.69000053,19.65849495
2008-02-20,135.9199982,96.81208801,136.5500031,133.7599945,220085700,24.39999962,95.5,30.29201698,88.26000214,55.95085907,23.70000076,19.66679382
2008-02-21,134.7899933,96.00717163,137.0099945,134.0700073,201051200,25.12000084,95.83000183,30.39670181,89.16999817,56.52775574,23.53000069,19.5257225
2008-02-22,135.6199951,96.59838104,135.8500061,132.8600006,205491000,24.05999947,96,30.45061684,88.91999817,56.36927032,23.26000023,19.30167007
2008-02-25,137.3300018,97.81642151,137.6499939,134.7799988,190107000,23.03000069,96.29000092,30.54260445,88.33000183,55.99528885,23.37999916,19.40125084
2008-02-26,138.3600006,98.55008698,138.9499969,136.5,212420700,21.89999962,96.91000366,30.73925781,88.55000305,56.13473511,23.21999931,19.26847649
2008-02-27,138.2200012,98.45030212,139.1399994,137.4100037,168395800,22.69000053,96.88999939,30.73292732,88.76000214,56.26789093,23.06999969,19.14400482
2008-02-28,136.8699951,97.48875427,137.9600067,136.5500031,170831100,23.53000069,96.75,30.68852234,89.80000305,56.92716217,22.94000053,19.03612709
2008-02-29,133.8200073,95.31633759,135.6799927,132.7799988,252715200,26.54000092,96.37999725,30.57116318,90.76000214,57.53574753,22.95000076,19.04442596
2008-03-03,133.5,95.08839417,133.8099976,132.2400055,189483500,26.28000069,95.79000092,30.57945442,90.25,57.3894577,22.89999962,19.00293541
2008-03-04,132.9900055,94.7251358,133.3999939,130.9900055,282513100,25.52000046,95.68000031,30.54436493,89.91000366,57.17326736,22.95999908,19.05272484
2008-03-05,133.8300018,95.32343292,134.7700043,132.3399963,270681400,24.60000038,95.94999695,30.63052368,89.51999664,56.92528534,22.85000038,18.96144676
2008-03-06,131.0599976,93.35045624,133.2200012,130.5500031,247911700,27.54999924,95.69999695,30.55072975,90.23999786,57.38316345,22.72999954,18.86186218
2008-03-07,129.7100067,92.38887787,131.7400055,128.5800018,326434600,27.48999977,95.5,30.48687172,90.55000305,57.58021545,22.79999924,18.9199543
2008-03-10,128,91.17087555,129.9299927,127.5899963,235683600,29.37999916,95.27999878,30.41664124,91.19999695,57.99356842,22.72999954,18.86186218
2008-03-11,132.6000061,94.44731903,132.7200012,128.9499969,341440600,26.36000061,95.51999664,30.49324608,90.20999908,57.36407852,22.87999916,18.98633575
2008-03-12,131.3600006,93.56414032,133.7700043,131.1600037,229161100,27.21999931,95.5,30.48687172,91.25,58.02538681,22.47999954,18.65440941
2008-03-13,131.6499939,93.77070618,132.6399994,128.6000061,351504200,27.29000092,94.83000183,30.27300644,90.76999664,57.72010422,22.42000008,18.60462189
2008-03-14,129.6100006,92.31764221,132.8099976,127.7799988,484687800,31.15999985,94.26000214,30.09100342,91.70999908,58.31788635,22.45999908,18.63781166
2008-03-17,128.3000031,91.38458252,129.2599945,126.0699997,405311100,32.24000168,93.81999969,29.95056343,92.16999817,58.61042023,22.27000046,18.48014641
2008-03-18,133.6300049,95.18103027,133.6900024,129.9799957,334416600,25.79000092,95.19999695,30.39109612,91.54000092,58.20978165,22.53000069,18.69589806
2008-03-19,130.3200073,92.82337952,134.6499939,130.0399933,345971600,29.84000015,95.30000305,30.42301941,92.33000183,58.71216583,22.54999924,18.71249771
2008-03-20,132.0800018,94.54272461,132.9100037,129.2599945,245320700,26.62000084,95.75,30.56668282,92.52999878,58.83929825,22.79000092,18.91165352
2008-03-24,134.7200012,96.43242645,135.8099976,133.2400055,208977300,25.72999954,96.48000336,30.79971695,90.90000153,57.802845,23.12999916,19.19379234
2008-03-25,134.8500061,96.52552795,135.5500031,133.7700043,192947200,25.71999931,96.73000336,30.87952423,91.22000122,58.00631332,22.62000084,18.77058411
2008-03-26,133.1999969,95.34443665,135.0899963,133.1100006,196934300,26.07999992,96.5,30.80612183,91.29000092,58.05085754,22.29999924,18.50503922
2008-03-27,132.7799988,95.0437851,134.4400024,132.3600006,225153200,25.87999916,96.19000244,30.70712852,91.16999817,57.97449875,22.34000015,18.5382328
2008-03-28,131.5099945,94.13469696,133.3600006,131.0599976,180896100,25.70999908,96.23999786,30.72311211,91.52999878,58.20344925,22.36000061,18.55483246
2008-03-31,131.9700012,94.46398926,132.7299957,131.0899963,166692100,25.61000061,96.66999817,30.86040688,91.69000244,58.30522156,22.39999962,18.58802414
2008-04-01,136.6100006,97.7852478,136.8399963,133.5099945,254547300,22.68000031,96.44999695,30.99600601,90.58000183,57.79536438,22.75,18.87846184
2008-04-02,136.6999969,97.84973907,137.6699982,135.9799957,210910800,23.43000031,96.5,31.01205635,90.27999878,57.60394287,22.53000069,18.69589806
2008-04-03,137.0399933,98.0930481,137.4400024,135.7100067,175884800,23.20999908,96.33000183,30.95742989,90.27999878,57.60394287,22.61000061,18.76228523
2008-04-04,136.8899994,97.9857254,137.9600067,136.1199951,204446800,22.45000076,96.69999695,31.07634544,90.97000122,58.04418564,22.38999939,18.57972336
2008-04-07,136.9600067,98.03582764,138.5700073,136.7400055,154245500,22.42000008,97.47000122,31.32377434,90.37000275,57.66139603,22.54999924,18.71249771
2008-04-08,136.8200073,97.93561554,136.9199982,135.9499969,148937300,22.36000061,97.80000305,31.42986107,90.37999725,57.66776657,22.54999924,18.71249771
2008-04-09,135.8300018,97.2269516,136.8000031,134.8899994,195610600,22.80999947,96.94999695,31.15666962,90.91999817,58.01231003,22.39999962,18.58802414
2008-04-10,136.0200043,97.36296082,136.6699982,134.8999939,192967800,21.97999954,97.30000305,31.26914787,90.55999756,57.78262329,22.5,18.67100525
2008-04-11,133.3800049,95.47323608,135.1199951,133.0099945,222973300,23.45999908,96.51999664,31.01846886,90.94999695,58.03144455,22.42000008,18.60462189
2008-04-14,132.9299927,95.15113831,133.5399933,132.5500031,160522000,23.81999969,96.86000061,31.12776184,90.72000122,57.88472366,22.42000008,18.60462189
2008-04-15,133.2400055,95.37304688,133.6900024,132.3300018,172389200,22.78000069,96.84999847,31.12453651,90.30999756,57.62311172,22.45000076,18.6295166
2008-04-16,136.8500061,97.95709229,136.9100037,134.5200043,189268900,20.53000069,97.26999664,31.25949478,89.69999695,57.23387527,22.22999954,18.44695473
2008-04-17,137.0500031,98.10027313,137.25,135.6600037,179665700,20.37000084,97.37000275,31.29166031,89.48999786,57.09986877,22.35000038,18.54653358
2008-04-18,138.4799957,99.12384796,139.5599976,138.2599945,218530600,20.12999916,98.02999878,31.50375748,89.40000153,57.04243851,22.5,18.67100525
2008-04-21,138.5500031,99.17395782,138.9799957,137.8500061,118587400,20.5,97.87000275,31.45233727,89.41000366,57.04885864,22.32999992,18.52993584
2008-04-22,137.9400024,98.73729706,138.3099976,136.8999939,162166000,20.87000084,98,31.494133,89.48000336,57.09353638,22.25,18.46355057
2008-04-23,137.7200012,98.57983398,138.7799988,137.1199951,193309000,20.26000023,98.40000153,31.62265396,89.38999939,57.03607941,22.39999962,18.58802414
2008-04-24,138.3200073,99.00931549,139.7400055,137.0399933,229381300,20.05999947,98.43000031,31.6323204,88.69000244,56.58944702,22.64999962,18.79548073
2008-04-25,139.6000061,99.92550659,139.8899994,137.9100037,190788100,19.59000015,98.90000153,31.78336906,88.56999969,56.51288986,22.70999908,18.84526634
2008-04-28,139.6300049,99.9469986,140.25,139.3800049,105610200,19.63999939,99.48000336,31.96973801,88.73000336,56.61498642,22.68000031,18.82037735
2008-04-29,139.0800018,99.55332947,139.7299957,138.6100006,125514100,20.23999977,99.19000244,31.87655449,88.88999939,56.7170639,22.77000046,18.89505768
2008-04-30,138.2599945,98.96630859,140.5899963,138.2599945,208395900,20.79000092,99.29000092,31.90867043,89.16999817,56.89573288,22.61000061,18.76228523
2008-05-01,141.1199951,101.0135574,141.1199951,138.2700043,187279500,18.87999916,100.8199997,32.58676147,88.87999725,56.88929367,22.79999924,18.9199543
2008-05-02,141.5099945,101.2927322,142.3699951,140.5599976,181585500,18.18000031,99.80000305,32.25711441,88.16000366,56.42848206,22.92000008,19.01953316
2008-05-05,140.8300018,100.8059616,141.6100006,140.4100037,118504500,18.89999962,99.63999939,32.20540237,88.29000092,56.51168442,22.80999947,18.92825127
2008-05-06,142.0500031,101.6792297,142.1999969,139.6900024,179339800,18.20999908,98.93000031,31.97591209,88.01000214,56.33242416,22.72999954,18.86186218
2008-05-07,139.5200043,99.8682785,142.0399933,139.1300049,199267300,19.72999954,99,31.99851608,88.36000061,56.55643845,22.87999916,18.98633575
2008-05-08,139.1600037,99.61060333,140.3200073,138.9799957,178321200,19.39999962,98.79000092,31.93066216,88.93000031,56.9213028,22.87999916,18.98633575
2008-05-09,138.8999939,99.42447662,139.3899994,138.4499969,152588200,19.40999985,99,31.99851608,89.02999878,56.98530579,22.72999954,18.86186218
2008-05-12,140.4600067,100.541153,140.5599976,138.7299957,147865900,17.79000092,98.87000275,31.9565258,88.87999725,56.88929367,22.70000076,18.83696938
2008-05-13,140.4799957,100.5554199,140.8899994,139.7299957,159132200,17.97999954,98.83999634,31.94683456,88.13999939,56.41569519,22.79999924,18.9199543
2008-05-14,140.7700043,100.7630081,142.1999969,140.4600067,181910800,17.65999985,98.69999695,31.90155983,88.11000061,56.39645386,22.82999992,18.94484711
2008-05-15,142.5299988,102.0228271,142.6300049,140.8300018,166927000,16.29999924,98.95999908,31.98558807,88.59999847,56.71008682,22.80999947,18.92825127
2008-05-16,142.6600037,102.1158981,142.8699951,141.6100006,204236800,16.46999931,99.09999847,32.03083801,88.44999695,56.61406708,22.59000015,18.74568939
2008-05-19,143.0500031,102.3950577,144.3000031,142.3000031,165664400,17.01000023,99.48999786,32.15690994,88.65000153,56.74207306,22.70999908,18.84526634
2008-05-20,141.8899994,101.5647354,142.3399963,141,178552100,17.57999992,99.30000305,32.09551239,88.91999817,56.91493607,22.47999954,18.65440941
2008-05-21,139.4900055,99.84679413,142.1199951,139,252724800,18.59000015,99.12000275,32.03731537,88.70999908,56.78050613,22.31999969,18.52163887
2008-05-22,139.5099945,99.8611145,140.1699982,139,170820400,18.04999924,98.97000122,31.9888401,88.12999725,56.40922928,22.45999908,18.63781166
2008-05-23,137.6399994,98.52254486,139.6600037,137.5200043,181376400,19.54999924,98.37999725,31.79814911,88.51999664,56.65886307,22.32999992,18.52993584
2008-05-27,138.6600037,99.25273132,139,137.5299988,168322900,19.63999939,97.83000183,31.62035751,88.08999634,56.38363266,22.45999908,18.63781166
2008-05-28,139.3000031,99.71082306,140,138,181288100,19.06999969,98.30999756,31.77551079,87.43000031,55.96123886,22.55999947,18.72079659
2008-05-29,140,100.2118835,140.9299927,139.0800018,173927200,18.13999939,98.20999908,31.74316216,87.01999664,55.6987648,22.73999977,18.87016487
2008-05-30,140.3500061,100.4623947,140.7400055,139.9400024,117362000,17.82999992,98.22000122,31.74642754,87.30999756,55.88441086,22.70999908,18.84526634
2008-06-02,138.8999939,99.42447662,139.8600006,138,181069900,19.82999992,96.77999878,31.48420906,87.51999664,56.2164917,22.68000031,18.82037735
2008-06-03,138.0899963,98.84468079,139.6199951,137.2299957,271965700,20.23999977,96.84999847,31.50697517,87.98000336,56.51194,22.79999924,18.9199543
2008-06-04,138.0200043,98.79460907,139.1600037,137.4600067,246637700,20.79999924,96.75,31.47446823,87.66000366,56.30639267,22.86000061,18.96974182
2008-06-05,140.7799988,100.7701721,140.8899994,138.3200073,237867100,18.62999916,97.16999817,31.61108589,87.19999695,56.01094818,22.75,18.87846184
2008-06-06,136.2899933,97.55621338,139.8000031,136.2200012,384276300,23.55999947,96.90000153,31.52325249,87.95999908,56.49907684,22.48999977,18.66270638
2008-06-09,136.6199951,97.79244995,137.5,135.4100037,228263900,23.12000084,97.20999908,31.62409782,87.33000183,56.09443665,22.68000031,18.82037735
2008-06-10,135.9400024,97.3057251,137.1000061,135.3500061,260234900,23.18000031,97.25,31.6371212,86.80999756,55.76045227,22.92000008,19.01953316
2008-06-11,133.9400024,95.87410736,136.2599945,133.9299927,283890100,24.12000084,97.23000336,31.63061333,86.90000153,55.81822968,22.77000046,18.89505768
2008-06-12,134.4499969,96.23918152,135.8699951,133.5200043,252791800,23.32999992,97.06999969,31.57857132,86.13999939,55.33005524,22.95999908,19.05272484
2008-06-13,136.1499939,97.45601654,136.5200043,134.4199982,244726900,21.21999931,97.5,31.71844673,85.94000244,55.20159531,22.98999977,19.07761955
2008-06-16,136.2299957,97.51329041,136.9299927,135.4600067,185832500,20.95000076,96.15000153,31.27926254,85.94999695,55.20799255,22.88999939,18.99463654
2008-06-17,135.5700073,97.04086304,137.1199951,135.3699951,191707700,21.12999916,96.31999969,31.33457756,86.23999786,55.39429474,22.84000015,18.95314598
2008-06-18,134.25,96.09600067,135.5200043,133.7100067,265893000,22.23999977,96.52999878,31.40288544,86.70999908,55.69618988,22.81999969,18.93654823
2008-06-19,134.4199982,96.21769714,135.2400055,133.5,304204900,21.57999992,95.91999817,31.20445633,86.20999908,55.37501907,22.84000015,18.95314598
2008-06-20,131.5800018,94.65593719,133.0899963,131.2200012,289275700,22.87000084,95.54000092,31.08083916,86.61000061,55.63196945,22.69000053,18.82867241
2008-06-23,131.4499969,94.56236267,132.2299957,131.3200073,165096400,22.63999939,95.19000244,30.96696091,86.56999969,55.60624313,22.81999969,18.93654823
2008-06-24,131.1900024,94.37538147,132.4400024,130.1900024,267300600,22.42000008,94.79000092,30.83684349,87.02999878,55.90171051,22.76000023,18.8867588
2008-06-25,131.8099976,94.82138824,133.3999939,131.2400055,287853900,21.13999939,95.11000061,30.94093323,87.01999664,55.89530563,22.64999962,18.79548073
2008-06-26,128.2299957,92.2460022,131.4199982,128.0800018,297775000,23.93000031,94.36000061,30.69695282,87.51000214,56.21001434,22.51000023,18.67930603
2008-06-27,127.5299988,91.74242401,128.8600006,127.0400009,303423400,23.44000053,94.09999847,30.61237526,87.94000244,56.48628235,22.44000053,18.62121773
2008-06-30,127.9800034,92.06615448,128.9100037,127.3000031,258842600,23.95000076,94,30.57985687,88,56.52486038,22.48999977,18.66270638
2008-07-01,128.3800049,92.35389709,128.4700012,125.9300003,388622000,23.64999962,93.25,30.54740334,87.47000122,56.37139511,22.46999931,18.64611053
2008-07-02,126.1800003,90.77127075,129.1600037,125.9499969,288064600,25.92000008,93.18000031,30.52445412,87.68000031,56.50678253,22.36000061,18.55483246
2008-07-03,126.3099976,90.86480713,127.1100006,124.9899979,239352500,24.78000069,93.13999939,30.51137733,87.70999908,56.52609634,22.57999992,18.73739243
2008-07-07,125.0199966,89.9367981,127.3399963,123.9199982,372427300,25.78000069,93.22000122,30.53756714,88.12000275,56.79034424,22.55999947,18.72079659
2008-07-08,127.2399979,91.53379822,127.3899994,124.1999969,375973700,23.14999962,92.97000122,30.45567322,88.33999634,56.93208313,22.65999985,18.80377579
2008-07-09,124.7900009,89.77133942,127.7399979,124.3899994,336729400,25.22999954,92.65000153,30.35084534,88.76000214,57.20276642,22.5,18.67100525
2008-07-10,125.3000031,90.13819885,125.7900009,123.5800018,436475700,25.59000015,92.76999664,30.3901577,88.79000092,57.22212219,22.47999954,18.65440941
2008-07-11,123.8399963,89.08792114,125.9000015,122.4899979,481124600,27.48999977,92.65000153,30.35084534,87.95999908,56.68717194,22.32999992,18.52993584
2008-07-14,122.7200012,88.28221893,125.5,122.4000015,322720800,28.47999954,92.43000031,30.27876472,88.43000031,56.99010086,22.29000092,18.49674416
2008-07-15,120.9899979,87.03769684,123.4899979,120.0199966,502502500,28.54000092,91,29.8103199,88.75,57.19631577,22.27000046,18.48014641
2008-07-16,123.9599991,89.17423248,124.5699997,121.0999985,371642900,25.10000038,91.30000305,29.90863037,87.94000244,56.67433929,22.37999916,18.57143021
2008-07-17,125.1999969,90.06626892,126.2600021,124.0899963,375490600,25.01000023,91.56999969,29.99705887,87.51999664,56.40365601,22.42000008,18.60462189
2008-07-18,125.9800034,90.62739563,126.4199982,125.1500015,267030100,24.04999924,93.04000092,30.47860336,87.22000122,56.2103157,22.42000008,18.60462189
2008-07-21,126.0500031,90.67775726,126.8000031,125.1900024,222863000,23.04999924,93.5,30.62931633,87.41999817,56.33921814,22.34000015,18.5382328
2008-07-22,127.4800034,91.70651245,127.8000031,124.8499985,296904200,21.18000031,93.81999969,30.73413277,87.12000275,56.14582062,22.5,18.67100525
2008-07-23,128.1699982,92.20280457,129.1499939,127.5500031,311698400,21.30999947,93.56999969,30.65221786,86.98000336,56.05558014,22.59000015,18.74568939
2008-07-24,125.5100021,90.28930664,128.4100037,125.1600037,248634500,23.44000053,93.79000092,30.72429276,87.73000336,56.53895569,22.56999969,18.72909164
2008-07-25,125.4800034,90.26772308,126.4899979,125.1699982,219131000,22.90999985,93.98999786,30.78984261,87.22000122,56.2103157,22.60000038,18.75399017
2008-07-28,123.6399994,88.94403839,126.0599976,123.4199982,205201300,24.22999954,93.66999817,30.68498421,87.72000122,56.53248596,22.54999924,18.71249771
2008-07-29,126.2799988,90.84320068,126.3799973,123.6399994,261505600,22.03000069,93.69000244,30.69153404,87.47000122,56.37139511,22.73999977,18.87016487
2008-07-30,128.5299988,92.46179962,128.6000061,126.2799988,354710000,21.20999908,93.70999908,30.69809532,87.63999939,56.48094559,22.71999931,18.85356522
2008-07-31,126.8300018,91.23886871,128.5700073,126.6299973,277402100,22.94000053,93.90000153,30.76034927,88.33999634,56.93208313,22.71999931,18.85356522
2008-08-01,126.1600037,90.75687408,127.2799988,125.4599991,248690900,22.56999969,92.81999969,30.62275887,88.08000183,56.96058273,22.79000092,18.91165352
2008-08-04,124.9899979,89.9152298,126.1399994,124.7600021,188239600,23.48999977,92.18000031,30.41162491,88.01999664,56.92181778,22.79999924,18.9199543
2008-08-05,128.3600006,92.33950806,128.5599976,124.9700012,251577600,21.13999939,92.83000183,30.62606812,87.56999969,56.63076019,22.96999931,19.0610218
2008-08-06,128.9299927,92.74953461,129.3000031,127.4800034,209555400,20.22999954,92.20999908,30.42152023,87.59999847,56.65016174,23.04000092,19.11911201
2008-08-07,127.0100021,91.36832428,128.4400024,126.5400009,246312500,21.14999962,92.09999847,30.38523483,88.41999817,57.18042755,23.15999985,19.21868896
2008-08-08,129.3699951,93.0661087,129.9299927,126.3799973,260811700,20.65999985,92.26000214,30.43800163,88.37999725,57.15459061,23.53000069,19.5257225
2008-08-11,130.7100067,94.03005219,131.5099945,129.2299957,249425800,20.12000084,92,30.35223007,87.94999695,56.87647247,23.65999985,19.63360023
2008-08-12,129.3500061,93.05173492,130.6999969,128.7299957,213200800,21.17000008,92.36000061,30.47103119,88.55999756,57.27097702,23.61000061,19.59210968
2008-08-13,128.5700073,92.4905777,129.6499939,127.6699982,256393200,21.54999924,92.5,30.51718521,88.37000275,57.1480751,23.61000061,19.59210968
2008-08-14,129.5399933,93.18834686,130.2799988,127.75,239555300,20.34000015,92.5,30.51718521,88.63999939,57.32270813,23.75,19.70828247
2008-08-15,130.1699982,93.64161682,130.5,129.3000031,181000800,19.57999992,92.70999908,30.58647537,88.97000122,57.53610611,23.93000031,19.85765076
2008-08-18,128.3899994,92.36108398,130.4799957,127.6600037,172275100,20.97999954,92.5,30.51718521,89.19000244,57.67839813,23.86000061,19.79956627
2008-08-19,126.9899979,91.35398865,127.6900024,126.5299988,194673700,21.28000069,92.68000031,30.57657814,89.05999756,57.59429169,23.75,19.70828247
2008-08-20,127.5800018,91.77841949,127.9499969,126.3399963,225498200,20.42000008,92.66000366,30.56997108,89.31999969,57.76241302,23.81999969,19.76637077
2008-08-21,127.8000031,91.93667603,128.4400024,126.5999985,180609800,19.81999969,92.52999878,30.52708054,89.12999725,57.63957596,23.54999924,19.54231834
2008-08-22,129.6499939,93.26752472,129.6499939,127.8000031,167715300,18.80999947,92,30.35223007,88.87000275,57.47143936,23.79000092,19.74147797
2008-08-25,127.0199966,91.37555695,129.6499939,126.75,171936900,20.96999931,92.5,30.51718521,89.45999908,57.85295868,23.78000069,19.733181
2008-08-26,127.3899994,91.64172363,127.8700027,126.5800018,159117200,20.48999977,92,30.35223007,89.48999786,57.87239838,23.92000008,19.84934998
2008-08-27,128.6300049,92.53375244,128.8300018,127.3000031,171032800,19.76000023,92.09999847,30.38523483,89.62000275,57.95645523,23.85000038,19.7912674
2008-08-28,130.1900024,93.65598297,130.3399963,129.1100006,167537100,19.43000031,92.23000336,30.42812347,89.48999786,57.87239838,23.93000031,19.85765076
2008-08-29,128.7899933,92.64881897,130.1399994,128.5099945,189195800,20.64999962,92.40000153,30.48421669,89.37999725,57.8012619,23.94000053,19.86595154
2008-09-02,127.9899979,92.07333374,130.7100067,127.5199966,252364900,21.98999977,91.80000305,30.4908371,89.56999969,58.11591721,24.17000008,20.05680847
2008-09-03,127.8799973,91.99419403,128.5,126.9300003,251947000,21.43000031,92.09999847,30.59049606,89.79000092,58.25867462,24.14999962,20.04021263
2008-09-04,124.0299988,89.22460175,127.2300034,123.9599991,340042500,24.03000069,92.5,30.72333908,90.23999786,58.55065155,24.34000015,20.19787788
2008-09-05,124.4199982,89.50514984,124.9499969,122,289503400,23.05999947,92.41999817,30.69676208,90.04000092,58.42088699,24.43000031,20.27256393
2008-09-08,126.9899979,91.35398865,128.2400055,124.4199982,364075300,22.63999939,92.30999756,30.66023636,90.05000305,58.42743301,24.55999947,20.38043976
2008-09-09,123.2200012,88.641922,127.3600006,122.8000031,377326800,25.46999931,92.51000214,30.7266655,90.45999908,58.69340897,24.56999969,20.38873863
2008-09-10,123.7200012,89.00163269,124.9000015,122.5500031,298916600,24.52000046,92,30.55727005,90.23000336,58.54414749,24.72999954,20.52150917
2008-09-11,125.5100021,90.28930664,125.7399979,121.5999985,375369400,24.38999939,92,30.55727005,90.06999969,58.44030762,24.79999924,20.57959938
2008-09-12,126.0899963,90.70652008,126.2099991,123.8300018,297851200,25.65999985,92,30.55727005,89.62000275,58.14836502,24.32999992,20.18957901
2008-09-15,120.0899963,86.39027405,125.6500015,119.8899994,483607000,31.70000076,88.62000275,29.43461037,91.33999634,59.26434326,24.11000061,20.00702095
2008-09-16,122.0999985,87.83618164,122.3199997,117,581744300,30.29999924,86.58000183,28.75703812,91.08000183,59.09571075,24.45999908,20.29745674
2008-09-17,116.6100006,83.88684082,121.8499985,116,624095600,36.22000122,81.37999725,27.02989388,91.90000153,59.62772751,23.93000031,19.85765076
2008-09-18,120.0699997,86.37584686,121.7900009,113.8000031,776114700,33.09999847,87.80000305,29.16226959,90.81999969,58.92701721,24.03000069,19.94063759
2008-09-19,124.1200027,89.80618286,128,123.3300018,501087800,32.06999969,88.91999817,29.5342617,89.19999695,57.87586975,23.84000015,19.78296852
2008-09-22,121.3099976,87.77302551,124.75,120.3600006,249966500,33.84999847,88.83999634,29.5077095,89.01000214,57.75254822,23.29999924,19.33486176
2008-09-23,118.5500031,85.77601624,122.0199966,118.2799988,327470400,35.72000122,87.97000122,29.21873093,89.01000214,57.75254822,23.45000076,19.45933914
2008-09-24,118.9300003,86.05097961,120,117.7900009,311818400,35.18999863,88.76000214,29.48112488,89.23999786,57.9018364,23.68000031,19.65019608
2008-09-25,120.7900009,87.39678192,121.9100037,118.4400024,328253000,32.81999969,86.5,28.73046684,88.97000122,57.72663116,23.63999939,19.61700249
2008-09-26,120.8499985,87.44021606,121.5,118.5100021,285917400,34.74000168,86.19999695,28.63081932,88.91000366,57.68772888,23.63999939,19.61700249
2008-09-29,111.3799973,80.58822632,119.3399963,110.9700012,459562300,46.72000122,79.22000122,26.31245041,90.15000153,58.49222565,23.81999969,19.76637077
2008-09-30,115.9899979,83.92377472,116.8000031,110.5299988,328154400,39.38999939,82,27.23584557,88.95999908,57.72017288,24.44000053,20.28086281
2008-10-01,116.0599976,83.97440338,116.6900024,113.9499969,332783000,39.81000137,84.84999847,28.42159653,89.27999878,58.12707901,24.54000092,20.36384392
2008-10-02,111.8499985,80.9282608,115.1100006,111.0599976,365337800,45.25999832,82.63999939,27.68134117,89.77999878,58.45261383,24.87999916,20.64598274
2008-10-03,110.3399963,79.83576202,115.4499969,109.6800003,461798000,45.13999939,82.33999634,27.58082771,90.12000275,58.67396927,24.78000069,20.56299973
2008-10-06,104.7200012,75.76942444,107.6200027,100.6399994,610637500,52.04999924,79.34999847,26.57931519,90.84999847,59.14923859,25.07999992,20.81194687
2008-10-07,100.0299988,72.37599945,107.3300018,99.65000153,540012100,53.68000031,78.01000214,26.13045692,90.77999878,59.1036644,24.89999962,20.66258049
2008-10-08,97.51000214,70.55271149,102.1800003,96.80999756,725414800,57.52999878,74.75,25.03845787,89.62000275,58.34845734,24.81999969,20.59619141
2008-10-09,90.69999695,65.62537384,100.6200027,90.25,534485200,63.91999817,73.01000214,24.45563316,88.72000122,57.76243591,24.95000076,20.70407104
2008-10-10,88.5,64.03354645,93.94000244,83.58000183,871026300,69.94999695,68.13999939,22.8243618,87.68000031,57.08533859,24.98999977,20.73726463
2008-10-13,101.3499985,73.33110809,101.3499985,89.94999695,455584000,54.99000168,76.5,25.62465286,87.08000183,56.69473267,24.96999931,20.72066879
2008-10-14,99.84999847,72.24578857,105.5299988,97.11000061,546268300,55.13000107,77,25.79213524,86.66999817,56.42781067,24.95999908,20.71236801
2008-10-15,90.01999664,65.13332367,97.80000305,89.70999908,484627500,69.25,73.63999939,24.66666412,87.37999725,56.89005661,25.25,20.95301819
2008-10-16,93.76999664,67.84664917,94.76999664,86.54000092,708811200,67.61000061,70.84999847,23.73212242,87.40000153,56.90304565,25.37999916,21.06089592
2008-10-17,93.20999908,67.44145203,98.58999634,91.65000153,476649000,70.33000183,70,23.44738388,87.94999695,57.26114273,25.42000008,21.0940876
2008-10-20,98.80999756,71.49331665,99.09999847,94.08999634,321294200,52.97000122,71.40000153,23.91633606,88.04000092,57.3197937,25.62000084,21.26005363
2008-10-21,95.86000061,69.35884857,98.63999939,95.22000122,356502000,53.11000061,70.98999786,23.77899361,88.97000122,57.92524338,26.04000092,21.60857582
2008-10-22,90.63999939,65.58195496,95.86000061,87.52999878,516168000,69.65000153,70.40000153,23.58137321,89.65000153,58.367939,26.35000038,21.86582375
2008-10-23,91.69000244,66.34166718,92.44999695,85.80999756,634666400,67.80000305,71.58999634,23.97998238,89.76999664,58.44610596,26.20000076,21.74135017
2008-10-24,87.04000092,62.97717285,89.91999817,84,545812600,79.12999725,69.80000305,23.3803997,89.38999939,58.1986351,26.87999916,22.30562782
2008-10-27,83.94999695,60.74145126,89.51000214,83.69999695,397288600,80.05999756,66.25,22.19129181,89.33999634,58.16609955,26.87999916,22.30562782
2008-10-28,93.76000214,67.8394165,94.23999786,84.52999878,639939500,66.95999908,67,22.44250679,88.62000275,57.69736481,26.56999969,22.04838181
2008-10-29,93.08000183,67.34738922,97.16999817,92.09999847,531270100,69.95999908,70.05000305,23.46414185,88.75,57.78199387,26.13999939,21.69155884
2008-10-30,96.30000305,69.67720032,96.54000092,92.90000153,414582100,62.90000153,71.97000122,24.10725403,88.06999969,57.33929443,26.11000061,21.66666985
2008-10-31,96.83000183,70.06065369,98.56999969,94.48000336,411394000,59.88999939,72,24.1173172,87.88999939,57.22208786,26.5,21.99029732
2008-11-03,97.11000061,70.26325989,97.69000244,95.94999695,205419400,53.68000031,71.88999939,24.31347466,87.70999908,57.31355286,26.62999916,22.09817314
2008-11-04,100.4100037,72.65097809,100.8600006,96.70999908,346793400,47.72999954,72.69999695,24.5874176,88.76000214,57.99965668,26.06999969,21.63347244
2008-11-05,96.19000244,69.59763336,100.7099991,95,387844100,54.56000137,72.09999847,24.38448906,89.23000336,58.30681229,26.15999985,21.70815659
2008-11-06,90.86000061,65.74113464,95.44000244,90.05999756,477721900,63.68000031,72.09999847,24.38448906,88.95999908,58.13036728,26.53000069,22.01519203
2008-11-07,93.86000061,67.91173553,94,90.5,380391000,56.09999847,72.84999847,24.63816643,88.63999939,57.92127609,26.46999931,21.9654026
2008-11-10,92.62999725,67.02180481,95.52999878,90.91999817,301773000,59.97999954,72.86000061,24.6415329,88.73000336,57.98013687,26.48999977,21.98199654
2008-11-11,89.76999664,64.95249939,92.13999939,88.65000153,418498200,61.43999863,72.73000336,24.5975666,89.05999756,58.19573593,26.89999962,22.32222557
2008-11-12,85.81999969,62.09445953,88.94999695,85.12000275,454330600,66.45999908,71.69999695,24.2492218,89.61000061,58.55516434,26.95999908,22.372015
2008-11-13,91.16999817,65.96542358,91.73000336,82.08999634,753141900,59.83000183,71.31999969,24.12070465,88.95999908,58.13036728,26.53000069,22.01519203
2008-11-14,86.62000275,62.6733284,92.05999756,86.51999664,540352300,66.30999756,70.44999695,23.82646942,89.83999634,58.7053833,26.75,22.19775009
2008-11-17,85.47000122,61.84122849,88.55999756,85.16000366,415254900,69.15000153,69.36000061,23.45783424,90.22000122,58.9536972,26.72999954,22.18115425
2008-11-18,87.08000183,63.00616074,87.22000122,82.91000366,523811800,67.63999939,67.90000153,22.96404266,90.91999817,59.411129,26.80999947,22.24753952
2008-11-19,81.5,58.96876144,86.87000275,80.91999817,558327600,74.26000214,65.58000183,22.17941856,91.90000153,60.05149841,26.89999962,22.32222557
2008-11-20,75.44999695,54.59132004,82.51000214,75.05000305,814180400,80.86000061,63.40000153,21.44213104,93.75,61.2603569,27.07999992,22.47159195
2008-11-21,79.51999664,57.53614044,80.90000153,74.33999634,718536500,72.66999817,64.02999878,21.65519714,92.88999939,60.69840622,26.95000076,22.36371803
2008-11-24,85.02999878,61.52287292,86.98999786,80.36000061,523305300,64.69999695,64.31999969,21.75328064,92.01999664,60.129879,26.29000092,21.81603622
2008-11-25,85.66000366,61.97869492,87.51000214,83.81999969,454112400,60.90000153,64.98999786,21.97987175,93.59999847,61.1623497,25.97999954,21.55879021
2008-11-26,88.97000122,64.37363434,89.19000244,84.23999786,370134200,54.91999817,66.5,22.49056816,94.16999817,61.53481674,26.27000046,21.79943657
2008-11-28,90.08999634,65.184021,90.12999725,88.48000336,118308100,55.27999878,66.25,22.40600395,94.36000061,61.65890121,26.54999924,22.03178596
2008-12-01,82.11000061,59.41014481,87.55000305,81.86000061,369927100,68.51000214,64.19999695,21.9438839,95.31999969,62.4936142,26.70000076,22.15626335
2008-12-02,85.26999664,61.6965332,85.48999786,82.04000092,469508400,62.97999954,64.88999939,22.17972946,95.81999969,62.82134628,26.54999924,22.03178596
2008-12-03,87.31999969,63.17979431,87.83000183,83.13999939,519863500,60.72000122,64.90000153,22.18315125,95.97000122,62.91976547,26.59000015,22.06498146
2008-12-04,85.30000305,61.7182312,88.05000305,83.73999786,444173800,63.63999939,64.51999664,22.05326462,96.56999969,63.31311798,26.52000046,22.00689316
2008-12-05,87.93000031,63.6211586,88.41999817,82.23999786,471905300,59.93000031,64.55000305,22.06352043,95.55000305,62.64432144,26.62999916,22.09817314
2008-12-08,91,65.84242249,92.37999725,88.08000183,412859300,58.49000168,65.30000305,22.31988525,95.19000244,62.40832138,26.18000031,21.72475433
2008-12-09,89.5,64.75710297,92.12999725,88.98000336,370790000,58.90999985,64.80999756,22.15237808,96,62.93939972,26.25,21.78284073
2008-12-10,90.11000061,65.19849396,91.36000061,89,396187400,55.72999954,64.76000214,22.13529396,95.91000366,62.88041306,26.10000038,21.65836906
2008-12-11,87.94000244,63.62839127,91,87.37000275,365061000,55.77999878,64.26000214,21.96440697,96.48999786,63.26065063,25.52000046,21.17707062
2008-12-12,88.98999786,64.38813019,89.06999969,85.19999695,415060400,54.27999878,65.15000153,22.26860046,96.76000214,63.43770218,25.45999908,21.12727928
2008-12-15,87.75,63.49091721,89.15000153,86.29000092,256694200,56.75999832,64.80999756,22.15237808,96.97000122,63.57532883,24.85000038,20.75970459
2008-12-16,91.87999725,66.47911072,92.01999664,88.18000031,377699500,52.36999893,66.01000214,22.56256676,98.51000214,64.58502197,24.25,20.25846481
2008-12-17,90.98999786,65.83517456,92.43000031,90.05999756,281819800,49.84000015,67.69999695,23.14020348,99.18000031,65.02428436,23.95999908,20.01619911
2008-12-18,89.29000092,64.60517883,91.66999817,88.20999908,374673300,47.34000015,71.62999725,24.48351288,99.84999847,65.4634552,24.37000084,20.35871124
2008-12-19,88.19000244,64.32723236,90.62000275,88.08999634,301451300,44.93000031,71.15000153,24.31944466,99.51999664,65.24716187,24.73999977,20.66781044
2008-12-22,87.05999756,63.50299835,88.66999817,85.48999786,243759500,44.56000137,74,25.29358864,99.26000214,65.07669067,24.72999954,20.65945625
2008-12-23,86.16000366,62.84655762,87.93000031,85.80000305,221625200,45.02000046,75.08000183,25.66272354,99.20999908,65.04395294,24.70999908,20.64274979
2008-12-24,86.66000366,63.21129227,86.87000275,86,62061600,44.20999908,73.90000153,25.25939941,99.11000061,64.97838593,24.70000076,20.63439751
2008-12-26,87.16000366,63.57598114,87.30000305,86.5,74767700,43.38000107,75.30999756,25.74133492,99.63999939,65.3258667,24.56999969,20.52579308
2008-12-29,86.91000366,63.39358139,87.33000183,85.59999847,127795900,43.90000153,75.29000092,25.91481209,99.48999786,65.46996307,24.69000053,20.62604141
2008-12-30,88.97000122,64.89619446,89.05000305,86.87999725,168256300,41.63000107,75.51999664,25.99398422,99.62999725,65.56206512,24.57999992,20.53414917
2008-12-31,90.23999786,65.8225708,90.97000122,88.87000275,193987200,40,76.01000214,26.1626358,98.52999878,64.8381958,24.69000053,20.62604141
2009-01-02,92.95999908,67.80654144,93.44000244,89.84999847,227566300,39.18999863,75.76999664,26.08003044,97.12000275,63.91040802,24.92000008,20.8181839
2009-01-05,92.84999847,67.72633362,93.66000366,91.88999939,240349700,39.08000183,79.43000031,27.33981514,96.94999695,63.79851151,25.19000053,21.04374313
2009-01-06,93.47000122,68.17858887,94.44999695,92.68000031,328260900,38.56000137,80.09999847,27.5704155,96.88999939,63.75901794,25.14999962,21.01032448
2009-01-07,90.66999817,66.13623047,92.26000214,90.19999695,280899200,43.38999939,78.65000153,27.07131958,96.91000366,63.77223206,24.98999977,20.8766613
2009-01-08,91.04000092,66.4061203,91.08999634,89.66999817,263834400,42.56000137,77.51000214,26.67893982,97.16999817,63.94324875,24.73999977,20.66781044
2009-01-09,89.08999634,64.98373413,91.31999969,85.36000061,330953600,42.81999969,78.65000153,27.07131958,97.62000275,64.23943329,25.12000084,20.98526573
2009-01-12,86.94999695,63.42280579,88.91000366,86.41000366,277858500,45.84000015,76.94000244,26.48275375,98.23000336,64.64081573,25.23999977,21.08550835
2009-01-13,87.11000061,63.53950119,87.87999725,86.19999695,356432300,43.27000046,76.66000366,26.38640404,98.30000305,64.68687439,25.53000069,21.32777596
2009-01-14,84.37000275,61.54088593,85.75,83.16000366,435491600,49.13999939,75.68000031,26.04904938,98.84999847,65.04878235,25.62999916,21.41131592
2009-01-15,84.40000153,61.56276703,85.25,81.72000122,532647300,51,75.37999725,25.94578171,98.76999664,64.99610901,25.62000084,21.40296364
2009-01-16,85.05999756,62.04418564,85.98999786,83.05000305,399237200,46.11000061,75.98999786,26.155756,97.86000061,64.39733887,25.39999962,21.21917343
2009-01-20,80.56999969,58.76912689,85.05999756,80.05000305,419855200,56.65000153,74.69000244,25.70831871,97.70999908,64.29860687,26.12999916,21.82901573
2009-01-21,84.05000305,61.30746078,84.23999786,80.47000122,364360700,46.41999817,74.69999695,25.7117424,96.83999634,63.72613144,25.89999962,21.63687515
2009-01-22,82.75,60.35923004,84.04000092,81.16999817,427940300,47.29000092,74.5,25.64291191,96.19999695,63.30495071,25.87999916,21.62016678
2009-01-23,83.11000061,60.62181854,83.98999786,80.56999969,386800600,47.27000046,73.30999756,25.23329735,96.22000122,63.31812668,25.87000084,21.6118145
2009-01-26,83.68000031,61.03757477,85.36000061,82.80999756,317978800,45.68999863,73.5,25.29870415,95.98000336,63.16015625,25.53000069,21.32777596
2009-01-27,84.52999878,61.65757751,85.15000153,83.30000305,273789700,42.25,74.18000031,25.53276825,96.61000061,63.57476044,25.5,21.3027153
2009-01-28,87.38999939,63.74372864,87.94999695,86.06999969,330007000,39.65999985,76.80999756,26.43799782,95.98999786,63.16678619,25.59000015,21.37790108
2009-01-29,84.55000305,61.67217255,87.48999786,84.47000122,294392500,42.63000107,74.90000153,25.78058052,94.73999786,62.34417725,25.79000092,21.54498482
2009-01-30,82.83000183,60.41760254,85.40000153,82.20999908,383383600,44.84000015,75.23999786,25.89760399,94.69999695,62.31788254,25.95000076,21.67864418
2009-02-02,82.58000183,60.23521042,83.18000031,81.30999756,288233300,45.52000046,72.90000153,25.3458519,95.19999695,62.82334518,25.93000031,21.66193771
2009-02-03,83.73999786,61.08135986,84.36000061,82.22000122,278385800,43.06000137,73.02999878,25.39104652,94.37999725,62.28224945,25.61000061,21.39461136
2009-02-04,83.33000183,60.78230667,85.37000275,83.04000092,322989300,43.84999847,72.97000122,25.37018204,93.90000153,61.96551514,25.85000038,21.59510422
2009-02-05,84.56999969,61.68677139,85.29000092,77.73000336,417679400,43.72999954,72.37000275,25.16157341,94.12000275,62.11069489,25.93000031,21.66193771
2009-02-06,86.98000336,63.44465637,87.33999634,84.68000031,366101700,43.36999893,73.83000183,25.6691761,93.55000305,61.73450851,25.70999908,21.47814751
2009-02-09,87.09999847,63.53217316,87.73999786,86.31999969,240075200,43.63999939,74.40000153,25.86735344,93.36000061,61.60911179,25.54000092,21.33613205
2009-02-10,83.11000061,60.62181854,87.02999878,82.44999695,536212800,46.66999817,73.91000366,25.69699669,94.61000061,62.43400574,25.84000015,21.58675194
2009-02-11,83.59999847,60.9792099,84.05000305,82.40000153,324442500,44.52999878,73.73999786,25.63791656,95.33999634,62.91573715,25.87999916,21.62016678
2009-02-12,83.66000366,61.02298737,83.81999969,81.05000305,469302200,41.25,73.51000214,25.55793762,95.30999756,62.89589691,25.97999954,21.70370865
2009-02-13,82.76000214,60.36650085,84.23999786,82.73999786,293998400,42.93000031,73.80000305,25.65876579,94.55999756,62.40100479,25.89999962,21.63687515
2009-02-17,79.22000122,57.78436279,82.95999908,79.16999817,478910100,48.65999985,71.91999817,25.00512505,96.15000153,63.45027542,26.40999985,22.06292915
2009-02-18,79.02999878,57.64580154,79.94000244,78.27999878,362964800,48.45999908,71.48999786,24.85560608,95.44999695,62.98835754,26.53000069,22.1631794
2009-02-19,78.18000031,57.02578735,80.15000153,78.01999664,316867500,47.08000183,71.84999847,24.98078918,94.91999817,62.63861084,26.37999916,22.0378685
2009-02-20,77.41999817,56.4714241,78.33999634,75.76999664,477176600,49.29999924,70.80000305,24.61572456,95.19000244,62.81676865,26.01000023,21.7287693
2009-02-23,74.65000153,54.45095444,78.26999664,74.58999634,379641400,52.61999893,69.01999664,23.99684334,95.27999878,62.87614059,26.25,21.92926598
2009-02-24,77.48000336,56.51519775,77.94999695,74.69999695,426260900,45.49000168,70,24.33755875,94.91999817,62.63861084,26.11000061,21.81231308
2009-02-25,76.87000275,56.07027435,78.41999817,75.62999725,461985800,44.66999817,69.66000366,24.219347,94.05999756,62.07101059,26.43000031,22.07963753
2009-02-26,75.62000275,55.15850449,79.66999817,75.52999878,363353900,44.65999985,68.27999878,23.73957443,93.81999969,61.91267395,26.40999985,22.06292915
2009-02-27,73.93000031,53.92577744,75.69000244,73.80999756,470510900,46.34999847,67.25,23.38145256,93.73999786,61.85992432,26.47999954,22.12140656
2009-03-02,70.59999847,51.49681473,73.91999817,70.37000275,426452600,52.65000153,65.15000153,22.89611626,94.43000031,62.48048782,26.75,22.34696388
2009-03-03,70.06999969,51.11025238,71.69999695,69.63999939,443761000,50.93000031,65.41000366,22.98750496,94.30999756,62.40109253,26.73999977,22.3386116
2009-03-04,71.73000336,52.321064,72.87000275,70.06999969,462753100,47.56000137,65.40000153,22.98397827,93.83000183,62.08351898,26.59000015,22.21330261
2009-03-05,68.80000305,50.18385696,71.73000336,68.16999817,485549400,50.16999817,62.29999924,21.89452934,94.93000031,62.81140137,26.72999954,22.33025742
2009-03-06,68.91999817,50.27140427,70.44999695,67.09999847,490470000,49.33000183,62,21.78909302,94.48000336,62.51362991,26.60000038,22.22165871
2009-03-09,68.11000061,49.68057251,70,67.73000336,379905300,49.68000031,61.63999939,21.66257858,94.51999664,62.54013824,26.75,22.34696388
2009-03-10,72.16999817,52.64199448,72.37000275,69.37000275,406227900,44.36999893,64.69000244,22.73445702,93.83000183,62.08351898,26.60000038,22.22165871
2009-03-11,72.63999939,52.98483658,73.75,71.83000183,356648300,43.61000061,65.72000122,23.09643555,94.5,62.52684784,26.30999947,21.97938919
2009-03-12,75.5,55.07095718,75.75,71.97000122,409702700,41.18000031,66.80999756,23.47951317,94.76999664,62.70553589,26.18000031,21.87078857
2009-03-13,76.08999634,55.50132751,76.98000336,74.73000336,337474700,42.36000061,66.95999908,23.5322113,94.69999695,62.65920258,26.20999908,21.89584923
2009-03-16,75.86000061,55.33355713,77.97000122,75.80999756,360644900,43.74000168,67.33999634,23.66576195,94.16000366,62.30186081,26.12999916,21.82901573
2009-03-17,78.18000031,57.02578735,78.36000061,75.44999695,356814300,40.79999924,66.95999908,23.5322113,93.98000336,62.18276596,26.09000015,21.7956028
2009-03-18,79.93000031,58.30228424,80.90000153,77.06999969,473273200,40.06000137,68.5,24.07343864,97.19999695,64.31331635,25.25,21.09386444
2009-03-19,78.94000244,57.58014679,81,78.69000244,428520400,43.68000031,67.90000153,23.86257744,96.87000275,64.09494781,24.95000076,20.84324455
2009-03-20,76.70999908,56.3540535,78.91000366,76.52999878,371078200,45.88999939,67.76999664,23.81688881,96.87000275,64.09494781,25.15999985,21.01867867
2009-03-23,82.22000122,60.40188599,82.29000092,78.30999756,419933300,43.22999954,69.16999817,24.30889893,96.54000092,63.8765831,25.03000069,20.91007614
2009-03-24,80.59999847,59.21175385,82.36000061,80.51000214,330271000,42.93000031,69.30000305,24.35458565,96.40000153,63.78403854,25.30999947,21.14398956
2009-03-25,81.44999695,59.83625412,82.69999695,79.05999756,441775100,42.25,69.66999817,24.48460388,95.81999969,63.40023422,25.11000061,20.97690964
2009-03-26,83.11000061,61.05570602,83.30000305,81.31999969,422025200,40.36000061,70.75,24.86417198,96.06999969,63.56562424,25.27000046,21.11057281
2009-03-27,81.61000061,59.95376205,82.52999878,81.30999756,322332300,41.04000092,70.02999878,24.6111412,96.01000214,63.52600098,25.56999969,21.3611927
2009-03-30,78.79000092,57.88207245,79.87000275,77.95999908,324108500,45.54000092,66.75,23.45841217,96.41999817,63.79722977,25.72999954,21.49485588
2009-03-31,79.51999664,58.41835403,81.08000183,79.05000305,364238300,44.13999939,67.80000305,23.827425,96.58999634,63.9096756,25.63999939,21.4196701
2009-04-01,81.05999756,59.54972076,81.41999817,78.33000183,377018300,42.27999878,67.09999847,23.86512566,96.55000305,64.06633759,25.65999985,21.43638039
2009-04-02,83.43000031,61.29079819,84.61000061,81.12999725,476230700,42.04000092,69.54000092,24.73296356,95.91999817,63.64823151,25.31999969,21.15234375
2009-04-03,84.26000214,61.9005661,84.27999878,82.66999817,284646300,39.70000076,70.51999664,25.08149338,94.81999969,62.91836548,25.23999977,21.08550835
2009-04-06,83.59999847,61.41569519,84.27999878,82.29000092,264866600,40.93000031,70.29000092,24.99970436,94.59999847,62.77236176,25.36000061,21.18575859
2009-04-07,81.65000153,59.98316193,82.65000153,81.51000214,258947800,40.38999939,69.48000336,24.71159935,94.83999634,62.93164062,25.54999924,21.34448242
2009-04-08,82.52999878,60.62961197,82.94000244,81.54000092,230402800,38.84999847,70.30000305,25.00327301,95.30999756,63.24349594,25.55999947,21.35283852
2009-04-09,85.80999756,63.03925705,85.81999969,84.33000183,269653500,36.52999878,72.30000305,25.71458626,94.75,62.87190628,25.65999985,21.43638039
2009-04-13,85.83000183,63.05394363,86.54000092,84.58000183,224847500,37.81000137,72.25,25.69678879,95.30999756,63.24349594,25.31999969,21.15234375
2009-04-14,84.34999847,61.96666336,85.76000214,84.08000183,276598800,37.66999817,71.87999725,25.56520653,95.80000305,63.56869125,25.37999916,21.20246887
2009-04-15,85.25,62.62784958,85.41999817,83.61000061,250726100,36.16999817,72.48999786,25.78215218,95.88999939,63.6284256,25.42000008,21.23588371
2009-04-16,86.5,63.54615021,87.15000153,84.76999664,335202900,35.79000092,73.63999939,26.19117928,95.51000214,63.37625885,25.51000023,21.31106949
2009-04-17,87.08000183,63.972229,87.65000153,86.13999939,262649000,33.93999863,75.25,26.76379585,94.73999786,62.86529922,25.77000046,21.52827072
2009-04-20,83.43000031,61.29079819,87.05000305,83.33999634,293690100,39.18000031,72.5,25.7857151,95.40000153,63.30321503,25.96999931,21.69535065
2009-04-21,85.05999756,62.48827744,85.12999725,82.75,114090900,37.13999939,73.31999969,26.07735634,95.02999878,63.05768967,25.90999985,21.64522934
2009-04-22,84.54000092,62.1062355,86.33999634,84.06999969,340395200,38.09999847,73.66999817,26.2018528,94.80000305,62.90507507,25.84000015,21.58675194
2009-04-23,85.37000275,62.71601105,85.41999817,83.62999725,324903700,37.15000153,73.58999634,26.17338753,94.77999878,62.89184952,25.54999924,21.34448242
2009-04-24,86.66000366,63.66368103,87.30999756,85.69000244,287703000,36.81999969,74.73000336,26.57885361,94.41000366,62.64631653,25.35000038,21.1774044
2009-04-27,85.83999634,63.06126785,87.01000214,85.54000092,289581600,38.31999969,74.13999939,26.36902809,94.80000305,62.90507507,25.64999962,21.42802429
2009-04-28,85.56999969,62.86294937,86.58999634,84.76000214,247926300,37.95000076,74.30000305,26.42591858,94.33999634,62.59985733,25.48999977,21.29436111
2009-04-29,87.38999939,64.19997406,88.36000061,86.30000305,311505700,36.08000183,75.68000031,26.91674614,93.83000183,62.26140976,25.30999947,21.14398956
2009-04-30,87.41999817,64.22201538,89.01999664,86.91999817,301419800,36.5,76.26999664,27.12657928,93.66999817,62.15530777,25.34000015,21.16905212
2009-05-01,87.88999939,64.56729126,88.20999908,86.72000122,236110300,35.29999924,75.55999756,27.08390808,93.08999634,61.95557404,25.28000069,21.118927
2009-05-04,90.87999725,66.76385498,90.94000244,88.37999725,287120000,34.52999878,75.37999725,27.01938629,93.18000031,62.01556015,25.04999924,20.92678452
2009-05-05,90.56999969,66.53610229,90.93000031,89.83999634,243036300,33.36000061,76.02999878,27.25239563,93.16000366,62.00218582,25.12999916,20.9936142
2009-05-06,92.13999939,67.68952179,92.19999695,90.61000061,291941000,32.45000076,76.66000366,27.47821808,93.19999695,62.02882385,25.07999992,20.95184517
2009-05-07,90.86000061,66.74915314,93.15000153,90.27999878,317728000,33.43999863,75.40000153,27.02659607,92.41999817,61.50977325,25.07999992,20.95184517
2009-05-08,92.98000336,68.30659485,93.22000122,91.44000244,299081700,32.04999924,76.75,27.5104599,92.52999878,61.58289337,24.62999916,20.5759182
2009-05-11,91.23999786,67.02832794,92.11000061,91.04000092,247923600,32.86999893,76.34999847,27.36709976,93.40000153,62.1619072,24.76000023,20.68452072
2009-05-12,90.97000122,66.8299942,91.83000183,89.84999847,282431300,31.79999924,76.65000153,27.47461891,93.33999634,62.12197876,24.62999916,20.5759182
2009-05-13,88.68000031,65.14764404,90.01000214,88.5,269619100,33.65000153,75.65000153,27.11618805,93.76999664,62.40816498,24.71999931,20.65110207
2009-05-14,89.44000244,65.70597839,90.12000275,88.5,260098700,31.37000084,74.84999847,26.82942963,93.77999878,62.41482544,24.63999939,20.58426857
2009-05-15,88.70999908,65.16968536,90,88.15000153,271502700,33.11999893,73.80000305,26.45307732,93.55000305,62.26179504,24.80999947,20.72628784
2009-05-18,91.23000336,67.02099609,91.33999634,88.56999969,241447400,30.23999977,75.37000275,27.01580811,93,61.89575577,24.68000031,20.61768723
2009-05-19,91.12000275,66.9401474,91.97000122,90.80999756,206102200,28.79999924,75.87000275,27.1950531,92.87000275,61.8091774,24.54999924,20.50908089
2009-05-20,90.51000214,66.4920578,92.80000305,90.41000366,285722200,29.03000069,76.98999786,27.59649467,93.16000366,62.00218582,24.25,20.25846481
2009-05-21,89.20999908,65.53704071,89.80000305,88.26000214,258988400,31.35000038,76,27.241642,92.13999939,61.32338715,24.09000015,20.12480164
2009-05-22,89.01999664,65.39744568,90,88.68000031,166811900,32.63000107,77.05000305,27.61799622,91.59999847,60.96393967,23.92000008,19.98277855
2009-05-26,91.30000305,67.07241058,91.55999756,88.31999969,236318500,30.62000084,76.84999847,27.5463028,90.98999786,60.55795288,23.96999931,20.02455139
2009-05-27,89.66999817,65.87495422,91.75,89.52999878,246015800,32.36000061,76.98999786,27.59649467,89.95999908,59.87244415,24.04999924,20.09138298
2009-05-28,90.91999817,66.79325104,91.33999634,89.09999847,289095000,31.67000008,77.26000214,27.69328499,90.43000031,60.18526077,24.06999969,20.10809326
2009-05-29,92.52999878,67.97601318,93.69999695,90.68000031,258641500,28.92000008,77.83999634,27.90118217,91.44999695,60.86408997,23.72999954,19.82405663
2009-06-01,94.76999664,69.62162781,95.16999817,93.43000031,276246800,30.04000092,78.94999695,28.56137657,89.69000244,59.8707962,23.67000008,19.77393341
2009-06-02,94.84999847,69.68038177,95.37000275,94.23000336,230874500,29.62999916,78.72000122,28.47816849,89.98999786,60.07110977,23.45000076,19.59014511
2009-06-03,93.65000153,68.79880524,94.12999725,92.76000214,235310500,31.02000046,78.26999664,28.31539726,90.54000092,60.43824387,23.79999924,19.88253403
2009-06-04,94.52999878,69.44528961,94.66999817,93.30000305,210102300,30.18000031,78.51000214,28.40220642,89.48999786,59.73730469,23.75,19.84076309
2009-06-05,94.55000305,69.45996857,95.66999817,93.80000305,284257900,29.62000084,78.76000214,28.49266052,88.59999847,59.14322281,24.15999985,20.18328094
2009-06-08,94.16000366,69.1734848,95.09999847,93.04000092,238565100,29.77000046,78.90000153,28.543293,88.15000153,58.84282303,24.17000008,20.19163132
2009-06-09,94.63999939,69.52609253,95.13999939,94.01999664,225125500,28.27000046,79.05000305,28.59757614,88.52999878,59.09651184,23.86000061,19.93265915
2009-06-10,94.40000153,69.34976196,95.48999786,93.19000244,296100400,28.45999908,79.15000153,28.63375092,88,58.7426796,24,20.04961586
2009-06-11,94.81999969,69.65834808,96.11000061,94.55999756,275414200,28.11000061,79.33000183,28.69887161,88.59999847,59.14322281,23.76000023,19.84911919
2009-06-12,95.08000183,69.8493576,95.13999939,94,184361800,28.14999962,79.73999786,28.84718132,89.06999969,59.45698547,23.98999977,20.04125977
2009-06-15,92.90000153,68.24780273,94.01999664,92.40000153,224190500,30.80999947,78.55999756,28.42031097,89.47000122,59.72395325,24.43000031,20.40883636
2009-06-16,91.63999939,67.32221222,93.29000092,91.58000183,227319000,32.68000031,77.80999756,28.14897537,89.97000122,60.05775833,24.11000061,20.1415081
2009-06-17,91.55000305,67.25603485,92.33000183,90.83000183,223445200,31.54000092,77.36000061,27.9861927,89.73000336,59.89754486,23.96999931,20.02455139
2009-06-18,92.22000122,67.74827576,92.66999817,91.25,211725100,30.03000069,78.09999847,28.25388336,88.63999939,59.16991806,24.07999992,20.11644554
2009-06-19,92.04000092,67.99800873,92.69999695,91.51999664,215655600,27.98999977,78.18000031,28.28284645,89.05000305,59.4436264,23.96999931,20.02455139
2009-06-22,89.27999878,65.95894623,91.19000244,89.25,251913600,31.17000008,77.12000275,27.89935112,89.52999878,59.76406479,24.12999916,20.15821457
2009-06-23,89.34999847,66.01064301,89.87999725,88.84999847,188309800,30.57999992,77.25,27.94639015,89.81999969,59.95758438,23.85000038,19.92430496
2009-06-24,90.12000275,66.57953644,91.08000183,89.59999847,211577700,29.04999924,77.63999939,28.08747482,89.48000336,59.73064041,23.98999977,20.04125977
2009-06-25,92.08000183,68.02753448,92.16999817,89.56999969,279411000,26.36000061,78.37999725,28.35518646,90.59999847,60.47831726,23.96999931,20.02455139
2009-06-26,91.83999634,67.85021973,92.23999786,91.26999664,167579000,25.93000031,78.36000061,28.34795952,90.72000122,60.55838013,23.82999992,19.90759659
2009-06-29,92.69999695,68.48555756,92.81999969,91.59999847,168481300,25.35000038,79.33999634,28.70247269,90.91000366,60.68525696,23.80999947,19.89088821
2009-06-30,91.94999695,67.93146515,93.05999756,91.26999664,228888200,26.35000038,79.70999908,28.83633995,90.66999817,60.52502823,23.89999962,19.96607399
2009-07-01,92.33000183,68.21220398,93.23000336,92.20999908,173041100,26.21999931,79.18000031,28.90753365,90.36000061,60.48619461,23.78000069,19.86582756
2009-07-02,89.80999756,66.35046387,92.36000061,89.76000214,212309900,27.95000076,77.80000305,28.40368652,90.66000366,60.68703461,23.90999985,19.97443008
2009-07-06,89.80000305,66.34309387,89.93000031,88.66000366,174499600,29,76.63999939,27.98021507,90.72000122,60.72716904,23.95000076,20.00784302
2009-07-07,88.05999756,65.05760956,89.81999969,88,197088900,30.85000038,75.56999969,27.58957672,91.08000183,60.96814346,24.04999924,20.09138298
2009-07-08,88,65.01328278,88.80000305,87,248050500,31.29999924,76.02999878,27.75751686,92.12999725,61.67093277,24.02000046,20.06632233
2009-07-09,88.16999817,65.13886261,88.90000153,87.91000366,163777600,29.78000069,77.12000275,28.15543938,91.58999634,61.30955505,23.81999969,19.89924049
2009-07-10,87.95999908,64.98373413,88.48999786,87.34999847,173520300,29.02000046,76.52999878,27.94004631,92.16000366,61.69107819,23.87999916,19.94936371
2009-07-13,90.09999847,66.56475067,90.16999817,87.58999634,217413500,26.30999947,76.69999695,28.00212288,91.83000183,61.47018814,23.84000015,19.91595078
2009-07-14,90.61000061,66.94152069,90.69000244,89.73000336,181487400,25.02000046,77,28.11162567,91.22000122,61.06186295,23.86000061,19.93265915
2009-07-15,93.26000214,68.89929199,93.51000214,90.68000031,220877900,25.88999939,78.69999695,28.73227882,90.04000092,60.27194595,23.62999916,19.74051285
2009-07-16,93.11000061,68.78848267,94.51000214,92.81999969,231174500,25.42000008,78.94000244,28.81990051,90.58000183,60.63346863,23.61000061,19.72380829
2009-07-17,94.12999725,69.54201508,94.31999969,93.54000092,138561700,24.34000015,79.01000214,28.84545517,89.97000122,60.22514343,23.65999985,19.76557732
2009-07-20,95.12999725,70.28085327,95.29000092,94.19000244,164179400,24.39999962,80.11000061,29.24705696,90.30000305,60.44602966,23.5,19.63191223
2009-07-21,95.56999969,70.60590363,95.90000153,94.41999817,217718300,23.87000084,80.5,29.38944435,91.30999756,61.12210846,23.51000023,19.64026833
2009-07-22,95.55000305,70.59115601,96.12999725,94.88999939,196068100,23.46999931,80.59999847,29.42595863,90.76999664,60.76063919,23.46999931,19.60685158
2009-07-23,97.66000366,72.14995575,98.08000183,95.52999878,258795500,23.43000031,81.41999817,29.72532463,89.88999939,60.17156219,23.46999931,19.60685158
2009-07-24,98.05999756,72.44546509,98.13999939,96.69000244,154003100,23.09000015,81.90000153,29.90055847,90.08000183,60.29872894,23.44000053,19.58178902
2009-07-27,98.34999847,72.65973663,98.40000153,97.33999634,159259400,24.28000069,82.05000305,29.95531273,89.66000366,60.01762009,23.42000008,19.56508064
2009-07-28,97.88999939,72.31990051,98.37000275,97.05999756,186685200,25.01000023,82.13999939,29.98816872,89.83999634,60.13812256,23.48999977,19.62355995
2009-07-29,97.65000153,72.14257812,98.08999634,96.98000336,194399300,25.61000061,82.41999817,30.09039497,89.90000153,60.17826462,23.65999985,19.76557732
2009-07-30,98.66999817,72.89614105,99.83000183,98.59999847,225575400,25.39999962,83.09999847,30.33866501,90.26000214,60.41924667,23.62999916,19.74051285
2009-07-31,98.80999756,72.99958038,99.47000122,98.37999725,207358000,25.92000008,84.44999695,30.8315506,91.16999817,61.02837372,23.31999969,19.48154259
2009-08-03,100.4400024,74.20384216,100.5299988,99.30999756,175776900,25.55999947,83.90000153,30.89004517,89.94000244,60.37995148,23.12999916,19.32281303
2009-08-04,100.6999969,74.39587402,100.8399963,99.77999878,176714600,24.88999939,83.72000122,30.82378578,89.68000031,60.20525742,23.12999916,19.32281303
2009-08-05,100.4100037,74.18164062,100.8600006,99.58000183,184726400,24.89999962,83.44999695,30.72436905,89.16999817,59.86296844,23.10000038,19.2977562
2009-08-06,99.88999939,73.79747772,101.0199966,99.41999817,193203800,25.67000008,82.79000092,30.48140526,89.16999817,59.86296844,23.20999908,19.38964462
2009-08-07,101.1999969,74.76528168,102.0299988,100.3899994,220640900,24.76000023,83.37000275,30.69493294,88.58000183,59.46687698,23.47999954,19.61520576
2009-08-10,100.9899979,74.61012268,101.2200012,100.2699966,130898700,24.98999977,83.75,30.83482552,89.15000153,59.84952164,23.55999947,19.68203735
2009-08-11,99.73000336,73.67926788,100.6100006,99.45999908,157301000,25.98999977,83.55000305,30.7612114,89.76999664,60.2657547,23.57999992,19.69874763
2009-08-12,100.8000031,74.46977997,101.5599976,99.51000214,219052400,25.45000076,83.33999634,30.68388176,89.51999664,60.09793854,23.46999931,19.60685158
2009-08-13,101.5699997,75.03862,101.6100006,100.2600021,176449500,24.70999908,82.27999878,30.29363632,90.22000122,60.56788635,23.36000061,19.51496124
2009-08-14,100.7900009,74.4623642,101.5999985,99.69999695,199616100,24.27000046,81.87000275,30.14266968,90.5,60.75580978,23.45000076,19.59014511
2009-08-17,98.30999756,72.63021088,98.94999695,98.11000061,237667500,27.88999939,79.87000275,29.40630531,91.12000275,61.17206955,23.59000015,19.70710182
2009-08-18,99.08999634,73.20643616,99.44000244,98.34999847,173461500,26.18000031,81.25,29.91441345,90.80000305,60.95729828,23.53000069,19.65697479
2009-08-19,99.95999908,73.84915924,100.3000031,98.20999908,192812800,26.26000023,81.58000183,30.03589058,91.13999939,61.18549347,23.37999916,19.5316658
2009-08-20,100.9899979,74.61012268,101.2200012,99.87000275,174131300,25.09000015,81.33000183,29.94385719,91.37999725,61.34657288,23.30999947,19.47318649
2009-08-21,102.9700012,76.07292938,103.1299973,101.6200027,224605000,25.01000023,82.44000244,30.35253334,90.44999695,60.72229385,23.22999954,19.4063549
2009-08-24,102.9599991,76.06555176,103.9499969,102.5899963,191279000,25.13999939,82.01000214,30.19423103,91.01000214,61.09818649,23.28000069,19.44812775
2009-08-25,103.1600037,76.21326447,104.2600021,102.9400024,215310600,24.92000008,82,30.19054413,91.25,61.25934982,23.28000069,19.44812775
2009-08-26,103.1699982,76.22067261,103.6399994,102.4899979,194620700,24.95000076,82.31999969,30.30833054,91.37000275,61.33988953,23.37000084,19.52331352
2009-08-27,103.4000015,76.39060211,103.7200012,101.9400024,196230100,24.68000031,81.90000153,30.15373421,91.12000275,61.17206955,23.23999977,19.41470909
2009-08-28,103.3799973,76.37582397,104.3499985,102.6699982,147024400,24.76000023,82.30999756,30.30467987,91.33000183,61.3130188,23.28000069,19.44812775
2009-08-31,102.4599991,75.69615173,102.5800018,101.7900009,176051600,26.01000023,82.31999969,30.30833054,91.59999847,61.49430466,23.26000023,19.43141747
2009-09-01,100.1999969,74.02648926,103.2399979,99.98999786,321276800,29.14999962,80.84999847,30.0235157,91.58000183,61.65381241,23.40999985,19.55672836
2009-09-02,99.81999969,73.7457428,100.4400024,99.56999969,171805000,28.89999962,80.41999817,29.86384583,92.08000183,61.9904747,23.31999969,19.48154259
2009-09-03,100.6500015,74.35891724,100.7699966,99.58999634,143572300,27.10000038,80.94000244,30.05693245,91.75,61.76832199,23.34000015,19.49824905
2009-09-04,102.0599976,75.40061951,102.0899963,100.5500031,142687900,25.26000023,81.55999756,30.28717232,91.19999695,61.39802933,23.25,19.42306328
2009-09-08,102.9400024,76.0507431,103.0500031,102.3899994,132909100,25.62000084,82.72000122,30.71795845,90.98999786,61.25666428,22.98999977,19.20586014
2009-09-09,103.7300034,76.63438416,104.0800018,102.8000031,154612500,24.31999969,81.94000244,30.42831802,91.06999969,61.31046677,22.90999985,19.13902855
2009-09-10,104.7900009,77.41751099,104.8600006,103.2200012,162902400,23.54999924,83.20999908,30.89989853,91.75,61.76832199,22.86000061,19.09725761
2009-09-11,104.7699966,77.40275574,105.3000031,104.2799988,152360100,24.14999962,84,31.19327545,92.01999664,61.95008087,22.80999947,19.05548668
2009-09-14,105.2799988,77.77954102,105.4599991,103.1500015,149593800,23.86000061,84.09999847,31.23041534,91.48000336,61.58652496,22.79000092,19.03877831
2009-09-15,105.7200012,78.10458374,106.1100006,104.7600021,196795900,23.42000008,84.69999695,31.45320511,91.29000092,61.45859528,22.70999908,18.97194481
2009-09-16,107.3199997,79.28665161,107.3399963,105.7300034,206406300,23.69000053,85.79000092,31.85799026,91.22000122,61.41150665,22.63999939,18.91346931
2009-09-17,107.1600037,79.1684494,108.0599976,106.5699997,229170900,23.64999962,85.94000244,31.91370392,91.66999817,61.71443939,22.68000031,18.94688797
2009-09-18,106.7200012,79.21892548,107.1600037,106.3600006,153799100,23.92000008,85.69999695,31.82456779,91.18000031,61.38456726,22.76000023,19.01371574
2009-09-21,106.4499969,79.01850128,107,105.6600037,151892000,24.05999947,85.75,31.84311676,91.12000275,61.34415054,22.84000015,19.08054924
2009-09-22,107.0699997,79.47872162,107.3700027,106.5999985,143126700,23.07999992,85.65000153,31.80599213,91.36000061,61.50572968,22.60000038,18.88005447
2009-09-23,106.1800003,78.81807709,108.0299988,105.9899979,225947400,23.48999977,85.91000366,31.90253639,91.55999756,61.64039993,22.70000076,18.96359253
2009-09-24,105.0100021,77.94960022,106.6399994,104.5500031,228636800,24.95000076,86.06999969,31.96196175,91.80999756,61.80871582,22.87000084,19.10561562
2009-09-25,104.4499969,77.53392029,105.3600006,104.0899963,204059000,25.61000061,85.79000092,31.85799026,92.18000031,62.05779648,22.80999947,19.05548668
2009-09-28,106.3199997,78.92201996,106.5500031,104.8300018,118285800,24.87999916,86.47000122,32.11051559,92.33999634,62.1655159,22.87999916,19.11396217
2009-09-29,106,78.6844635,107.0199966,105.7799988,133733900,25.19000053,86.37000275,32.07336426,92.30000305,62.13855743,22.92000008,19.14738274
2009-09-30,105.5899963,78.38010406,106.4599991,104.6200027,254383000,25.61000061,86.34999847,32.06594467,92.37000275,62.18572617,22.79000092,19.03877831
2009-10-01,102.9700012,76.43527222,105.7300034,102.9499969,281840600,28.27000046,83.38999939,31.2216835,92.80999756,62.65351868,22.95000076,19.17244339
2009-10-02,102.4899979,76.07897186,103.0999985,101.9899979,224748800,28.68000031,83.41999817,31.2328949,92.76999664,62.6265564,22.89999962,19.13067436
2009-10-05,104.0199966,77.21469879,104.3199997,102.5999985,149875000,26.84000015,84.54000092,31.65223312,92.76000214,62.61977005,22.77000046,19.02207184
2009-10-06,105.5100021,78.32072449,106.1100006,104.7099991,202491100,25.70000076,84.25,31.54366302,92.45999908,62.41722107,22.67000008,18.93853378
2009-10-07,105.8000031,78.53601074,105.9100037,105.0699997,159200300,24.68000031,84.87000275,31.77577782,93.05000305,62.8155098,22.69000053,18.95524025
2009-10-08,106.6100006,79.1372757,107.1699982,105.8499985,183305800,24.18000031,85.41000366,31.97796249,92.70999908,62.58599472,22.54000092,18.82993126
2009-10-09,107.2600021,79.61975861,107.2600021,106.3600006,135008300,23.12000084,85.73999786,32.10151291,91.81999969,61.98520279,22.71999931,18.980299
2009-10-12,107.6800003,79.93153381,108.0899963,107.2799988,118031000,23.01000023,85.72000122,32.0940361,92.08999634,62.1674881,22.62000084,18.89676094
2009-10-13,107.4599991,79.76820374,107.7099991,106.7600021,157692700,22.98999977,85.69999695,32.08654022,92.30000305,62.30922318,22.56999969,18.85499001
2009-10-14,109.3099976,81.14150238,109.4199982,107.4199982,191421600,22.86000061,86.04000092,32.21385193,91.66999817,61.88397598,22.39999962,18.71297264
2009-10-15,109.7099991,81.43841553,109.7099991,108.7300034,173873600,21.71999931,86.01999664,32.2063446,91.37000275,61.68148422,22.40999985,18.72132683
2009-10-16,108.8899994,80.82974243,109.2699966,108.2300034,192069400,21.43000031,86.01000214,32.20262909,91.79000092,61.96500397,22.46999931,18.77145004
2009-10-19,109.7900009,81.49781799,110.1299973,108.7300034,159530400,21.48999977,86.02999878,32.21009064,91.93000031,62.05949783,22.36000061,18.6795578
2009-10-20,109.2099991,81.06731415,109.9899979,108.6800003,180921100,20.89999962,86.19000244,32.27000046,92.13999939,62.20124817,22.45999908,18.76309586
2009-10-21,108.2300034,80.3398056,110.3099976,108.1500015,225379300,22.21999931,86.33999634,32.32614517,91.93000031,62.05949783,22.31999969,18.64614105
2009-10-22,109.3300018,81.15634155,109.6800003,107.5,238444000,20.69000053,87,32.57325363,91.66000366,61.87720871,22.30999947,18.63778687
2009-10-23,108.0800018,80.22846985,109.7600021,107.6299973,240033200,22.27000046,86.84999847,32.51708603,91.20999908,61.57341003,22.43000031,18.7380352
2009-10-26,106.9100037,79.35995483,109.3099976,106.6100006,242028200,24.30999947,86.90000153,32.53581619,90.69000244,61.22240829,22.57999992,18.8633461
2009-10-27,106.4199982,78.99623871,107.3899994,106.1600037,253266300,24.82999992,86.22000122,32.28124237,91.47000122,61.74891281,22.63999939,18.91346931
2009-10-28,104.4100037,77.50421143,106.4800034,104.3499985,248821400,27.90999985,84.80000305,31.74957466,91.75,61.93798828,22.72999954,18.98865318
2009-10-29,106.6500015,79.16696167,106.8600006,104.9400024,198110600,24.76000023,85.98999786,32.19509888,91.30999756,61.64092255,22.56999969,18.85499001
2009-10-30,103.5599976,76.87323761,106.6200027,103.4400024,325608100,30.69000053,85.18000031,31.89184952,91.98999786,62.0999794,22.70000076,18.96359253
2009-11-02,104.3199997,77.43737793,105.4100037,103.0800018,254222900,29.78000069,85.13999939,32.14213943,90.98000336,61.93658447,22.62000084,18.89676094
2009-11-03,104.6500015,77.68237305,104.8000031,103.5400009,228362600,28.80999947,85.33000183,32.21385574,90.76999664,61.79364014,22.68000031,18.94688797
2009-11-04,104.9199982,77.88277435,106.3300018,104.6500015,247996700,27.71999931,85.45999908,32.26296234,90.51999664,61.62347412,22.51000023,18.8048687
2009-11-05,106.8499985,79.31542969,106.8799973,105.4400024,180015300,25.43000031,85.52999878,32.28935242,90.54000092,61.63703918,22.94000053,19.1640892
2009-11-06,107.1299973,79.52323914,107.4000015,106.0500031,170954100,24.19000053,85.61000061,32.31957245,90.80999756,61.82075882,22.82999992,19.07219505
2009-11-09,109.5699997,81.33448792,109.6299973,107.8700027,159495700,23.14999962,85.94999695,32.44791794,90.84999847,61.84807968,22.54000092,18.82993126
2009-11-10,109.5899963,81.34934998,109.9300003,108.9700012,171899800,22.84000015,85.91999817,32.43659592,90.91999817,61.89575577,22.44000053,18.74638939
2009-11-11,110.1500015,81.76502991,110.8199997,109.6200027,169466200,23.04000092,85.97000122,32.45549774,91.18000031,62.07276917,22.47999954,18.77980423
2009-11-12,109.0299988,80.93367004,110.5699997,108.75,157144500,24.23999977,86.06999969,32.49323273,91.20999908,62.09316635,22.79999924,19.0471344
2009-11-13,109.6200027,81.37160492,110.0899963,108.75,150963000,23.36000061,85.90000153,32.42905807,91.27999878,62.14080429,22.31999969,18.64614105
2009-11-16,111.2099991,82.55190277,111.6900024,110.3199997,210922200,22.88999939,86.30000305,32.58008575,91.76999664,62.47441101,22.21999931,18.56260109
2009-11-17,111.3399963,82.64837646,111.3899994,110.5,147134100,22.40999985,86.27999878,32.57249832,91.97000122,62.61053467,22.36000061,18.6795578
2009-11-18,111.2699966,82.59641266,111.4300003,110.5699997,156486800,21.62999916,86.05999756,32.48945236,91.73999786,62.45394897,22.28000069,18.6127243
2009-11-19,109.8199997,81.52007294,111.3099976,109.1299973,208734600,22.62999916,86.23999786,32.55741501,91.84999847,62.52879715,22.35000038,18.67120361
2009-11-20,109.4300003,81.23058319,109.7600021,109.0100021,134196000,22.19000053,86.22000122,32.54987335,91.83999634,62.52202225,22.44000053,18.74638939
2009-11-23,110.8199997,82.26238251,111.7399979,110.5999985,148010200,21.15999985,86.12999725,32.51587677,91.70999908,62.43352127,22.27000046,18.60437012
2009-11-24,110.9899979,82.38855743,111.1999969,110.0100021,138420100,20.46999931,86.18000031,32.53476715,92.18000031,62.75349045,22.29000092,18.6210804
2009-11-25,111.3799973,82.6780777,111.5,110.8199997,109564800,20.47999954,86.22000122,32.54987335,92.48999786,62.96449661,22.03000069,18.40387535
2009-11-27,109.5699997,81.33448792,110.3199997,108.2900009,126001800,24.73999977,85.62000275,32.3233757,92.91000366,63.25051117,22.26000023,18.59601784
2009-11-30,109.9400024,81.60914612,110.1999969,108.1200027,160874800,24.51000023,85.90000153,32.42905807,93.05999756,63.35261154,22.17000008,18.52083015
2009-12-01,111.3000031,82.61870575,111.6600037,110.7300034,159613700,21.92000008,85.69999695,32.58953857,92.33999634,63.00324631,22.06999969,18.43729019
2009-12-02,111.25,82.58156586,112.0100021,110.9199982,132315100,21.12000084,85.79000092,32.62375641,92.15000153,62.87358856,22.13999939,18.4957695
2009-12-03,110.3799973,81.93577576,112.1800003,110.2900009,167324900,22.45999908,85.90000153,32.66557312,91.72000122,62.58023453,22.14999962,18.50412178
2009-12-04,111.0100021,82.40344238,112.3799973,110.0400009,274907800,21.25,86.25,32.79868317,91.04000092,62.1162529,22.47999954,18.77980423
2009-12-07,110.8399963,82.27724457,111.5299988,110.4899979,127973800,22.10000038,86.36000061,32.84049988,91.29000092,62.28684616,22.47999954,18.77980423
2009-12-08,109.6100006,81.36418915,110.7699966,109.2699966,169863700,23.69000053,86.45999908,32.87855148,91.61000061,62.50514603,22.59000015,18.87169838
2009-12-09,110.0199966,81.66850281,110.1800003,109.0199966,155063400,22.65999985,86.45999908,32.87855148,91.43000031,62.38240814,22.5,18.7965126
2009-12-10,110.6399994,82.12875366,111.1200027,110.4499969,138014600,22.31999969,86.88999939,33.04206085,91.12000275,62.17085266,22.5,18.7965126
2009-12-11,111.1100006,82.47764587,111.3600006,110.6100006,124854000,21.59000015,86.94000244,33.0610733,90.66999817,61.86380768,22.68000031,18.94688797
2009-12-14,111.8700027,83.04180908,112,111.1299973,107141500,21.14999962,87.63999939,33.32727432,90.66999817,61.86380768,22.62999916,18.90511513
2009-12-15,111.3499985,82.6558075,111.9199982,111,120408800,21.48999977,87.55000305,33.29304504,90.37999725,61.66598892,22.79000092,19.03877831
2009-12-16,111.5199966,82.78200531,112.1299973,111.2699966,155358200,20.54000092,87.75,33.36909866,90.37999725,61.66598892,22.77000046,19.02207184
2009-12-17,110.1800003,81.787323,110.9300003,110.0800018,183390100,22.51000023,87.69999695,33.35009384,91.18000031,62.21177292,23.01000023,19.2225666
2009-12-18,110.2099991,82.25000763,110.3000031,109.2799988,174591200,21.68000031,87.65000153,33.33107758,90.73000336,61.90476608,23.01000023,19.2225666
2009-12-21,111.3300018,83.08588409,111.6999969,110.7600021,118039600,20.48999977,87.91000366,33.42994308,89.80000305,61.27022934,23.07999992,19.28104401
2009-12-22,111.7300034,83.38440704,111.9700012,111.4300003,91707500,19.54000092,88.09999847,33.50219345,89.40000153,60.99731445,23.15999985,19.3478775
2009-12-23,111.9499969,83.54857635,112.1100006,111.5,111783100,19.70999908,88.30999756,33.58205795,89.36000061,60.96997452,23.03000069,19.23927498
2009-12-24,112.4800034,83.94412231,112.5999985,112,39677500,19.46999931,88.63999939,33.70756149,89.04000092,60.75165558,23.03000069,19.23927498
2009-12-28,112.7200012,84.12324524,112.9899979,112.3199997,87508500,19.93000031,88.37999725,33.60867691,88.80000305,60.58789825,22.96999931,19.18914986
2009-12-29,112.5599976,84.00380707,113.0299988,112.5500031,80572500,20.01000023,87.33000183,33.42877579,88.87000275,60.74783325,23.04000092,19.24763107
2009-12-30,112.5199966,83.97399139,112.6500015,112.1699982,73138400,19.95999908,87.69999695,33.57040405,89.02999878,60.8572464,23.04000092,19.24763107
2009-12-31,111.4400024,83.16797638,112.8000031,111.3899994,90637900,21.68000031,87.83999634,33.62398911,88.59999847,60.56332397,23.07999992,19.28104401
2010-01-04,113.3300018,84.57847595,113.3899994,111.5100021,118944600,20.04000092,88.52999878,33.88812256,88.81999969,60.71365738,22.92000008,19.14738274
2010-01-05,113.6299973,84.80236053,113.6800003,112.8499985,111579900,19.35000038,88.94999695,34.0489006,89.20999908,60.98027802,22.90999985,19.13902855
2010-01-06,113.7099991,84.86206818,113.9899979,113.4300003,116074400,19.15999985,89.18000031,34.13692474,88.84999847,60.73421097,22.85000038,19.08890533
2010-01-07,114.1900024,85.22028351,114.3300018,113.1800003,131091100,19.05999947,89.54000092,34.27471161,88.84999847,60.73421097,23,19.21421432
2010-01-08,114.5699997,85.50388336,114.6200027,113.6600037,126402800,18.12999916,89.68000031,34.32832718,88.95999908,60.80939484,22.84000015,19.08054924
2010-01-11,114.7300034,85.62329865,115.1299973,114.2399979,106375700,17.54999924,89.59999847,34.29767609,89.01999664,60.85036469,22.71999931,18.980299
2010-01-12,113.6600037,84.82476807,114.2099991,113.2200012,163333500,18.25,89.13999939,34.12161255,89.66000366,61.28789139,22.71999931,18.980299
2010-01-13,114.6200027,85.54119873,114.9400024,113.3700027,161822000,17.85000038,89.33999634,34.19817352,89.23000336,60.99395752,22.70000076,18.96359253
2010-01-14,114.9300003,85.77256775,115.1399994,114.4199982,115718800,17.62999916,89.44000244,34.23644257,89.65000153,61.28104782,22.63999939,18.91346931
2010-01-15,113.6399994,84.80982208,114.8399963,113.1999969,212283100,17.90999985,89.08000183,34.09863663,90.05000305,61.55444336,22.77000046,19.02207184
2010-01-19,115.0599976,85.86958313,115.1299973,113.5899963,139172700,17.57999992,89.12000275,34.11396027,89.88999939,61.44511032,22.84000015,19.08054924
2010-01-20,113.8899994,84.99641418,114.4499969,112.9800034,216490200,18.68000031,88.98999786,34.06420135,90.19999695,61.65696716,23.12000084,19.31446457
2010-01-21,111.6999969,83.36201477,114.2699966,111.5599976,344859600,22.27000046,87.59999847,33.53210068,90.52999878,61.88256073,23.12000084,19.31446457
2010-01-22,109.2099991,81.50375366,111.7399979,109.0899963,345942400,27.30999947,86.76999664,33.21441269,90.61000061,61.93726349,23.07999992,19.28104401
2010-01-25,109.7699966,81.92165375,110.4100037,109.4100037,186937500,25.40999985,86.90000153,33.26417542,90.41000366,61.80056381,23.04999924,19.25598526
2010-01-26,109.3099976,81.57835388,110.4700012,109.0400009,211168800,24.54999924,87.01000214,33.3062439,90.58999634,61.92360306,23.14999962,19.33952332
2010-01-27,109.8300018,81.96639252,110.0800018,108.3300018,271863600,23.13999939,87.04000092,33.3177681,90.37999725,61.78007126,23.22999954,19.4063549
2010-01-28,108.5699997,81.02609253,110.25,107.9100037,316104000,23.72999954,86.66999817,33.17611313,90.34999847,61.75952911,23.27000046,19.43977356
2010-01-29,107.3899994,80.14545441,109.8000031,107.2200012,310677600,24.62000084,86.23000336,33.00770569,90.69999695,61.99877548,23.45000076,19.59014511
2010-02-01,109.0599976,81.39178467,109.0699997,107.5,187865000,22.59000015,85.98000336,33.16702652,90.08999634,61.78618622,23.35000038,19.50660515
2010-02-02,110.3799973,82.3768692,110.5899963,108.8799973,216327900,21.47999954,86.23999786,33.26729965,90.23999786,61.88904572,23.27000046,19.43977356
2010-02-03,109.8300018,81.96639252,110.4800034,109.5100021,172730700,21.60000038,86.68000031,33.43703079,89.80999756,61.5941124,23.39999962,19.54837227
2010-02-04,106.4400024,79.43648529,109.0299988,106.4199982,356715700,26.07999992,85.44999695,32.96257019,90.55000305,62.10170746,23.54999924,19.67368317
2010-02-05,106.6600037,79.6006546,106.8799973,104.5800018,493585800,26.11000061,84.94999695,32.7696991,90.83999634,62.30057144,23.64999962,19.75722313
2010-02-08,105.8899994,79.02597809,107.3300018,105.8099976,224166900,26.51000023,84.58000183,32.6269722,90.76000214,62.24563217,23.63999939,19.74886894
2010-02-09,107.2200012,80.01858521,108.1500015,106.2699966,337820500,26,84.75,32.69253922,90.26999664,61.90962601,23.48999977,19.62355995
2010-02-10,107.0100021,79.86183929,107.5999985,106.1100006,240511500,25.39999962,83.61000061,32.25278091,90.01999664,61.73817444,23.55999947,19.68203735
2010-02-11,108.1299973,80.69767761,108.25,106.25,223591600,23.95999908,83.94999695,32.38394165,89.91000366,61.66273117,23.54999924,19.67368317
2010-02-12,108.0400009,80.63054657,108.0999985,106.5100021,304622100,22.72999954,83.90000153,32.36461258,90.12000275,61.80672836,23.62999916,19.74051285
2010-02-16,109.7399979,81.89928436,109.8499985,107.8199997,159317500,22.25,84.73000336,32.68480301,90.31999969,61.94393539,23.43000031,19.57343292
2010-02-17,110.2600021,82.28733063,110.4100037,109.7399979,168845100,21.71999931,85.37999725,32.93554688,89.83999634,61.61474609,23.64999962,19.75722313
2010-02-18,110.9100037,82.77242279,111.1399994,110.0400009,193708600,20.62999916,86.19000244,33.24800491,89.51999664,61.39522552,23.64999962,19.75722313
2010-02-19,111.1399994,82.94408417,111.5699997,110.3600006,222684900,20.02000046,86.76999664,33.47178268,89.56999969,61.42953873,23.71999931,19.81570053
2010-02-22,111.1600037,82.95901489,111.5800018,110.8300018,132346900,19.94000053,86.87999725,33.5141983,89.5,61.3815155,23.68000031,19.78228569
2010-02-23,109.8099976,81.95149231,111.1999969,109.5199966,207497000,21.37000084,86.25,33.27116776,90.18000031,61.84787369,23.80999947,19.89088821
2010-02-24,110.8199997,82.70524597,111,109.8600006,176350700,20.27000046,86.58000183,33.39847565,90.23000336,61.88217545,23.76000023,19.84911919
2010-02-25,110.6699982,82.59331512,110.75,108.9400024,259634700,20.10000038,86.58999634,33.40229797,90.55999756,62.10851288,23.70999908,19.80734825
2010-02-26,110.7399979,82.64556122,111.1200027,110.1100006,173589300,19.5,87.16999817,33.62604904,90.69999695,62.20452118,23.63999939,19.74886894
2010-03-01,111.8899994,83.50379944,112,111.1699982,147709700,19.26000023,86.58999634,33.65171814,90.55000305,62.269207,23.71999931,19.81570053
2010-03-02,112.1999969,83.73514557,112.7399979,112,160992400,19.05999947,87.15000153,33.86937332,90.59999847,62.30351639,23.64999962,19.75722313
2010-03-03,112.3000031,83.80979919,112.9700012,112.0199966,150785000,18.82999992,87.23999786,33.9043045,90.51000214,62.241642,23.51000023,19.64026833
2010-03-04,112.6399994,84.06352997,112.8000031,112.0299988,135770400,18.71999931,87.30999756,33.93151474,90.66999817,62.35174179,23.63999939,19.74886894
2010-03-05,114.25,85.26508331,114.3399963,113.0999985,176118800,17.42000008,87.83000183,34.13360596,90.23999786,62.05599976,23.62999916,19.74051285
2010-03-08,114.2699966,85.27998352,114.5199966,114.0699997,114631200,17.79000092,87.84999847,34.14139938,90,61.89100266,23.62000084,19.73215866
2010-03-09,114.4599991,85.42179108,114.9899979,113.8700027,154556700,17.92000008,88.23000336,34.28907013,90.23000336,62.04911423,23.65999985,19.76557732
2010-03-10,114.9700012,85.80240631,115.2799988,114.4100037,186088800,18.56999969,88.26000214,34.30075073,90.08000183,61.94593811,23.62000084,19.73215866
2010-03-11,115.4499969,86.16062164,115.4800034,114.3499985,160791100,18.05999947,88.18000031,34.26965332,90,61.89100266,23.56999969,19.69039154
2010-03-12,115.4599991,86.16811371,115.9700012,115.1399994,162074800,17.57999992,88.19999695,34.27739334,90.13999939,61.98724747,23.42000008,19.56508064
2010-03-15,115.4899979,86.19050598,115.5699997,114.5999985,146816800,18,88.09999847,34.23853683,90.13999939,61.98724747,23.54999924,19.67368317
2010-03-16,116.4100037,86.87709808,116.5199966,115.4899979,168673000,17.69000053,88.40000153,34.35512924,90.48999786,62.22791672,23.37999916,19.5316658
2010-03-17,117.0999985,87.39202881,117.4800034,116.4199982,177468100,16.90999985,88.40000153,34.35512924,90.59999847,62.30351639,23.38999939,19.54001808
2010-03-18,117.0400009,87.34726715,117.2699966,116.5699997,196509100,16.62000084,88.52999878,34.40566635,90.36000061,62.13853073,23.54999924,19.67368317
2010-03-19,115.9700012,86.90513611,117.2900009,115.5199966,226641100,16.96999931,88.08999634,34.23464966,90.23999786,62.05599976,23.70999908,19.80734825
2010-03-22,116.5899963,87.36975861,116.8000031,115.2399979,184477800,16.87000084,88.51000214,34.39789963,90.54000092,62.26228714,23.64999962,19.75722313
2010-03-23,117.4100037,87.98421478,117.5100021,116.3799973,182941600,16.35000038,88.5,34.39399338,90.34999847,62.13169479,23.72999954,19.82405663
2010-03-24,116.8399963,87.55709076,117.4300003,115.5800018,196072600,17.54999924,88.44999695,34.37456131,89.44999695,61.51270294,24.04999924,20.09138298
2010-03-25,116.6500015,87.41471863,118.1699982,116.5100021,223396300,18.39999962,88.66000366,34.45618439,89.12000275,61.28578568,24.12999916,20.15821457
2010-03-26,116.5800018,87.36222076,117.4199982,116.1200027,205808500,17.77000046,88.62999725,34.44451523,89.33000183,61.43020248,23.95999908,20.01619911
2010-03-29,117.3199997,87.91677094,117.5299988,116.6900024,134513500,17.59000015,88.73999786,34.4872551,89.19999695,61.3408165,23.84000015,19.91595078
2010-03-30,117.4000015,87.97673035,117.8300018,116.9100037,145772500,17.12999916,88.65000153,34.45227814,89.29000092,61.40272522,23.93000031,19.99113464
2010-03-31,117,87.67698669,117.5199966,116.6100006,161078700,17.59000015,88.37000275,34.34348297,89.5,61.54706573,23.79999924,19.88253403
2010-04-01,117.8000031,88.276474,118.25,117.0999985,161215200,17.46999931,87.5,34.26046371,89.05999756,61.41955948,23.65999985,19.76557732
2010-04-05,118.7600021,88.99588013,118.8399963,117.9199982,105847600,17.02000046,87.45999908,34.24478912,88.26000214,60.86781311,23.78000069,19.86582756
2010-04-06,119.0400009,89.20572662,119.25,118.2900009,110384200,16.22999954,88.02999878,34.4679718,88.51999664,61.04714966,23.85000038,19.92430496
2010-04-07,118.3600006,88.69615936,119.3600006,117.8099976,184576300,16.62000084,88.16000366,34.51888657,89.06999969,61.42639923,23.89999962,19.96607399
2010-04-08,118.7699966,89.00340271,118.9700012,117.5999985,158704000,16.47999954,88.30999756,34.5776062,88.97000122,61.35748291,23.87999916,19.94936371
2010-04-09,119.5500031,89.58791351,119.5999985,118.8000031,133006500,16.13999939,88.44000244,34.62851334,89.06999969,61.42639923,23.70000076,19.79899406
2010-04-12,119.7399979,89.73027039,120.0500031,119.5599976,110279000,15.57999992,88.45999908,34.63634109,89.30999756,61.59196472,23.60000038,19.7154541
2010-04-13,119.8300018,89.79769135,120.0400009,119,125043600,16.20000076,88.69999695,34.73031998,89.48000336,61.70919037,23.60000038,19.7154541
2010-04-14,121.1900024,90.81687927,121.1900024,120.0800018,161609000,15.59000015,88.94000244,34.82430267,89.23999786,61.54364395,23.47999954,19.61520576
2010-04-15,121.2900009,90.89183044,121.5699997,120.9499969,144615300,15.89000034,89.18000031,34.91827011,89.38999939,61.64711761,23.56999969,19.69039154
2010-04-16,119.3600006,89.44551086,121.2900009,118.75,366786700,18.36000061,88.45999908,34.63634109,89.93000031,62.01951218,23.64999962,19.75722313
2010-04-19,119.8099976,89.78271484,119.9300003,118.4700012,217947800,17.34000015,88.29000092,34.56980515,89.70999908,61.86782837,23.69000053,19.79063988
2010-04-20,120.8799973,90.58457947,120.9800034,119.8700027,157708000,15.72999954,89.23999786,34.94178009,89.75,61.89537048,23.72999954,19.82405663
2010-04-21,120.6600037,90.41970062,121.2300034,119.9899979,192910100,16.31999969,89.25,34.94568253,90.04000092,62.09537125,23.78000069,19.86582756
2010-04-22,121.0199966,90.68948364,121.1699982,119.1200027,115360300,16.46999931,88.98999786,34.84387589,89.83000183,61.95055771,23.88999939,19.95772171
2010-04-23,121.8099976,91.28148651,121.8600006,120.6299973,177335500,16.62000084,89.56999969,35.07097244,89.58000183,61.77815628,23.84000015,19.91595078
2010-04-26,121.3499985,90.93675995,122.1200027,121.2300034,143457300,17.46999931,89.56999969,35.07097244,89.63999939,61.81953049,23.82999992,19.90759659
2010-04-27,118.4800034,88.78605652,121.3399963,118.25,355853300,22.80999947,88.44000244,34.62851334,90.48000336,62.39878845,24.12000084,20.14986229
2010-04-28,119.3799973,89.46047974,119.6800003,118.2699966,300674100,21.07999992,88.5,34.65202332,90.01999664,62.08157349,24.11000061,20.1415081
2010-04-29,120.8600006,90.56958008,121.1100006,120.0699997,193775000,18.44000053,89.11000061,34.89086914,90.16999817,62.18499374,24,20.04961586
2010-04-30,118.8099976,89.03334808,121.0100021,118.7799988,270000900,22.04999924,89.40000153,35.00441742,90.72000122,62.56430435,23.95999908,20.01619911
2010-05-03,120.3499985,90.18741608,120.6800003,119.1999969,182747900,20.19000053,88.75,35.00045776,90.20999908,62.40039062,24.11000061,20.1415081
2010-05-04,117.5199966,88.06666565,119.0299988,116.9199982,360353400,23.84000015,87.83999634,34.64157867,90.81999969,62.82234573,24.37999916,20.36706734
2010-05-05,116.8199997,87.54210663,117.8000031,115.9700012,328973200,24.90999985,86.63999939,34.16834259,91.16999817,63.06443024,24.61000061,20.55920792
2010-05-06,112.9400024,84.63450623,117,105,647356600,32.79999924,84.48999786,33.32043457,92.16999817,63.75614548,24.80999947,20.72628784
2010-05-07,111.2600021,83.37558746,113.7699966,109.4100037,637558800,40.95000076,84.48000336,33.31650543,91.91999817,63.58323669,24.70000076,20.63439751
2010-05-10,116.1600037,87.04753876,116.6500015,114.9100037,396159600,28.84000015,86.05999756,33.93959808,91.22000122,63.09903336,24.63999939,20.58426857
2010-05-11,115.8300018,86.80020142,117.3600006,114.9100037,317849800,28.31999969,85.95999908,33.90013504,91.33000183,63.17514038,24.75,20.67616463
2010-05-12,117.4499969,88.01421356,117.6200027,116.0899963,235607100,25.52000046,87.01000214,34.31424713,91.09999847,63.01601791,24.81999969,20.73464012
2010-05-13,115.9899979,86.92012024,117.6800003,115.8899994,234452500,26.68000031,86.47000122,34.10131454,91.34999847,63.18893814,24.95999908,20.85159683
2010-05-14,113.8899994,85.34645081,115.3300018,112.8700027,345601400,31.23999977,85.97000122,33.90410614,91.94000244,63.59709549,25.19000053,21.04374313
2010-05-17,113.9499969,85.39137268,114.5199966,111.7699966,325739800,30.84000015,85.86000061,33.86072159,91.73999786,63.45873642,25.19000053,21.04374313
2010-05-18,112.4000015,84.22984314,115.2200012,112.0299988,360556800,33.54999924,85.68000031,33.78974533,92.41000366,63.92219925,25.45999908,21.26929665
2010-05-19,111.7600021,83.75024414,112.7699966,110.3600006,394742700,35.31999969,85.18000031,33.592556,92.48999786,63.97755432,25.21999931,21.06880188
2010-05-20,107.5400009,80.587883,109.8899994,107.4700012,530418300,45.79000092,82.63999939,32.59085464,93.38999939,64.60009003,25.09000015,20.96020126
2010-05-21,109.1100006,81.76442719,109.3799973,105.3600006,500909400,40.09999847,84.30000305,33.2454834,93.44000244,64.63461304,24.97999954,20.86830711
2010-05-24,107.7099991,80.71527863,109.3899994,107.6100006,269823000,38.31999969,84.43000031,33.29677963,93.44000244,64.63461304,25.22999954,21.07715607
2010-05-25,107.8199997,80.7977066,107.8700027,104.3799973,396505200,34.61000061,84.33000183,33.25736237,93.76000214,64.85604095,25.29999924,21.13563347
2010-05-26,107.1699982,80.31063843,109.4700012,106.8499985,349719300,35.02000046,83.31999969,32.85902023,93.56999969,64.72460175,25.46999931,21.27765465
2010-05-27,110.7600021,83.00088501,110.8000031,108.7799988,300870500,29.68000031,84.47000122,33.31256104,92.68000031,64.1089859,25.20000076,21.05209541
2010-05-28,109.3700027,81.95927429,110.7200012,108.8499985,297933500,32.06999969,84.61000061,33.36775589,93.09999847,64.3994751,25.34000015,21.16905212
2010-06-01,107.5299988,80.58037567,109.9499969,107.3700027,277909400,35.54000092,83.56999969,33.2100029,92.95999908,64.4827652,25.35000038,21.1774044
2010-06-02,110.3300018,82.67862701,110.3399963,107.5100021,240243700,30.17000008,84,33.38088608,92.43000031,64.11507416,25.34000015,21.16905212
2010-06-03,110.7099991,82.96339417,111.0599976,109.5800018,226618300,29.45999908,84.02999878,33.39279556,92.30000305,64.0248642,25.46999931,21.27765465
2010-06-04,106.8199997,80.04832458,109.3300018,106.4599991,398475600,35.47999954,83.55999756,33.20602417,93.58000183,64.91279602,25.77000046,21.52827072
2010-06-07,105.4899979,79.05165863,107.6100006,105.4100037,264609100,36.56999969,82.98000336,32.97554398,93.95999908,65.17636108,25.82999992,21.57839775
2010-06-08,106.6200027,79.89847565,106.8300018,104.6500015,357774300,33.70000076,83.11000061,33.02718353,93.66999817,64.97521973,25.75,21.51156235
2010-06-09,106.0500031,79.47131348,108.2799988,105.5999985,268023300,33.72999954,83.29000092,33.09873199,93.68000031,64.98215485,25.64999962,21.42802429
2010-06-10,109.1500015,81.79438782,109.2799988,106.0400009,317890600,30.56999969,84.13999939,33.43651581,92.80999756,64.37863922,25.37999916,21.20246887
2010-06-11,109.6800003,82.19156647,109.75,108.1200027,214128200,28.79000092,84.26000214,33.48421478,93.40000153,64.78797913,25.45999908,21.26929665
2010-06-14,109.5100021,82.06414032,111.1200027,109.4000015,207196100,28.57999992,84.37000275,33.5279274,93.31999969,64.73240662,25.22999954,21.07715607
2010-06-15,112,83.93009949,112.0999985,110.0899963,238268700,25.87000084,85.19000244,33.85377121,93.02999878,64.53128052,25.02000046,20.90172195
2010-06-16,111.9599991,83.90011597,112.4199982,111.1999969,216374000,25.92000008,85.26000214,33.88158035,93.29000092,64.7116394,25.10000038,20.96855545
2010-06-17,112.1399994,84.03500366,112.3300018,111.0500031,263185800,25.04999924,85.90000153,34.13594055,93.73000336,65.01685333,24.95000076,20.84324455
2010-06-18,111.7300034,84.12613678,112.1299973,111.3700027,174006600,23.95000076,86.26999664,34.28293991,93.54000092,64.88505554,24.94000053,20.83489227
2010-06-21,111.4100037,83.88520813,113.1999969,110.7900009,213140700,24.87999916,86.58000183,34.40615082,93.47000122,64.83651733,25.03000069,20.91007614
2010-06-22,109.5699997,82.49978638,111.9000015,109.4100037,239355400,27.04999924,85.95999908,34.15975571,94.02999878,65.22497559,25.06999969,20.9434948
2010-06-23,109.2300034,82.2437973,110.0299988,108.4800034,254639900,26.90999985,85.90000153,34.13594055,94.37999725,65.46770477,24.96999931,20.85995293
2010-06-24,107.4199982,80.88095093,108.8300018,107.1399994,268523600,29.73999977,85.30999756,33.90144348,94.30000305,65.41223145,24.96999931,20.85995293
2010-06-25,107.8700027,81.21976471,108.4199982,106.7699966,238726500,28.53000069,85.69999695,34.05643845,94.44999695,65.51624298,24.82999992,20.74299622
2010-06-28,107.5299988,80.96376038,108.3199997,107.1399994,169218600,29,85.88999939,34.13193893,95.12000275,65.98098755,24.95999908,20.85159683
2010-06-29,104.2099991,78.46400452,107.5100021,103.5500031,373649500,34.13000107,85.02999878,33.79018021,95.52999878,66.26545715,25.07999992,20.95184517
2010-06-30,103.2200012,77.71859741,104.8799973,102.8799973,284101700,34.54000092,84.90000153,33.73854446,95.66999817,66.36255646,25.05999947,20.9351368
2010-07-01,102.7600021,77.37223816,103.4899979,101.1299973,382924800,32.86000061,84.68000031,33.89987183,95.37999725,66.33332825,24.60000038,20.55085564
2010-07-02,102.1999969,76.95059204,103.4199982,101.6200027,233385200,30.12000084,84.69999695,33.90786743,95.20999908,66.21508789,24.56999969,20.52579308
2010-07-06,102.8700027,77.45506287,104.3700027,101.8799973,256935300,29.64999962,85.37000275,34.17610931,95.44000244,66.37509155,24.48999977,20.45896149
2010-07-07,106.1100006,79.89461517,106.2399979,103.0199966,253769400,26.84000015,86.40000153,34.58845139,95.13999939,66.16644287,24.40999985,20.39212608
2010-07-08,107.1600037,80.68518829,107.2799988,105.9100037,210842100,25.70999908,86.80000305,34.74856949,94.91000366,66.00645447,24.37999916,20.36706734
2010-07-09,107.9599991,81.28754425,107.9700012,106.9300003,144999900,24.97999954,86.59999847,34.66846848,94.66000366,65.83261108,24.44000053,20.41719055
2010-07-12,108.0299988,81.34025574,108.2399979,107.1500015,131283600,24.43000031,86.52999878,34.64048386,94.81999969,65.94385529,24.51000023,20.47566986
2010-07-13,109.6600037,82.56757355,110.0899963,108.9300003,213025900,24.55999947,87.19999695,34.90868759,94.34999847,65.61703491,24.29999924,20.30023384
2010-07-14,109.6500015,82.56000519,110.0800018,108.8600006,184426800,24.88999939,87.12000275,34.87667465,94.81999969,65.94385529,24.25,20.25846481
2010-07-15,109.6800003,82.5825882,110.0599976,108.1699982,232337900,25.13999939,87.25,34.92871857,95.30999756,66.28464508,23.96999931,20.02455139
2010-07-16,106.6600037,80.30873108,109.2099991,106.4499969,282693400,26.25,86.72000122,34.71652222,95.86000061,66.66718292,24.01000023,20.05796814
2010-07-19,107.2900009,80.78305817,107.6299973,106.2200012,186709000,25.96999931,87.01000214,34.8326416,95.61000061,66.49328613,24.03000069,20.07467842
2010-07-20,108.4800034,81.67906189,108.5599976,105.8199997,258162400,23.93000031,87.70999908,35.11288071,95.70999908,66.56285858,24.06999969,20.10809326
2010-07-21,107.0699997,80.61742401,109.0699997,106.6299973,264527000,25.63999939,87.66999817,35.09685135,96.31999969,66.98712158,24.22999954,20.24175453
2010-07-22,109.4599991,82.41694641,109.9400024,108.3300018,274781300,24.62999916,88.44999695,35.40908432,95.79000092,66.61849976,24.03000069,20.07467842
2010-07-23,110.4100037,83.1322403,110.5699997,108.9300003,222020800,23.46999931,88.84999847,35.56923676,95.48000336,66.40291595,23.98999977,20.04125977
2010-07-26,111.5599976,83.99814606,111.6699982,110.2900009,184445700,22.72999954,88.88999939,35.58524323,95.44999695,66.38201141,23.86000061,19.93265915
2010-07-27,111.5500031,83.9905777,112.2900009,111.1100006,204855600,23.19000053,88.76999664,35.53721237,95.12000275,66.15246582,23.89999962,19.96607399
2010-07-28,110.8300018,83.44850159,111.6600037,110.4599991,163056200,24.25,88.58000183,35.46114349,95.52999878,66.43764496,23.88999939,19.95772171
2010-07-29,110.2900009,83.04190826,111.8199997,109.4100037,220149100,24.12999916,88.84999847,35.56923676,95.73000336,66.57682037,23.72999954,19.82405663
2010-07-30,110.2699966,83.02683258,110.8600006,108.9800034,220070600,23.5,88.62000275,35.47714996,96.29000092,66.96620941,23.73999977,19.83240891
2010-08-02,112.7600021,84.90164948,112.9400024,111.5400009,188263200,22.01000023,88.48000336,35.66215897,95.73999786,66.75910187,23.52000046,19.64862251
2010-08-03,112.2200012,84.49504852,112.7699966,111.8499985,146657300,22.62999916,88.48000336,35.66215897,96.19000244,67.07292175,23.42000008,19.56508064
2010-08-04,112.9700012,85.05975342,113.1100006,112.1600037,158171700,22.20999908,88.43000031,35.64202499,95.79000092,66.79399109,23.54999924,19.67368317
2010-08-05,112.8499985,84.96944427,112.9100037,112.0800018,140473800,22.10000038,88.38999939,35.62589645,96.25,67.11474609,23.46999931,19.60685158
2010-08-06,112.3899994,84.62306213,112.5699997,110.9199982,239728300,21.73999977,88.37000275,35.61782074,96.87999725,67.55400085,23.35000038,19.50660515
2010-08-09,112.9899979,85.07483673,113.1800003,112.3199997,120800400,22.13999939,88.20999908,35.55332565,96.86000061,67.54009247,23.46999931,19.60685158
2010-08-10,112.3799973,84.61554718,112.9800034,111.3700027,242916300,22.37000084,88.18000031,35.54125595,97.34999847,67.88178253,23.52000046,19.64862251
2010-08-11,109.3000031,82.29647064,110.6900024,109.1200027,273406900,25.38999939,87.02999878,35.07772827,97.90000153,68.26524353,23.93000031,19.99113464
2010-08-12,108.6299973,81.79198456,109.0199966,107.5999985,239542600,25.72999954,86.73000336,34.95682907,97.65000153,68.09095001,24.01000023,20.05796814
2010-08-13,108.3099976,81.55108643,108.9599991,108.1800003,158698500,26.23999977,87.11000061,35.10996628,98.06999969,68.38381195,24.11000061,20.1415081
2010-08-16,108.2600021,81.51341248,108.6100006,107.1800003,147895300,26.10000038,87.22000122,35.15432739,98.77999878,68.87888336,23.95999908,20.01619911
2010-08-17,109.5899963,82.51481628,110.3899994,108.8799973,172270300,24.32999992,87.55000305,35.28732681,98.27999878,68.53024292,23.87999916,19.94936371
2010-08-18,109.7900009,82.6654129,110.3799973,108.9100037,182922100,24.59000015,87.69999695,35.34776688,98.18000031,68.46052551,23.90999985,19.97443008
2010-08-19,107.8799973,81.22731018,109.4899979,107.4300003,265847600,26.44000053,87.51999664,35.27522278,98.62000275,68.76729584,23.95999908,20.01619911
2010-08-20,107.5299988,80.96376038,107.9400024,106.75,209714200,25.48999977,87.73000336,35.35988998,98.30000305,68.54418182,24.12999916,20.15821457
2010-08-23,107.1200027,80.65509033,108.5699997,107.0699997,163490300,25.65999985,87.73000336,35.35988998,98.43000031,68.63479614,24.18000031,20.19998932
2010-08-24,105.5299988,79.45788574,106.3899994,104.9700012,280677800,27.45999908,87.26999664,35.17446518,99.20999908,69.17877197,24.13999939,20.16656876
2010-08-25,105.9400024,79.76659393,106.3399963,104.2900009,272234800,26.70000076,87.15000153,35.12613297,98.76000214,68.86495209,24.18000031,20.19998932
2010-08-26,105.2300034,79.23200989,106.5800018,104.8799973,224439500,27.37000084,87.02999878,35.07772827,99.20999908,69.17877197,24.03000069,20.07467842
2010-08-27,106.8600006,80.45930481,106.9700012,104.3099976,272649000,24.45000076,87.01999664,35.07369995,98.06999969,68.38381195,24.06999969,20.10809326
2010-08-30,105.3099976,79.29221344,106.9100037,105.3000031,167238600,27.20999908,87.18000031,35.13820648,98.81999969,68.9068222,24.13999939,20.16656876
2010-08-31,105.3099976,79.29221344,105.9800034,104.4899979,273933100,26.04999924,87.15000153,35.12613297,99.26000214,69.2135849,24.12000084,20.14986229
2010-09-01,108.4599991,81.66400146,108.6100006,106.6600037,256828100,23.88999939,87.45999908,35.50568008,98.30000305,68.71520233,23.93000031,19.99113464
2010-09-02,109.4700012,82.42449188,109.4899979,108.4899979,156112200,23.19000053,87.59999847,35.5625,97.88999939,68.42856598,23.90999985,19.97443008
2010-09-03,110.8899994,83.4936676,110.9899979,109.9499969,212197300,21.30999947,87.86000061,35.66804886,97.33000183,68.03709412,23.79000092,19.87418175
2010-09-07,109.6399994,82.55246735,110.5100021,109.5500031,141973700,23.79999924,87.73000336,35.61528015,98.09999847,68.57538605,24.04000092,20.08302879
2010-09-08,110.4100037,83.1322403,110.8499985,109.8099976,149924400,23.25,87.75,35.62342072,97.83000183,68.38661194,23.95999908,20.01619911
2010-09-09,110.9199982,83.51623535,111.6800003,110.6200027,147017900,22.80999947,88.09999847,35.76549149,97.05999756,67.8483429,23.95999908,20.01619911
2010-09-10,111.4800034,83.93791199,111.6100006,110.8700027,127819000,21.98999977,88.33000183,35.85886765,96.77999878,67.65264893,23.97999954,20.03290558
2010-09-13,112.7200012,84.87152863,112.9499969,112.1299973,178503500,21.20999908,88.79000092,36.04561615,97.23999786,67.97420502,23.71999931,19.81570053
2010-09-14,112.6500015,84.81882477,113.2900009,112.0800018,209823600,21.55999947,88.76999664,36.0374794,97.73000336,68.31668091,23.52000046,19.64862251
2010-09-15,113.0800018,85.14258575,113.2099991,111.9800034,168608400,22.10000038,88.69000244,36.00502014,97.38999939,68.07906342,23.62000084,19.73215866
2010-09-16,113.0500031,85.12001801,113.1200027,112.3499985,199962900,21.71999931,88.83999634,36.06591034,97.05000305,67.841362,23.54000092,19.66533279
2010-09-17,112.4899979,85.15180969,113.1500015,112.1800003,195836900,22.01000023,89,36.13085556,97.26999664,67.99514771,23.60000038,19.7154541
2010-09-20,114.2099991,86.45380402,114.4599991,112.5199966,214555200,21.5,89.13999939,36.18771744,97.56999969,68.20487213,23.56999969,19.69039154
2010-09-21,113.9800034,86.27967834,114.8399963,113.5100021,268389100,22.35000038,88.98999786,36.12681961,98.48000336,68.84100342,23.30999947,19.47318649
2010-09-22,113.4199982,85.85579681,114.4400024,113.0999985,191322400,22.51000023,88.62999725,35.98067093,98.62999725,68.9458313,23.13999939,19.33117104
2010-09-23,112.5,85.15937042,113.6699982,112.1800003,202354300,23.87000084,88.40000153,35.8873024,98.76999664,69.04369354,23.20999908,19.38964462
2010-09-24,114.8199997,86.91558075,114.9000015,113.6500015,209671800,21.70999908,88.75,36.02938461,98.27999878,68.70121002,22.96999931,19.18914986
2010-09-27,114.2699966,86.49922943,114.9899979,114.1600037,128761800,22.54000092,88.90000153,36.09027481,99.04000092,69.23245239,23,19.21421432
2010-09-28,114.6699982,86.80200958,115.0400009,113.1800003,209207500,22.60000038,89.02999878,36.14305878,99.37000275,69.46308899,22.87999916,19.11396217
2010-09-29,114.4700012,86.65063477,114.9100037,114.0199966,179665800,23.25,89.23999786,36.22831345,99.12999725,69.29535675,22.84000015,19.08054924
2010-09-30,114.1299973,86.39322662,115.7900009,113.5899963,287106700,23.70000076,89.69000244,36.41098785,99.01000214,69.21153259,22.84000015,19.08054924
2010-10-01,114.6100006,86.75658417,115.1200027,113.9300003,174638700,22.5,89.22000122,36.45880508,98.83000183,69.24864197,22.64999962,18.92182541
2010-10-04,113.75,86.10557556,114.8499985,113.1800003,166153200,23.53000069,88.91000366,36.33211136,99.18000031,69.49386597,22.75,19.00536346
2010-10-05,116.0400009,87.83908081,116.3199997,114.6699982,229634100,21.76000023,89.23000336,36.46289062,99.19999695,69.50788879,22.55999947,18.84663773
2010-10-06,116.0299988,87.8314743,116.3300018,115.5599976,148626600,21.48999977,89.15000153,36.43019867,99.83999634,69.95629883,22.45000076,18.75474548
2010-10-07,115.8899994,87.72549438,116.5299988,115.1900024,164860000,21.55999947,89.33000183,36.50376511,99.94000244,70.02638245,22.47999954,18.77980423
2010-10-08,116.5400009,88.21754456,116.8600006,115.6100006,177760100,20.70999908,89.62999725,36.62635422,99.98000336,70.05439758,22.39999962,18.71297264
2010-10-11,116.6500015,88.30084229,116.9700012,116.25,103098300,18.95999908,89.81999969,36.70400238,100.0800018,70.12454987,22.48999977,18.78815842
2010-10-12,117.0100021,88.57334137,117.3499985,115.6500015,182210000,18.93000031,89.73999786,36.67127228,99.79000092,69.92124176,22.42000008,18.72968292
2010-10-13,117.9199982,89.26217651,118.5500031,117.3799973,194347200,19.06999969,90.04000092,36.79387283,99.79000092,69.92124176,22.36000061,18.6795578
2010-10-14,117.4599991,88.91391754,118.0100021,116.7200012,217764300,19.87999916,89.61000061,36.61816025,99.22000122,69.52185822,22.20999908,18.554245
2010-10-15,117.6999969,89.09564209,118.3499985,116.7600021,243705000,19.03000069,89.83999634,36.71215057,98.79000092,69.22059631,22.34000015,18.66284752
2010-10-18,118.2799988,89.5346756,118.6699982,117.3099976,141204800,19.09000015,89.72000122,36.66311264,99.26000214,69.54991913,22.31999969,18.64614105
2010-10-19,116.7300034,88.3613739,117.8499985,116.0199966,280604700,20.62999916,89.70999908,36.6590271,99.59999847,69.78816986,22.70000076,18.96359253
2010-10-20,117.8700027,89.2243576,118.4400024,116.8700027,200051800,19.79000092,89.98999786,36.77346039,99.54000092,69.74611664,22.38999939,18.70461655
2010-10-21,118.1299973,89.42111969,119.0899963,117.2099991,221585500,19.27000046,89.84999847,36.71623993,98.98999786,69.36075592,22.46999931,18.77145004
2010-10-22,118.3499985,89.58766174,118.5299988,118,108212400,18.78000069,90.26000214,36.88376617,99.01999664,69.3817749,22.46999931,18.77145004
2010-10-25,118.6999969,89.8526001,119.7600021,118.6100006,151145700,19.85000038,90.61000061,37.02679443,98.98999786,69.36075592,22.37000084,18.68791199
2010-10-26,118.7200012,89.86776733,118.8399963,117.8700027,158982900,20.21999931,90.75,37.08401489,98.33000183,68.89829254,22.52000046,18.81321907
2010-10-27,118.3799973,89.61037445,118.5100021,117.2600021,190024000,20.70999908,90.65000153,37.04314041,97.76000214,68.49891663,22.64999962,18.92182541
2010-10-28,118.4000015,89.6255188,119.1100006,117.8300018,168576000,20.87999916,90.69999695,37.06356049,98.33000183,68.89829254,22.40999985,18.72132683
2010-10-29,118.4899979,89.6936264,118.7200012,118.0699997,144305500,21.20000076,90.73999786,37.07993317,98.76999664,69.206604,22.37000084,18.68791199
2010-11-01,118.5299988,89.72392273,119.75,117.8499985,174074800,21.82999992,89.97000122,37.01041031,98.37000275,69.09069824,22.40999985,18.72132683
2010-11-02,119.4700012,90.43547058,119.75,119.0999985,158345900,21.56999969,90.41000366,37.19139099,98.69999695,69.32245636,22.25,18.58766365
2010-11-03,119.9499969,90.79880524,120.0199966,118.4499969,226702800,19.55999947,90.70999908,37.31480789,99.01999664,69.54724121,22.13999939,18.4957695
2010-11-04,122.2600021,92.54743195,122.3199997,119.9700012,215039400,18.52000046,91.88999939,37.80018997,99.81999969,70.10909271,21.96999931,18.35375023
2010-11-05,122.7200012,92.89561462,122.9199982,122.1800003,180654100,18.26000023,91.79000092,37.75909042,99.40000153,69.81412506,22.18000031,18.52918625
2010-11-08,122.4899979,92.72154236,122.6900024,121.9400024,156107100,18.29000092,91.51999664,37.64803696,99.43000031,69.83522797,22.30999947,18.63778687
2010-11-09,121.6100006,92.05540466,122.9499969,121.1200027,186621600,19.07999992,91.26000214,37.54106903,98.58999634,69.24520111,22.5,18.7965126
2010-11-10,122.0999985,92.42629242,122.1600037,120.6600037,221387400,18.46999931,90.51000214,37.23252869,98.95999908,69.50511932,22.47999954,18.77980423
2010-11-11,121.6399994,92.07810974,121.8199997,120.6800003,158017600,18.63999939,90.15000153,37.08441544,98.84999847,69.42786407,22.63999939,18.91346931
2010-11-12,120.1999969,90.98806,121.3499985,119.6500015,239068800,20.61000061,89.81999969,36.94871902,98.02999878,68.85190582,22.61000061,18.88840675
2010-11-15,120.0299988,90.859375,121.0500031,119.9800034,163940800,20.20000076,89.65000153,36.87876511,96.76999664,67.96692657,22.79000092,19.03877831
2010-11-16,118.1600037,89.44382477,119.4899979,117.5899963,299566200,22.57999992,88.66000366,36.47151947,97.48999786,68.47261047,22.92000008,19.14738274
2010-11-17,118.2200012,89.48924255,118.7099991,117.8600006,172308900,21.76000023,89.11000061,36.65664673,97.20999908,68.27596283,22.89999962,19.13067436
2010-11-18,119.9599991,90.80640411,120.3899994,119.3499985,197723700,18.75,90.23999786,37.12145615,96.98000336,68.11442566,22.73999977,18.99701118
2010-11-19,120.2900009,91.05619812,120.3399963,119.25,156852900,18.04000092,90.20999908,37.10913467,97.18000031,68.2549057,22.67000008,18.93853378
2010-11-22,120.1900024,90.98047638,120.2399979,118.7699966,181361000,18.37000084,89.58000183,36.84998703,97.69999695,68.62016296,22.73999977,18.99701118
2010-11-23,118.4499969,89.66336823,119.0199966,117.9899979,222309000,20.62999916,88.34999847,36.34401703,97.90000153,68.76057434,23.04000092,19.24763107
2010-11-24,120.1999969,90.98806,120.2300034,119.1800003,140046100,19.55999947,88.87999725,36.56202316,96.84999847,68.02309418,23.06999969,19.27269173
2010-11-26,118.8000031,89.92827606,119.8099976,118.8000031,76007800,22.21999931,88.55999756,36.43036652,97.26999664,68.3181076,23.20999908,19.38964462
2010-11-29,119.1600037,90.20082855,119.4800034,117.7399979,223642300,21.53000069,88.79000092,36.52499771,97.48000336,68.4655838,23.35000038,19.50660515
2010-11-30,118.4899979,89.6936264,119.1699982,117.8099976,233930700,23.54000092,88.98999786,36.60726929,97.65000153,68.58505249,23.5,19.63191223
2010-12-01,121.0100021,91.60118866,121.2399979,120.1900024,221037200,21.36000061,89.22000122,36.94600677,96.12999725,67.68304443,23.29999924,19.46483231
2010-12-02,122.5599976,92.77449036,122.6500015,121.1299973,191213600,19.38999939,89.26999664,36.96670151,95.88999939,67.51407623,23.15999985,19.3478775
2010-12-03,122.8899994,93.02432251,123.0299988,122.1100006,151288900,18.01000023,89.41999817,37.02880859,95.90000153,67.52115631,22.87999916,19.11396217
2010-12-06,122.7600021,92.92591858,123.0400009,122.5,103050500,18.02000046,89.37000275,37.00811005,96.5,67.94361115,22.98999977,19.20586014
2010-12-07,122.8300018,92.97891235,124.0100021,122.7600021,206581000,17.98999977,89.83000183,37.1986084,94.90000153,66.81705475,23.09000015,19.28940201
2010-12-08,123.2799988,93.31951904,123.3799973,122.4100037,138019200,17.73999977,89.54000092,37.0785141,94.08999634,66.24682617,23.10000038,19.2977562
2010-12-09,123.7600021,93.68286896,124.0199966,123.1500015,123705100,17.25,89.34999847,36.99982834,94.29000092,66.3875885,23.12000084,19.31446457
2010-12-10,124.4800034,94.22789764,124.5999985,123.7300034,117571700,17.61000061,89.38999939,37.01638794,93.48999786,65.82428741,23.12000084,19.31446457
2010-12-13,124.5599976,94.2884903,125.1999969,124.5199966,133812700,17.54999924,88.94000244,36.8300705,93.79000092,66.03553009,22.87000084,19.10561562
2010-12-14,124.6699982,94.37172699,125.2300034,124.2900009,147249600,17.61000061,89.37999725,37.01224899,92.80000305,65.33851624,22.90999985,19.13902855
2010-12-15,124.0999985,93.94023895,124.9300003,123.8899994,160823100,17.94000053,89.02999878,36.8673439,92.41999817,65.070961,23.14999962,19.33952332
2010-12-16,124.8199997,94.4852829,124.9100037,123.75,185035200,17.38999939,89.36000061,37.00396729,92.97000122,65.45816803,23.09000015,19.28940201
2010-12-17,124.3000031,94.58649445,124.4599991,123.8199997,141075300,16.11000061,89.48999786,37.05781174,93.76999664,66.02148438,23.19000053,19.37294006
2010-12-20,124.5999985,94.81479645,124.9000015,123.9800034,119085500,16.40999985,89.65000153,37.12405777,93.76000214,66.01442719,23.23999977,19.41470909
2010-12-21,125.3899994,95.41590118,125.4700012,124.8700027,94965500,16.48999977,89.83999634,37.20274353,93.95999908,66.15525055,23.29000092,19.45648193
2010-12-22,125.7799988,95.71268463,125.8199997,125.4100037,78878100,15.44999981,90.08999634,37.30624008,93.69999695,65.97215271,23.27000046,19.43977356
2010-12-23,125.5999985,95.57571411,125.7799988,125.2900009,70053700,16.46999931,90.18000031,37.34353256,93.37000275,65.73985291,23.20000076,19.38129234
2010-12-27,125.6500015,95.61376953,125.7699966,125.0400009,58126000,17.67000008,90.25,37.37253571,93.73000336,65.99326324,23.14999962,19.33952332
2010-12-28,125.8300018,95.75074768,125.9499969,125.5,55309100,17.52000046,89.73000336,37.39629364,92.5,65.30010223,23.15999985,19.3478775
2010-12-29,125.9199982,95.81922913,126.1999969,125.9000015,58033100,17.28000069,90.02999878,37.52129364,93.54000092,66.03425598,23,19.21421432
2010-12-30,125.7200012,95.66703796,126.1299973,125.5299988,76616900,17.52000046,90.12999725,37.56295776,93.34999847,65.90009308,22.92000008,19.14738274
2010-12-31,125.75,95.689888,125.8700027,125.3300018,91218900,17.75,90.29000092,37.62966919,93.81999969,66.23186493,22.70999908,18.97194481
2011-01-03,127.0500031,96.67910004,127.5999985,125.6999969,138725200,17.61000061,90.36000061,37.65883636,93.52999878,66.02721405,22.81999969,19.06384087
2011-01-04,126.9800034,96.62582397,127.3700027,126.1900024,137409700,17.37999916,90.76999664,37.8296814,93.75,66.18251038,22.87999916,19.11396217
2011-01-05,127.6399994,97.12805176,127.7200012,126.4599991,133975300,17.02000046,91,37.92558289,92.73999786,65.4694519,23.11000061,19.30610847
2011-01-06,127.3899994,96.93784332,127.8300018,127.0100021,122519000,17.39999962,91.11000061,37.97141647,93.22000122,65.80834961,23.29000092,19.45648193
2011-01-07,127.1399994,96.74758911,127.7699966,126.1500015,156034600,17.13999939,90.76000214,37.82555389,93.83999634,66.24604034,23.36000061,19.51496124
2011-01-10,126.9800034,96.62582397,127.1600037,126.1999969,122401700,17.54000092,90.69000244,37.7963829,94.16000366,66.47199249,23.28000069,19.44812775
2011-01-11,127.4300003,96.96823883,127.7399979,126.9499969,110287000,16.88999939,91.04000092,37.94223404,93.79000092,66.21072388,23.27000046,19.43977356
2011-01-12,128.5800018,97.8433609,128.7200012,127.4599991,107929200,16.23999977,91.23000336,38.02141953,93.51999664,66.02011108,23.04000092,19.24763107
2011-01-13,128.3699951,97.68352509,128.6900024,128.0500031,129048400,16.38999939,91.20999908,38.01309967,94.15000153,66.46485901,22.79999924,19.0471344
2011-01-14,129.3000031,98.39124298,129.3300018,128.1000061,117677900,15.46000004,91.36000061,38.07561493,93.88999939,66.28133392,22.77000046,19.02207184
2011-01-18,129.5200043,98.5586853,129.6399994,129.0299988,114401300,15.86999989,91.34999847,38.07143784,93.66000366,66.11898041,22.75,19.00536346
2011-01-19,128.25,97.59222412,129.5399933,127.9100037,151958400,17.30999947,91.06999969,37.95474625,93.90000153,66.28839111,22.61000061,18.88840675
2011-01-20,128.0800018,97.462883,128.3999939,127.1299973,175745700,17.98999977,90.88999939,37.87973404,93.16999817,65.77304077,22.68000031,18.94688797
2011-01-21,128.3699951,97.68352509,129.1699982,128.2299957,151462900,18.46999931,91.26000214,38.03392792,93.48000336,65.99189758,22.48999977,18.78815842
2011-01-24,129.1000061,98.23905182,129.25,128.2599945,113715500,17.64999962,91.38999939,38.08811569,93.48999786,65.99897766,22.44000053,18.74638939
2011-01-25,129.1699982,98.29232788,129.2799988,128.1100006,167552200,17.59000015,91.52999878,38.14644241,93.95999908,66.33074951,22.43000031,18.7380352
2011-01-26,129.6699982,98.67279053,130.0500031,129.2299957,141281500,16.63999939,91.72000122,38.22564316,93.38999939,65.92837524,22.38999939,18.70461655
2011-01-27,129.9900055,98.91628265,130.2100067,129.4700012,123302700,16.14999962,91.83999634,38.27565384,93.73999786,66.1754837,22.35000038,18.67120361
2011-01-28,127.7200012,97.1889267,130.3500061,127.5100021,295637300,20.04000092,91.29000092,38.04642487,94.16999817,66.47894287,22.48999977,18.78815842
2011-01-31,128.6799927,97.91944122,128.7799988,127.75,149249200,19.53000069,91.77999878,38.25065994,93.80000305,66.21782684,22.36000061,18.6795578
2011-02-01,130.7400055,99.4870224,130.9700012,129.3800049,167194300,17.62999916,91.37000275,38.32573318,93.12999725,65.90991974,22.13999939,18.4957695
2011-02-02,130.4900055,99.29677582,130.8399963,130.3300018,118323600,17.29999924,91.47000122,38.3676796,92.91000366,65.75421906,22.18000031,18.52918625
2011-02-03,130.7799988,99.51747894,130.9799957,129.5700073,145886700,16.69000053,91.47000122,38.3676796,92.37999725,65.37914276,22.36000061,18.6795578
2011-02-04,131.1499939,99.79898071,131.1999969,130.2299957,134634800,15.93000031,91.87000275,38.53545761,91.80999756,64.9757309,22.43000031,18.7380352
2011-02-07,131.9700012,100.4229813,132.3999939,131.4299927,112439100,16.28000069,92.04000092,38.60675812,91.76999664,64.94743347,22.43000031,18.7380352
2011-02-08,132.5700073,100.8795776,132.6399994,131.7299957,99072800,15.81000042,92.13999939,38.64870834,91.13999939,64.50154877,22.40999985,18.72132683
2011-02-09,132.2700043,100.6512909,132.6300049,131.6100006,146436700,15.86999989,91.62000275,38.43061447,91.66000366,64.86956024,22.30999947,18.63778687
2011-02-10,132.3200073,100.6893158,132.4700012,131.3000031,162708500,16.09000015,91.72000122,38.47253418,91.36000061,64.65727234,22.48999977,18.78815842
2011-02-11,133.1100006,101.2904816,133.2799988,131.7700043,137710300,15.68999958,91.94999695,38.56900406,91.77999878,64.95449066,22.54999924,18.83828354
2011-02-14,133.4299927,101.5339813,133.5399933,132.8800049,101690700,15.94999981,92.01999664,38.59835815,91.80999756,64.9757309,22.57999992,18.8633461
2011-02-15,133.0099945,101.2143631,133.2200012,132.3200073,119575400,16.37000084,91.83999634,38.52287674,92.01999664,65.12434387,22.60000038,18.88005447
2011-02-16,133.8500061,101.8535843,134.0099945,133.1900024,130183500,16.71999931,91.87000275,38.53545761,91.88999939,65.03237152,22.46999931,18.77145004
2011-02-17,134.25,102.1579666,134.4299927,133.3399963,109810500,16.59000015,92.08000183,38.62352753,92.23000336,65.27296448,22.40999985,18.72132683
2011-02-18,134.5299988,102.3710632,134.6900024,134.0599976,130002400,16.43000031,92.36000061,38.74100113,92.20999908,65.25881958,22.29999924,18.62943077
2011-02-22,131.8300018,100.3164215,134.5599976,131.4700012,233116400,20.79999924,91.59999847,38.42220688,93.09999847,65.88864899,22.36000061,18.6795578
2011-02-23,131.0200043,99.70007324,132.0700073,130.2100067,227584000,22.12999916,91.69000244,38.45995331,92.87000275,65.72589874,22.22999954,18.57095528
2011-02-24,130.9299927,99.63160706,131.4400024,129.6999969,260431400,21.31999969,91.76000214,38.4893074,93.11000061,65.89577484,22.14999962,18.50412178
2011-02-25,132.3300018,100.6969452,132.4100037,131.3999939,141686900,19.21999931,92.04000092,38.60675812,93.41000366,66.10810089,22.19000053,18.53754044
2011-02-28,133.1499939,101.3209457,133.3200073,132.3800049,141585500,18.35000038,92.5,38.79970932,93.37000275,66.07976532,22.09000015,18.45399857
2011-03-01,130.9299927,99.63160706,133.6900024,130.8899994,258565500,21.01000023,91.77999878,38.74021149,93.26000214,66.15499878,22.12000084,18.47905922
2011-03-02,131.2100067,99.84468842,131.8200073,130.3500061,200277400,20.70000076,91.86000061,38.77396393,92.76999664,65.80741119,22,18.3788147
2011-03-03,133.4700012,101.5644226,133.6199951,132.3899994,176480100,18.60000038,92.19000244,38.91324234,92.13999939,65.360466,21.96999931,18.35375023
2011-03-04,132.4700012,100.8034668,133.6300049,131.6000061,277202300,19.05999947,92,38.83303452,92.80000305,65.82865143,21.94000053,18.32868958
2011-03-07,131.4299927,100.0121155,133.1600037,130.7400055,216790400,20.65999985,92.01999664,38.84149551,92.56999969,65.66552734,21.95999908,18.34539986
2011-03-08,132.5800018,100.8871994,133,131.0700073,174615000,19.81999969,91.94000244,38.80773163,92.34999847,65.5094223,22.05999947,18.42893791
2011-03-09,132.3899994,100.7425766,132.8000031,131.6000061,153806000,20.21999931,91.68000031,38.69799042,92.88999939,65.89250946,22.02000046,18.39552116
2011-03-10,129.9400024,98.87825775,131.1799927,129.8099976,301291800,21.87999916,91.19999695,38.49537277,93.68000031,66.45291138,22.19000053,18.53754044
2011-03-11,130.8399963,99.56311798,131.3099976,129.4900055,225621800,20.07999992,91.18000031,38.48694611,93.45999908,66.29685974,22.03000069,18.40387535
2011-03-14,130.0500031,98.9619751,130.4799957,129.0599976,234974100,21.12999916,90.80999756,38.33076096,93.66999817,66.44582367,21.92000008,18.31197929
2011-03-15,128.5599976,97.82814026,129.3300018,126.5,359585400,24.31999969,90.33999634,38.13235092,94.01000214,66.68698883,21.94000053,18.32868958
2011-03-16,126.1800003,96.01708221,128.5700073,125.2799988,468670300,29.39999962,89.77999878,37.89601135,94.80999756,67.25445557,22.01000023,18.38716698
2011-03-17,127.8499985,97.28787231,128.3899994,127.0999985,254303700,26.37000084,90.75,38.305439,94.51999664,67.04880524,21.81999969,18.22843933
2011-03-18,127.7600021,97.64170837,128.8800049,127.5100021,230435400,24.44000053,91.18000031,38.48694611,94.45999908,67.00621796,21.71999931,18.14489746
2011-03-21,129.7400055,99.154953,130.0099945,129.1999969,153992600,20.61000061,91.73999786,38.72329712,93.97000122,66.65861511,21.64999962,18.08642387
2011-03-22,129.2899933,98.81103516,129.8899994,129.1699982,129538600,20.20999908,91.79000092,38.74441528,94.01999664,66.69409943,21.65999985,18.09477615
2011-03-23,129.6600037,99.09381104,130,128.3200073,148603100,19.17000008,91.68000031,38.69799042,93.90000153,66.60904694,21.78000069,18.19502449
2011-03-24,130.8999939,100.0415039,131.0899963,129.6699982,159129800,18,91.76000214,38.7317543,93.41999817,66.26847076,21.72999954,18.15325356
2011-03-25,131.3000031,100.347168,131.8699951,130.8899994,155642800,17.90999985,91.79000092,38.74441528,93.16999817,66.09112549,21.87999916,18.27856445
2011-03-28,130.9799957,100.102623,131.9199982,130.9400024,109762400,19.44000053,91.81999969,38.75708389,93.19999695,66.11241913,21.86000061,18.26185608
2011-03-29,131.8600006,100.7751999,131.8999939,130.4400024,129798800,18.15999985,91.87000275,38.77819443,92.93000031,65.92087555,21.85000038,18.25350189
2011-03-30,132.7700043,101.4706726,133.1600037,132.3600006,135835000,17.70999908,92.01000214,38.83728027,93.25,66.14785004,21.82999992,18.23679543
2011-03-31,132.5899963,101.3330994,132.9600067,132.4499969,132537100,17.73999977,91.95999908,38.81616974,93.01000214,65.97759247,21.79000092,18.20337868
2011-04-01,133.1499939,101.7610931,133.7700043,132.8300018,153850100,17.39999962,91.27999878,38.76945114,92.95999908,66.11841583,21.77000046,18.1866703
2011-04-04,133.2599945,101.8451538,133.6699982,132.8800049,100768900,17.5,91.83999634,39.00729752,93.16999817,66.26786804,21.77000046,18.1866703
2011-04-05,133.2400055,101.8298569,133.8300018,132.9400024,120791500,17.25,91.73999786,38.96485138,92.69999695,65.93357086,21.78000069,18.19502449
2011-04-06,133.6600037,102.1508179,134,133.1199951,120411600,16.89999962,91.94000244,39.04978943,92.30000305,65.64901733,21.65999985,18.09477615
2011-04-07,133.3200073,101.8910065,133.9799957,132.6600037,170731500,17.11000061,92.02999878,39.08802032,92.30999756,65.65617371,21.67000008,18.10313034
2011-04-08,132.8600006,101.539444,133.9900055,132.3099976,147945400,17.87000084,92.02999878,39.08802032,92.04000092,65.46414185,21.5,17.96111107
2011-04-11,132.4600067,101.233757,133.4499969,132.1399994,121385400,16.59000015,91.94000244,39.04978943,92.16000366,65.54945374,21.53000069,17.98617554
2011-04-12,131.4700012,100.4771194,131.9799957,130.9900055,161187400,17.09000015,91.65000153,38.92661667,92.68000031,65.91932678,21.47999954,17.9444046
2011-04-13,131.4600067,100.4694748,132.1799927,130.9600067,162059000,16.92000008,92.08999634,39.1135025,93.04000092,66.17536163,21.5,17.96111107
2011-04-14,131.5599976,100.5458908,131.7599945,130.2700043,161220400,16.27000046,91.72000122,38.95635223,92.73000336,65.95488739,21.42000008,17.89428329
2011-04-15,132.0399933,100.9127502,132.3699951,131.4100037,170006700,15.31999969,91.83999634,39.00729752,93.41000366,66.43856812,21.45999908,17.92769623
2011-04-18,130.5599976,99.78166199,132.0299988,129.5099945,210759300,16.95999908,91.51999664,38.87138367,93.63999939,66.60208893,21.65999985,18.09477615
2011-04-19,131.3099976,100.3548584,131.3500061,130.4400024,124258800,15.82999992,91.83999634,39.00729752,93.76000214,66.68743134,21.53000069,17.98617554
2011-04-20,133.1000061,101.7228546,133.3899994,132.7899933,156133800,15.06999969,92.19000244,39.15598679,93.38999939,66.42432404,21.31999969,17.81074142
2011-04-21,133.7799988,102.2425613,133.8399963,133.1000061,135935400,14.68999958,92.41000366,39.24940491,93.45999908,66.47405243,21.23999977,17.74390793
2011-04-25,133.6399994,102.1355438,133.8600006,133.1999969,65757100,15.77000046,92.30999756,39.20692444,93.79000092,66.70877075,21.20999908,17.71884537
2011-04-26,134.7899933,103.0144653,135.0599976,133.9100037,146600000,15.61999989,92.51999664,39.29611588,94.19000244,66.99330139,21.15999985,17.67707825
2011-04-27,135.6699982,103.6870041,135.8699951,134.5,143031000,15.35000038,92.58000183,39.3216362,93.91999817,66.80128479,21.02000046,17.56012344
2011-04-28,136.1100006,104.0233078,136.2899933,135.4100037,124791100,14.61999989,92.62999725,39.3428688,94.27999878,67.05731201,20.95999908,17.50999451
2011-04-29,136.4299927,104.2678528,136.5700073,135.9799957,115094100,14.75,92.84999847,39.43629074,94.47000122,67.19248199,20.95000076,17.50164223
2011-05-02,136.2200012,104.1073456,137.1799927,135.9499969,126278700,15.98999977,92.23000336,39.41621399,94.19999695,67.17176819,20.96999931,17.5183506
2011-05-03,135.7299957,103.732872,136.1900024,135.0399933,138375000,16.70000076,92.25,39.42474365,94.44999695,67.35004425,20.96999931,17.5183506
2011-05-04,134.8300018,103.0450363,135.7299957,134.2299957,182678500,17.07999992,92.22000122,39.4119339,94.69000244,67.52117157,20.95999908,17.50999451
2011-05-05,133.6100006,102.1126251,134.9499969,133.0200043,226900000,18.20000076,91.83999634,39.2495079,95.16000366,67.85634613,21.27000046,17.7689724
2011-05-06,134.1999969,102.5635605,135.6300049,133.6799927,222787200,18.39999962,92.30999756,39.45038223,95.20999908,67.89198303,21.43000031,17.90263557
2011-05-09,134.7200012,102.9609528,135.1100006,133.9799957,114104500,17.15999985,92.43000031,39.50166702,95.34999847,67.9917984,21.39999962,17.87757111
2011-05-10,135.8699951,103.839859,136.1100006,135,114806900,15.90999985,92.62999725,39.58717346,94.88999939,67.66383362,21.37999916,17.86086464
2011-05-11,134.4400024,102.7469788,135.6900024,133.8200073,193564200,16.95000076,92.48999786,39.52731323,95.23000336,67.90627289,21.57999992,18.02794456
2011-05-12,135.0800018,103.2360916,135.3600006,133.3899994,171550700,16.03000069,92.58000183,39.56579208,95.01999664,67.75649261,21.54000092,17.99452782
2011-05-13,134.0399933,102.4412537,135.3399963,133.5599976,157444900,17.06999969,92.19999695,39.40339279,95.38999939,68.02027893,21.69000053,18.11984062
2011-05-16,133.1900024,101.7916565,134.6100006,132.9700012,141675400,18.23999977,92.37999725,39.48031616,95.62000275,68.18431091,21.62000084,18.06135941
2011-05-17,133.1699982,101.7763519,133.3500061,132.1199951,192686200,17.54999924,92.54000092,39.54868317,95.90000153,68.38401031,21.60000038,18.04465103
2011-05-18,134.3600006,102.685791,134.5,132.9499969,135217900,16.22999954,92.65000153,39.59568787,95.34999847,67.9917984,21.59000015,18.03629875
2011-05-19,134.6799927,102.9304123,135.0299988,133.9400024,119489500,15.52000046,92.61000061,39.57860947,95.44999695,68.06311798,21.5,17.96111107
2011-05-20,133.6100006,102.1126251,134.6799927,133.3600006,182594900,17.43000031,92.54000092,39.54868317,95.68000031,68.22715759,21.64999962,18.08642387
2011-05-23,132.0599976,100.9280319,132.7200012,131.5899963,168700000,18.27000046,92.09999847,39.36063766,95.80999756,68.31980133,21.79000092,18.20337868
2011-05-24,131.9499969,100.8439407,132.7299957,131.6999969,147199600,17.81999969,91.94999695,39.29655075,95.91000366,68.3911438,21.72999954,18.15325356
2011-05-25,132.3899994,101.1802292,132.9400024,131.3800049,151050100,17.06999969,91.94999695,39.29655075,95.91999817,68.39820099,21.70999908,18.136549
2011-05-26,133,101.6464539,133.2400055,131.7799988,164850000,16.09000015,91.87000275,39.26236343,96.44999695,68.77620697,21.62000084,18.06135941
2011-05-27,133.5099945,102.0362015,133.8699951,132.9600067,120921900,15.97999954,92.15000153,39.38199997,96.44000244,68.76904297,21.44000053,17.91098785
2011-05-31,134.8999939,103.098526,134.9199982,133.8399963,164731200,15.44999981,92.40000153,39.4888649,96.58999634,68.87599182,21.34000015,17.8274498
2011-06-01,131.8699951,100.7827988,134.9199982,131.7599945,233094300,18.29999924,91.30000305,39.25923538,97.13999939,69.44365692,21.38999939,17.86921883
2011-06-02,131.7299957,100.6758118,132.2400055,130.9600067,200466800,18.09000015,91.23999786,39.23341751,96.55999756,69.02896881,21.25,17.75226212
2011-06-03,130.4199982,99.67466736,131.4199982,130.0800018,234690200,17.95000076,90.87999725,39.07863617,96.94000244,69.30065155,21.09000015,17.61859703
2011-06-06,129.0399933,98.61995697,130.3600006,128.8699951,179951200,18.48999977,90.66000366,38.98403931,96.87999725,69.25775909,21.14999962,17.66872215
2011-06-07,128.9600067,98.558815,130.0700073,128.8500061,161660500,18.06999969,90.58999634,38.95392227,97.05999756,69.38646698,21.03000069,17.56847763
2011-06-08,128.4199982,98.14614105,129.1900024,128.1799927,198696400,18.79000092,90.16000366,38.76901627,97.26999664,69.53658295,21.12999916,17.65201187
2011-06-09,129.3999939,98.89507294,129.9299927,128.4600067,160964400,17.77000046,90.22000122,38.79484177,96.87999725,69.25775909,21.20000076,17.71049309
2011-06-10,127.5999985,97.5194397,128.9299927,127.2600021,238629400,18.86000061,89.62999725,38.54113388,97.19000244,69.47943878,21.39999962,17.87757111
2011-06-13,127.6999969,97.5958786,128.2400055,127.0500031,207599800,19.61000061,89.29000092,38.39491272,96.98000336,69.32926941,21.29000092,17.78568077
2011-06-14,129.3200073,98.83396912,129.7700043,128.8200073,160570400,18.26000023,89.84999847,38.63573074,96.20999908,68.77880096,21.26000023,17.7606163
2011-06-15,127.0199966,97.07614899,129.3000031,126.6800003,300958000,21.31999969,89.47000122,38.47231293,97.25,69.52224731,21.60000038,18.04465103
2011-06-16,127.3000031,97.29016876,127.9700012,126.3199997,308032800,22.72999954,87.87999725,37.78861618,97.51999664,69.71527863,21.59000015,18.03629875
2011-06-17,127.0500031,97.58045959,127.9400024,126.6200027,233284900,21.85000038,88.84999847,38.20572281,97.44999695,69.66527557,21.45000076,17.91934395
2011-06-20,127.6999969,98.07970428,127.9700012,126.5800018,159479000,19.98999977,89.47000122,38.47231293,97.30000305,69.55802155,21.45000076,17.91934395
2011-06-21,129.4499969,99.42378998,129.6999969,127.75,193157300,18.86000061,90.06999969,38.73031616,97.16999817,69.46508789,21.30999947,17.80238533
2011-06-22,128.6699982,98.82470703,129.8099976,128.5899963,176703000,18.52000046,89.41999817,38.45080566,97.12999725,69.43653107,21.38999939,17.86921883
2011-06-23,128.3000031,98.54053497,128.6399994,126.1900024,334286500,19.29000092,89.90000153,38.65721512,97.63999939,69.80112457,21.5,17.96111107
2011-06-24,126.8099976,97.39616394,128.3699951,126.6200027,226129300,21.10000038,89.47000122,38.47231293,98.05000305,70.09414673,21.62999916,18.06971359
2011-06-27,127.9400024,98.26405334,128.4299927,126.6399994,168904700,20.55999947,89.44999695,38.46372223,97.66999817,69.8225174,21.53000069,17.98617554
2011-06-28,129.6100006,99.54666138,129.6300049,128.2700043,165556300,19.17000008,89.80999756,38.6185112,96.76999664,69.17913818,21.45000076,17.91934395
2011-06-29,130.7200012,100.3992386,130.9299927,129.6300049,244295500,17.27000046,90.69999695,39.00123978,96.19000244,68.76451111,21.31999969,17.81074142
2011-06-30,131.9700012,101.3592682,132.1799927,130.7100067,223322700,16.52000046,91.30999756,39.26353836,95.86000061,68.52861786,21.21999931,17.72720337
2011-07-01,133.9199982,102.8569717,134.1000061,131.7799988,202385700,15.86999989,91.20999908,39.47206116,95.38999939,68.35732269,21.20000076,17.71049309
2011-07-05,133.8099976,102.7724762,134.0800018,133.3899994,165936000,16.05999947,91.33000183,39.52404022,95.98999786,68.78731537,21.28000069,17.77732468
2011-07-06,133.9700012,102.8953934,134.1399994,133.1100006,143331600,16.34000015,91.37000275,39.54136658,96.16000366,68.90906525,21.40999985,17.88592529
2011-07-07,135.3600006,103.9629517,135.6999969,134.8800049,170464200,15.94999981,91.73000336,39.69716263,95.79000092,68.64396667,21.37000084,17.85251045
2011-07-08,134.3999939,103.2256393,135.3600006,133.3899994,194100500,15.94999981,91.48000336,39.58895111,96.80999756,69.37489319,21.42000008,17.89428329
2011-07-11,131.9700012,101.3592682,133.1799927,131.6600037,195918600,18.38999939,90.58000183,39.19950485,97.55000305,69.90524292,21.70999908,18.136549
2011-07-12,131.3999939,100.9214935,132.7799988,131.3600006,214675700,19.87000084,90.33000183,39.09129715,97.69000244,70.00553894,21.70000076,18.1281929
2011-07-13,131.8399963,101.2594223,133.2200012,131.5200043,204062600,19.90999985,91.02999878,39.39422607,97.84999847,70.12017822,21.46999931,17.93605232
2011-07-14,130.9299927,100.5604935,132.7799988,130.6799927,226111800,20.79999924,90.98000336,39.3725853,97.29000092,69.71891022,21.46999931,17.93605232
2011-07-15,131.6900024,101.1442337,131.8699951,130.7700043,220012800,19.53000069,90.94999695,39.35959244,97.69000244,70.00553894,21.43000031,17.90263557
2011-07-18,130.6100006,100.3147354,131.2799988,129.6300049,196872100,20.95000076,90.79000092,39.29034805,97.62999725,69.96248627,21.47999954,17.9444046
2011-07-19,132.7299957,101.9429932,132.8899994,131.3099976,166554900,19.20999908,91.19999695,39.46779251,98,70.22772217,21.43000031,17.90263557
2011-07-20,132.6499939,101.8815536,133.1499939,132.4199982,137145400,19.09000015,91.27999878,39.50241852,97.51999664,69.88367462,21.32999992,17.8190937
2011-07-21,134.4900055,103.2947311,134.8200073,132.6699982,245246300,17.55999947,91.72000122,39.69283295,96.98000336,69.4967041,21.12999916,17.65201187
2011-07-22,134.5800018,103.3638992,134.7200012,133.7599945,126019400,17.52000046,91.83999634,39.74475098,97.34999847,69.7618866,21.12999916,17.65201187
2011-07-25,133.8300018,102.7878189,134.4900055,133.1600037,136653800,19.35000038,91.34999847,39.53271866,97.04000092,69.53977203,21.11000061,17.6353054
2011-07-26,133.3300018,102.4038391,133.9600067,133.0299988,131278200,20.22999954,91.54000092,39.61492157,97.44999695,69.8335495,20.93000031,17.48493385
2011-07-27,130.6000061,100.3070602,132.6300049,130.4299927,249020100,22.97999954,90.81999969,39.30332184,97.29000092,69.71891022,21.09000015,17.61859703
2011-07-28,130.2200012,100.0152206,131.7700043,130.0099945,207939900,23.73999977,90.95999908,39.36392975,97.48000336,69.85501099,21.12999916,17.65201187
2011-07-29,129.3300018,99.33163452,130.5500031,127.9700012,307038400,25.25,91.05000305,39.40287399,98.66000366,70.70066071,21.03000069,17.56847763
2011-08-01,128.7799988,98.90920258,130.9600067,127.5299988,325790900,23.65999985,90.69999695,39.49039078,98.77999878,70.95782471,21.13999939,17.66036797
2011-08-02,125.4899979,96.38231659,128.5,125.4899979,346653800,24.79000092,89.58000183,39.00273514,99.69000244,71.61151123,21.17000008,17.68542862
2011-08-03,126.1699982,96.90461731,126.3099976,123.5299988,370830800,23.37999916,89.52999878,38.98096466,99.76999664,71.6689682,21.06999969,17.60189247
2011-08-04,120.2600021,92.36543274,124.6200027,120.0599976,520721800,31.65999985,86.94999695,37.85765457,101.0899963,72.61715698,21.39999962,17.87757111
2011-08-05,120.0800018,92.22719574,122.0699997,116.8600006,655619200,32,86.86000061,37.81846619,99.91999817,71.77666473,21.21999931,17.72720337
2011-08-08,112.2600021,86.22107697,120.1200027,112.0199966,702263900,48,83.16000366,36.20751572,101.5100021,72.91886902,21.25,17.75226212
2011-08-09,117.4800034,90.23027039,117.6399994,110.2699966,717828700,35.06000137,85.69999695,37.31340027,102.0999985,73.34268951,21.06999969,17.60189247
2011-08-10,112.2900009,86.24411011,116.2799988,111.9499969,662607400,42.99000168,84.25,36.68209839,103.4499969,74.31242371,21.25,17.75226212
2011-08-11,117.3300018,90.11505127,118.9199982,112.3199997,487979700,39,85.77999878,37.34825897,101.9300003,73.22058105,21.21999931,17.72720337
2011-08-12,118.1200027,90.72181702,119.2099991,117.2799988,313731600,36.36000061,85.37999725,37.17407227,102.6399994,73.73064423,21.21999931,17.72720337
2011-08-15,120.6200027,92.64193726,120.7399979,119,258810600,31.87000084,86.76999664,37.77931213,102.2600021,73.45764923,21,17.54341316
2011-08-16,119.5899963,91.85083008,120.6900024,118.3099976,294095200,32.84999847,86.22000122,37.53983307,102.7300034,73.79523468,21.01000023,17.55176544
2011-08-17,119.6699982,91.91226959,121.1999969,118.7200012,238201100,31.57999992,87.16999817,37.95346451,103.4499969,74.31242371,20.95999908,17.50999451
2011-08-18,114.5100021,87.94916534,119.7099991,113.3899994,512956300,42.66999817,86.11000061,37.49193573,103.9899979,74.70036316,21.07999992,17.61024284
2011-08-19,112.6399994,86.51293945,115.8799973,112.5,428281300,43.04999924,85.36000061,37.16536713,104.0999985,74.77936554,21.03000069,17.56847763
2011-08-22,112.7300034,86.58203888,115.2300034,112.4100037,275090600,42.43999863,85.45999908,37.20889282,103.9100037,74.64292145,21.06999969,17.60189247
2011-08-23,116.4400024,89.43149567,116.5699997,112.5800018,331136600,36.27000046,86.09999847,37.48757553,103.4899979,74.34117126,20.97999954,17.52670479
2011-08-24,118.0800018,90.6911087,118.2399979,115.9199982,246869700,35.90000153,85.70999908,37.31777954,102.3799973,73.5437851,21.02000046,17.56012344
2011-08-25,116.2799988,89.30858612,119.4000015,115.8700027,312365400,39.75999832,85.01999664,37.0173378,103.0100021,73.99640656,21.07999992,17.61024284
2011-08-26,117.9700012,90.60657501,118.5100021,113.8499985,314495900,35.59000015,85.87999725,37.39178467,103.3399963,74.23343658,20.95999908,17.50999451
2011-08-29,121.3600006,93.210289,121.4300003,118.0599976,190977200,32.27999878,86.75,37.77059174,102.6600037,73.74498749,20.93000031,17.48493385
2011-08-30,121.6800003,93.45603943,122.4300003,119.2600021,241315700,32.88999939,86.91000366,37.84024048,103.3700027,74.25499725,21.01000023,17.55176544
2011-08-31,122.2200012,93.87081146,123.5100021,121.3000031,301828400,31.62000084,88.02999878,38.32790375,103,73.98915863,21.06999969,17.60189247
2011-09-01,120.9400024,92.88771057,123.4000015,120.7799988,254585900,31.81999969,87.41000366,38.30290222,103.5899963,74.57879639,21.15999985,17.67707825
2011-09-02,117.8499985,90.51444244,120.8700027,117.4300003,255517200,33.91999817,87,38.12326813,104.5400009,75.26277161,21.21999931,17.72720337
2011-09-06,116.9899979,89.85390472,117.1600037,114.3799973,285130500,37,85.97000122,37.67189407,104.6800003,75.36357117,21.54999924,18.0028801
2011-09-07,120.2900009,92.38848877,120.3399963,118.3600006,209803200,33.38000107,86.38999939,37.85594559,104.1200027,74.96038055,21.43000031,17.90263557
2011-09-08,119.0400009,91.42839813,120.9400024,118.7699966,250568200,34.31999969,86.66000366,37.97428513,104.6299973,75.3276062,21.64999962,18.08642387
2011-09-09,115.9199982,89.03210449,119.0599976,115.2799988,380195100,38.52000046,85.87999725,37.63246536,105.1399994,75.69474792,21.90999985,18.30362701
2011-09-12,116.6699982,89.60813904,116.7600021,114.0500031,305793500,38.59000015,85.13999939,37.30819321,104.8199997,75.46439362,21.92000008,18.31197929
2011-09-13,117.7399979,90.4299469,118.1800003,116.2200012,272514700,36.90999985,85.79000092,37.59303665,104.5100021,75.24117279,21.85000038,18.25350189
2011-09-14,119.3700027,91.6818924,120.8000031,116.7200012,319389500,34.59999847,86.36000061,37.84279633,104.5699997,75.28440094,21.79000092,18.20337868
2011-09-15,121.4300003,93.26405334,121.4700012,119.4000015,326777200,31.96999931,86.94000244,38.09694672,103.7900009,74.72286987,21.65999985,18.09477615
2011-09-16,121.5199966,93.81604767,121.9700012,120.3199997,284528300,30.97999954,86.88999939,38.07507324,103.9899979,74.86682129,21.73999977,18.16161156
2011-09-19,120.3099976,92.88191986,120.9300003,118.7200012,241517000,32.72999954,86.76000214,38.01804733,104.8399963,75.47875214,21.86000061,18.26185608
2011-09-20,120.1699982,92.77381897,121.9899979,120.0100021,218932200,32.86000061,86.90000153,38.07941818,104.9800034,75.57958221,21.86000061,18.26185608
2011-09-21,116.6299973,90.0408783,120.5999985,116.4400024,316251300,37.31999969,86.15000153,37.75077057,105.4300003,75.90351105,22.03000069,18.40387535
2011-09-22,112.8600006,87.13035583,114.2099991,111.3000031,513911300,41.34999847,84.98000336,37.23806763,106.4100037,76.60912323,22.26000023,18.59601784
2011-09-23,113.5400009,87.65531921,114.1600037,112.0199966,307242500,41.25,85.20999908,37.3388443,105.5299988,75.97554016,22.20000076,18.54589653
2011-09-26,116.2399979,89.73976898,116.4000015,112.9800034,260673700,39.02000046,85.52999878,37.47908401,105.0899963,75.65874481,22.18000031,18.52918625
2011-09-27,117.5400009,90.74337769,119.5599976,116.8399963,311753900,37.70999908,85.62999725,37.52291107,104.3899994,75.15477753,22.04999924,18.42058182
2011-09-28,115.1399994,88.89055634,118.4899979,114.9700012,286696800,41.08000183,84.66999817,37.10225296,104.4100037,75.16916656,22.12999916,18.48741531
2011-09-29,116.0500031,89.59309387,117.6299973,113.9300003,298108900,38.84000015,84.51000214,37.03211975,104.4100037,75.16916656,22.07999992,18.44564438
2011-09-30,113.1500015,87.35423279,115.4499969,113.0699997,288392300,42.95999908,82.83000183,36.29595566,105.0699997,75.64435577,22.30999947,18.63778687
2011-10-03,109.9300003,84.86830902,113.9499969,109.8099976,365136800,45.45000076,81.30000305,35.85840607,105.8300018,76.34487152,22.51000023,18.8048687
2011-10-04,112.3399963,86.72885895,112.5800018,107.4300003,459177500,40.81999969,81.05000305,35.7481575,105.2900009,75.95526886,22.42000008,18.72968292
2011-10-05,114.4199982,88.33470154,114.7200012,111.5800018,284108000,37.81000137,82.04000092,36.18482208,104.8499985,75.63787079,22.35000038,18.67120361
2011-10-06,116.4899979,89.9327774,116.6600037,113.5100021,257800800,36.27000046,83.30999756,36.74496841,104.1200027,75.11125183,22.20999908,18.554245
2011-10-07,115.7099991,89.33058167,117.25,115.0599976,312657900,36.20000076,83.37999725,36.77585602,103.5800018,74.72168732,22.27000046,18.60437012
2011-10-10,119.5800018,92.31834412,119.6299973,117.6699982,230666300,33.02000046,85.16999817,37.56533432,102.4899979,73.93539429,21.92000008,18.31197929
2011-10-11,119.6999969,92.41098785,120.0400009,118.75,209088000,32.86000061,84.23000336,37.1507225,102.8300018,74.18068695,21.89999962,18.29527283
2011-10-12,120.75,93.22158813,122.1399994,120.3300018,281544900,31.26000023,86.19000244,38.01522827,102.4800034,73.92816925,21.76000023,18.17831802
2011-10-13,120.5100021,93.03630829,120.8700027,119.1200027,212538800,30.70000076,85.83000183,37.85644531,102.8899994,74.22393799,21.75,18.16996384
2011-10-14,122.5699997,94.62667847,122.5999985,121.2300034,211397600,28.23999977,86.43000031,38.12107468,102.3799973,73.85598755,21.64999962,18.08642387
2011-10-17,120.2300034,92.82012177,122.5500031,119.9300003,202311600,33.38999939,85.93000031,37.90054321,103.0500031,74.33940125,21.79000092,18.20337868
2011-10-18,122.5800018,94.63438416,123.5,119.1999969,318857900,31.55999947,86.38999939,38.1034317,102.9400024,74.26002502,21.76000023,18.17831802
2011-10-19,121.1299973,93.51494598,123.0800018,120.7099991,226601300,34.43999863,86.11000061,37.97994232,103.0999985,74.3753891,21.78000069,18.19502449
2011-10-20,121.6600037,93.92412567,122.0999985,119.8199997,262075600,34.77999878,86.87000275,38.31512451,102.8899994,74.22393799,21.73999977,18.16161156
2011-10-21,123.9700012,95.70749664,124.1200027,122.7200012,278999400,31.31999969,87.91999817,38.77826309,102.6999969,74.08685303,21.54000092,17.99452782
2011-10-24,125.4899979,96.88096619,125.8000031,124.0599976,203215600,29.26000023,90.30000305,39.82801056,102.6500015,74.05080414,21.48999977,17.95275879
2011-10-25,123.0500031,94.99725342,124.9499969,122.7799988,268596800,32.22000122,88.69999695,39.12228775,103.5299988,74.68564606,21.51000023,17.96946907
2011-10-26,124.3000031,95.96225739,124.7699966,122.2099991,289053800,29.86000061,89.08000183,39.28989792,102.7699966,74.13736725,21.51000023,17.96946907
2011-10-27,128.6300049,99.30509949,129.4199982,126.6100006,393220200,25.45999908,90.38999939,39.86769485,101.5299988,73.24282837,21.14999962,17.66872215
2011-10-28,128.6000061,99.28197479,128.8500061,127.8000031,225906500,24.53000069,90.12000275,39.74861145,102.1399994,73.68292236,21.15999985,17.67707825
2011-10-31,125.5,96.88871765,128.6199951,125.3199997,228146700,29.95999908,89.27999878,39.37808228,103.5100021,74.6711731,21.56999969,18.01959038
2011-11-01,122,94.18659973,123.5100021,121.5199966,416565800,34.77000046,87.16999817,38.67530823,104.5400009,75.56681061,21.79999924,18.21173096
2011-11-02,123.9899979,95.72293091,124.4000015,122.7900009,244717600,32.74000168,88,39.04356384,104.2900009,75.38608551,21.75,18.16996384
2011-11-03,126.25,97.46770477,126.5,123.5999985,291174800,30.5,88.87000275,39.42957306,103.8000031,75.03191376,21.64999962,18.08642387
2011-11-04,125.4800034,96.87325287,125.6999969,124.0100021,249401600,30.15999985,88.77999878,39.38966751,104.1100006,75.25601959,21.70999908,18.136549
2011-11-07,126.2600021,97.4753952,126.3899994,124.1999969,196617200,29.85000038,88.48000336,39.25655746,104.2300034,75.34270477,21.69000053,18.11984062
2011-11-08,127.8799973,98.72608948,128.0200043,125.7099991,224426300,27.47999954,88.68000031,39.34526443,103.7600021,75.00299072,21.59000015,18.03629875
2011-11-09,123.1600037,95.08213806,125.8000031,122.8600006,337982000,36.15999985,86.80000305,38.5111351,104.6800003,75.66799164,21.96999931,18.35375023
2011-11-10,124.3199997,95.97771454,124.9400024,123.0199966,231866500,32.81000137,86.88999939,38.55110168,104.1699982,75.29933929,21.90999985,18.30362701
2011-11-11,126.6600037,97.78422546,126.9899979,125.7900009,189924400,30.04000092,88.04000092,39.06133652,103.6900024,74.95235443,21.69000053,18.11984062
2011-11-14,125.4599991,96.85780334,127.4499969,124.9199982,159258300,31.12999916,87.44999695,38.79956436,104.3399963,75.4222641,21.84000015,18.24514961
2011-11-15,126.0800018,97.33644104,126.75,124.7200012,184709400,31.21999931,87.22000122,38.69752502,104.1999969,75.32102203,21.96999931,18.35375023
2011-11-16,124.0800018,95.79240417,126.3399963,123.9000015,235782500,33.50999832,86.37000275,38.32039642,104.5800018,75.59571838,22.04000092,18.41222763
2011-11-17,122.1100006,94.27152252,124.1600037,121.2300034,331219600,34.50999832,85.94999695,38.13401794,104.7900009,75.74752808,22.06999969,18.43729019
2011-11-18,121.9800034,94.17115021,122.75,121.4700012,215580400,32,85.88999939,38.10741043,104.4000015,75.46562195,22.01000023,18.38716698
2011-11-21,119.6600037,92.38009644,120.3499985,118.6500015,229611600,32.90999985,84.91999817,37.6770668,104.6900024,75.6752243,22.04999924,18.42058182
2011-11-22,119.1900024,92.0172348,120.0999985,118.5199966,216494900,31.96999931,84.26999664,37.38863754,105.0100021,75.90654755,22.04000092,18.41222763
2011-11-23,116.5599976,89.98681641,119.1900024,116.5599976,224329100,33.97999954,82.75,36.71427155,105.3700027,76.16680908,22.29000092,18.6210804
2011-11-25,116.3399963,89.81697083,117.6999969,116.1999969,99557000,34.47000122,82.75,36.71427155,104.6999969,75.68248749,22.42000008,18.72968292
2011-11-28,119.7099991,92.41870117,120.1800003,118.8199997,210686000,32.13000107,84.59999847,37.5350647,104.7099991,75.68968201,22.32999992,18.65449524
2011-11-29,120.0500031,92.68117523,121,119.6100006,199241500,30.63999939,85.15000153,37.77910233,104.5100021,75.5451355,22.25,18.58766365
2011-11-30,124.9899979,96.49494171,125.2200012,120,324439500,27.79999924,86.59999847,38.42241669,103.9000015,75.1042099,22.05999947,18.42893791
2011-12-01,124.9700012,96.47950745,125.6399994,124.4300003,176954800,27.40999985,86.43000031,38.59163284,103.6699982,75.08248138,22.04999924,18.42058182
2011-12-02,124.8600006,96.39459229,126.5,124.7799988,221109700,27.52000046,86.91999817,38.81043625,104.1299973,75.41563416,22.12000084,18.47905922
2011-12-05,126.2200012,97.44450378,127.1800003,125.4400024,225263900,27.84000015,87.41000366,39.02922821,104.0699997,75.37218475,22.12000084,18.47905922
2011-12-06,126.2600021,97.4753952,127.1100006,125.7600021,178842100,28.12999916,87.80000305,39.20339203,103.8000031,75.17662811,22.10000038,18.46235275
2011-12-07,126.7300034,97.83827972,127.2600021,124.9700012,237802500,28.67000008,87.51999664,39.07833099,104.2699966,75.5170517,22.06999969,18.43729019
2011-12-08,123.9499969,95.69203186,126.1800003,123.6500015,240862800,30.59000015,86.94999695,38.82381821,104.8000031,75.90086365,22.19000053,18.53754044
2011-12-09,126.0500031,97.31330872,126.3700027,124.4000015,209111400,26.37999916,87.69999695,39.15872955,104.0800018,75.3793869,22.12000084,18.47905922
2011-12-12,124.2099991,95.89278412,124.9700012,123.1600037,215826100,25.67000008,87.23000336,38.94886017,104.4400024,75.64009857,22.35000038,18.67120361
2011-12-13,123.0500031,94.99725342,125.5699997,122.4499969,245159800,25.40999985,86.90000153,38.80150986,104.9199982,75.98770905,22.56999969,18.85499001
2011-12-14,121.7399979,93.98587799,123.0299988,121.4700012,238618800,26.04000092,86.75,38.73455429,105.3600006,76.30640411,22.62000084,18.89676094
2011-12-15,122.1800003,94.32557678,123.1999969,121.9899979,199109200,25.11000061,87.05999756,38.87293625,105.2699966,76.24121857,22.55999947,18.84663773
2011-12-16,121.5899963,94.46541595,122.9499969,121.3000031,220481400,24.29000092,87.47000122,39.05601883,105.7799988,76.61064911,22.48999977,18.78815842
2011-12-19,120.2900009,93.45544434,122.3199997,120.0299988,183903000,24.92000008,87.36000061,39.00691223,106.1399994,76.87133026,22.56999969,18.85499001
2011-12-20,123.9300003,96.28341675,124.1399994,120.3700027,225418100,23.21999931,88.44999695,39.49362183,105.1800003,76.1760788,22.37999916,18.69626808
2011-12-21,124.1699982,96.469841,124.3600006,122.75,194230900,21.43000031,88.69999695,39.60522842,104.8399963,75.92979431,22.37999916,18.69626808
2011-12-22,125.2699966,97.32445526,125.4000015,124.2300034,119465400,21.15999985,89.04000092,39.75704956,104.9700012,76.02397919,22.37999916,18.69626808
2011-12-23,126.3899994,98.19462585,126.4300003,125.4100037,92187200,20.72999954,89.44999695,39.94011688,104.5400009,75.71256256,22.38999939,18.70461655
2011-12-27,126.4899979,98.27228546,126.8199997,126.0599976,86075700,21.90999985,89.26999664,40.0995636,104.4100037,75.75536346,22.34000015,18.66284752
2011-12-28,124.8300018,96.98262024,126.5299988,124.7300034,119107100,23.52000046,88.84999847,39.91090775,105.0699997,76.23422241,22.54999924,18.83828354
2011-12-29,126.1200027,97.98485565,126.25,124.8600006,123507200,22.64999962,89.37999725,40.14899445,105.1999969,76.32858276,22.51000023,18.8048687
2011-12-30,125.5,97.50317383,126.3300018,125.5,95599000,23.39999962,89.43000031,40.17144775,105.5699997,76.59702301,22.46999931,18.77145004
2012-01-03,127.5,99.05699158,128.3800049,127.4300003,193697900,22.96999931,89.72000122,40.30171967,104.9000015,76.11086273,22.28000069,18.6127243
2012-01-04,127.6999969,99.21240234,127.8099976,126.7099991,127186500,22.21999931,89.56999969,40.23429871,104.5699997,75.87145996,22.39999962,18.71297264
2012-01-05,128.0399933,99.47653198,128.2299957,126.4300003,173895000,21.47999954,89.18000031,40.05913925,104.5899963,75.88596344,22.63999939,18.91346931
2012-01-06,127.7099991,99.22014618,128.2200012,127.2900009,148050000,20.62999916,88.90000153,39.9333725,105,76.18343353,22.71999931,18.980299
2012-01-09,128.0200043,99.46100616,128.1799927,127.4100037,99530200,21.06999969,89.01999664,39.98723984,105.0199966,76.19798279,22.63999939,18.91346931
2012-01-10,129.1300049,100.3233871,129.6499939,128.9499969,115282000,20.69000053,89.33000183,40.12651443,104.8099976,76.04555511,22.62000084,18.89676094
2012-01-11,129.1999969,100.3777695,129.3699951,128.5200043,111540700,21.04999924,89.23999786,40.08612061,105.4199982,76.48815155,22.71999931,18.980299
2012-01-12,129.5099945,100.6186218,129.6999969,128.5399933,118983700,20.46999931,89.12000275,40.03216171,105.1999969,76.32858276,22.56999969,18.85499001
2012-01-13,128.8399963,100.0980606,129.0500031,127.7200012,179836200,20.90999985,89.01999664,39.98723984,105.6699982,76.66957092,22.75,19.00536346
2012-01-17,129.3399963,100.4865494,130.3200073,128.8999939,132209200,22.20000076,89.19999695,40.06811905,105.7699966,76.74208832,22.67000008,18.93853378
2012-01-18,130.7700043,101.5975266,130.8399963,129.0800018,163395200,20.88999939,89.44999695,40.18041611,105.4400024,76.50269318,22.46999931,18.77145004
2012-01-19,131.4600067,102.1335983,131.5700073,130.8000031,126328900,19.87000084,89.58000183,40.23882675,104.8099976,76.04555511,22.35000038,18.67120361
2012-01-20,131.9499969,102.514267,131.9499969,130.9199982,138230200,18.28000069,89.58000183,40.23882675,104.4499969,75.78437805,22.37000084,18.68791199
2012-01-23,131.6100006,102.2501373,132.25,130.9799957,129295800,18.67000008,89.88999939,40.3780632,104.2200012,75.61752319,22.23999977,18.57930756
2012-01-24,131.4600067,102.1335983,131.5,130.6000061,103083300,18.90999985,90.12000275,40.48139572,104.3399963,75.70457458,22.27000046,18.60437012
2012-01-25,132.5599976,102.9881821,132.8699951,130.75,198613200,18.30999947,90.91000366,40.83625412,104.8399963,76.06728363,22.17000008,18.52083015
2012-01-26,131.8800049,102.4598923,133.3999939,131.3600006,184880500,18.56999969,91.12999725,40.93506241,105.4000015,76.47367859,22.14999962,18.50412178
2012-01-27,131.8200073,102.4133072,132.0500031,131.1499939,135259100,18.53000069,90.80000305,40.78684998,105.7200012,76.70579529,21.98999977,18.3704586
2012-01-30,131.3699951,102.0637131,131.4400024,130.0599976,147311800,19.39999962,90.51000214,40.65656662,106.0800018,76.96704102,22.06999969,18.43729019
2012-01-31,131.3200073,102.0248718,132.1799927,130.6799927,157212000,19.44000053,90.73999786,40.75985336,106.4800034,77.25725555,22.12000084,18.47905922
2012-02-01,132.4700012,102.9183121,133.1399994,132.1300049,166234500,18.54999924,90.40000153,40.8353157,105.9199982,76.98908234,22.02000046,18.39552116
2012-02-02,132.6799927,103.0814514,133.0200043,132.2100067,113090400,17.97999954,90.45999908,40.8624115,106.0699997,77.09810638,22.03000069,18.40387535
2012-02-03,134.5399933,104.5265121,134.6199951,133.7700043,160598500,17.10000038,90.72000122,40.97988129,105.2300034,76.48748779,22.03000069,18.40387535
2012-02-06,134.4499969,104.4565735,134.5099945,133.8300018,107694500,17.76000023,90.73999786,40.98888016,105.5199966,76.69826508,22.04000092,18.41222763
2012-02-07,134.7899933,104.7207565,135.0200043,133.6399994,135528100,17.64999962,90.91999817,41.07020569,104.8399963,76.2040329,21.88999939,18.28692055
2012-02-08,135.1900024,105.0315018,135.2200012,134.3099976,139361400,18.15999985,91,41.10636139,104.8899994,76.24038696,21.90999985,18.30362701
2012-02-09,135.3600006,105.1635818,135.5899963,134.5599976,148602900,18.62999916,91.04000092,41.12443161,104.6500015,76.06594086,21.92000008,18.31197929
2012-02-10,134.3600006,104.3866577,134.4700012,133.8399963,167907500,20.79000092,90.25,40.7675705,105.2399979,76.49472809,22.05999947,18.42893791
2012-02-13,135.3600006,105.1635818,135.5200043,134.7400055,115841900,19.04000092,90.51000214,40.88500977,105.1699982,76.44392395,22.03000069,18.40387535
2012-02-14,135.1900024,105.0315018,135.2700043,134.25,165329500,19.54000092,90.51000214,40.88500977,105.3899994,76.60379791,22.13999939,18.4957695
2012-02-15,134.5599976,104.542038,135.8300018,134.2899933,195195100,21.13999939,90.22000122,40.75400925,105.4700012,76.66194916,22.20999908,18.554245
2012-02-16,136.0500031,105.699646,136.1699982,134.3300018,186567800,19.21999931,90.59999847,40.92563629,104.9899979,76.31309509,22.12999916,18.48741531
2012-02-17,136.4100037,105.979332,136.6300049,135.9600067,129869400,17.78000069,90.56999969,40.91210175,104.8799973,76.23312378,22.12999916,18.48741531
2012-02-21,136.4700012,106.0259552,137.0500031,136.0500031,134042300,18.19000053,90.91000366,41.06570435,104.5,75.95688629,22.04000092,18.41222763
2012-02-22,136.0299988,105.6841431,136.5500031,135.7899933,124455300,18.19000053,91.19999695,41.19668579,104.9100037,76.25491333,22.06999969,18.43729019
2012-02-23,136.6300049,106.1502762,136.7299957,135.5,137704300,16.79999924,91.52999878,41.34575272,105.0599976,76.36394501,21.89999962,18.29527283
2012-02-24,136.9299927,106.3833542,137.1999969,136.6300049,105539100,17.30999947,91.80999756,41.47223663,105.1399994,76.4221344,21.80999947,18.22008514
2012-02-27,137.1600037,106.5620193,137.5299988,135.8000031,145728900,18.19000053,91.83000183,41.48127747,105.4899979,76.67651367,21.87999916,18.27856445
2012-02-28,137.5599976,106.8728485,137.7200012,136.9299927,129355900,17.95999908,92.01000214,41.56259537,105.5400009,76.71282196,21.78000069,18.19502449
2012-02-29,137.0200043,106.4532547,138.1900024,136.5399933,185934700,18.43000031,92.12999725,41.6167984,105.1200027,76.40757751,21.95999908,18.34539986
2012-03-01,137.7299957,107.0048523,137.9900055,136.9299927,145023500,17.26000023,91.75,41.68812561,104.6100006,76.16004944,21.95999908,18.34539986
2012-03-02,137.3099976,106.6785889,137.8200073,137,120638300,17.29000092,91.37000275,41.51548386,105.0299988,76.46577454,22.11000061,18.47070885
2012-03-05,136.75,106.2435074,137.1999969,136.2799988,140765000,18.04999924,90.86000061,41.28373718,104.8199997,76.3129425,22.09000015,18.45399857
2012-03-06,134.75,104.6896896,135.4299927,134.3600006,202129900,20.87000084,89.65000153,40.7339859,105.2600021,76.63327789,22.22999954,18.57095528
2012-03-07,135.6900024,105.4199753,135.9100037,134.9299927,143692200,19.06999969,89.90000153,40.84753799,105.0599976,76.4875946,22.20000076,18.54589653
2012-03-08,137.0399933,106.4687729,137.3200073,136.2400055,116968900,17.95000076,90.59999847,41.16562653,104.75,76.26192474,22.04999924,18.42058182
2012-03-09,137.5700073,106.8805847,137.9299927,137.1300049,122836800,17.11000061,90.69999695,41.21105194,104.6699982,76.20372772,22.26000023,18.59601784
2012-03-12,137.5800018,106.8883209,137.7599945,137.0899963,104003500,15.64000034,90.69999695,41.21105194,104.6399994,76.18187714,22.22999954,18.57095528
2012-03-13,140.0599976,108.815094,140.1300049,138.0899963,184090500,14.80000019,91.36000061,41.51092529,103.8899994,75.63587952,22.29999924,18.62943077
2012-03-14,139.9100037,108.6985855,140.4499969,139.4799957,145163600,15.31000042,91.12999725,41.40642166,102.6999969,74.76947784,22.42000008,18.72968292
2012-03-15,140.7200012,109.327858,140.7799988,139.7599945,165118500,15.42000008,90.81999969,41.26556396,102.6699982,74.74765778,22.32999992,18.65449524
2012-03-16,140.3000031,109.4792633,140.4799957,140,152893500,14.47000027,90.48999786,41.11564255,102.6399994,74.72577667,22.18000031,18.52918625
2012-03-19,140.8500061,109.9084625,141.2799988,140.1100006,125291100,15.03999996,90.83000183,41.27009964,102.0100021,74.26715088,22.05999947,18.42893791
2012-03-20,140.4400024,109.5884857,140.6100006,139.6399994,121729700,15.57999992,90.76000214,41.23830795,102.0599976,74.30349731,22.10000038,18.46235275
2012-03-21,140.2100067,109.4090347,140.6499939,139.9199982,122388400,15.13000011,90.47000122,41.10653305,102.5800018,74.68210602,22.11000061,18.47070885
2012-03-22,139.1999969,108.6209183,139.5500031,138.7400055,135216700,15.56999969,90.69000244,41.20652008,102.7099991,74.77676392,22.13999939,18.4957695
2012-03-23,139.6499939,108.9720306,139.8099976,138.5500031,120521000,14.81999969,90.5,41.12017059,103.0899963,75.05341339,22.02000046,18.39552116
2012-03-26,141.6100006,110.5014648,141.6100006,140.6000061,120164000,14.26000023,91.05000305,41.37007141,102.9700012,74.96604156,21.87999916,18.27856445
2012-03-27,141.1699982,110.1581116,141.8300018,141.0800018,119868500,15.59000015,91.20999908,41.44276428,103.5400009,75.38104248,21.95999908,18.34539986
2012-03-28,140.4700012,109.6118698,141.3200073,139.6399994,148562100,15.47000027,90.91000366,41.30647278,103.3600006,75.25001526,21.95000076,18.33704376
2012-03-29,140.2299957,109.4246368,140.4900055,139.0899963,164963700,15.47999954,90.90000153,41.30192566,103.7900009,75.5630188,21.94000053,18.32868958
2012-03-30,140.8099976,109.8771744,141.0500031,140.0500031,135486800,15.5,90.72000122,41.22013855,103.2799988,75.19172668,21.90999985,18.30362701
2012-04-02,141.8399963,110.6809616,142.2100067,140.3600006,151741100,15.64000034,90.33000183,41.29097366,103.3499985,75.37186432,21.86000061,18.26185608
2012-04-03,141.2599945,110.2283707,141.8800049,140.4299927,155806700,15.65999985,90.25,41.2544136,102.5899963,74.81760406,22.02000046,18.39552116
2012-04-04,139.8600006,109.1358566,140.3399963,139.3399963,146896000,16.44000053,89.91999817,41.10358047,103.1100006,75.19681549,22.12999916,18.48741531
2012-04-05,139.7899933,109.0812912,140.1999969,139.2599945,137439400,16.70000076,89.69999695,41.00301361,103.5699997,75.53230286,22.20000076,18.54589653
2012-04-09,138.2200012,107.8562012,139.8399963,137.8399963,127555900,18.80999947,89.23999786,40.79274368,104.6299973,76.30539703,22.12999916,18.48741531
2012-04-10,135.8999939,106.0458374,138.3399963,135.7599945,235360300,20.38999939,88.80000305,40.59162521,105.1200027,76.66274261,22.15999985,18.51247787
2012-04-11,137,106.9041672,137.5399933,136.75,154133000,20.02000046,89.33999634,40.83843231,104.7099991,76.36369324,22.12999916,18.48741531
2012-04-12,138.7899933,108.3009567,138.8999939,137.0299988,154321500,17.20000076,90.13999939,41.20413971,104.5,76.21052551,21.97999954,18.36210442
2012-04-13,137.1399994,107.0134277,138.8200073,137.0099945,169246700,19.54999924,89.84999847,41.07156754,105.1299973,76.66997528,22.15999985,18.51247787
2012-04-16,137.0500031,106.9431915,138.0399933,136.5800018,147825300,19.54999924,89.98999786,41.13557053,105.0999985,76.64809418,22.06999969,18.43729019
2012-04-17,139.0800018,108.5272522,139.3600006,137.6999969,147877600,18.45999908,90.37999725,41.31384659,104.9899979,76.56788635,22.05999947,18.42893791
2012-04-18,138.6100006,108.1605148,139.0800018,138.3800049,123884200,18.63999939,90.34999847,41.30010986,105.1999969,76.72108459,22.05999947,18.42893791
2012-04-19,137.7200012,107.4659882,139.1499939,137.0700073,198666700,18.36000061,90.18000031,41.22240829,105.3199997,76.80854797,22.04999924,18.42058182
2012-04-20,137.9499969,107.6455002,138.8300018,137.8699951,143199600,17.44000053,90.31999969,41.28640366,105.3300018,76.81587219,21.93000031,18.3203373
2012-04-23,136.7899933,106.7403107,136.9100037,135.9400024,171844900,18.96999931,90.12999725,41.199543,105.5400009,76.96900177,22,18.3788147
2012-04-24,137.3099976,107.1460953,137.6600037,136.8000031,137484200,18.10000038,90.33999634,41.29555893,105.2699966,76.77212524,21.94000053,18.32868958
2012-04-25,139.1900024,108.6131287,139.25,138.5299988,150252200,16.81999969,91,41.59723663,105.1399994,76.67731476,21.88999939,18.28692055
2012-04-26,140.1600037,109.3700333,140.3200073,138.8099976,136291600,16.23999977,91.05999756,41.62468338,105.4899979,76.93257904,21.86000061,18.26185608
2012-04-27,140.3899994,109.5494995,140.7899933,139.8000031,130725000,16.31999969,91.01999664,41.60638046,105.5999985,77.01277161,21.81999969,18.22843933
2012-04-30,139.8699951,109.1436691,140.2100067,139.4900055,115092200,17.14999962,91.19999695,41.68865585,105.6900024,77.07841492,21.80999947,18.22008514
2012-05-01,140.7400055,109.8225937,141.6600037,139.6300049,138832200,16.60000038,90.76000214,41.72041321,105.3300018,76.93817139,21.82999992,18.23679543
2012-05-02,140.3200073,109.4948883,140.4600067,139.4600067,121081000,16.87999916,91.11000061,41.88128662,105.5299988,77.08426666,21.89999962,18.29527283
2012-05-03,139.25,108.6599197,140.4499969,138.9900055,143759700,17.55999947,91.05000305,41.85371017,105.5199966,77.07691193,21.92000008,18.31197929
2012-05-04,137,106.9041672,139.3000031,136.9199982,193927300,19.15999985,90.87000275,41.77095032,105.9400024,77.38374329,22.01000023,18.38716698
2012-05-07,137.1000061,106.9822235,137.5599976,136.4600067,127765900,18.94000053,91.01999664,41.83989716,105.9100037,77.36183929,22.04000092,18.41222763
2012-05-08,136.5500031,106.5530548,136.7700043,134.9199982,213377700,19.04999924,91,41.83069611,106.1500015,77.53713226,22.09000015,18.45399857
2012-05-09,135.7400055,105.9209976,136.6100006,134.4900055,220752500,20.07999992,90.68000031,41.68359375,106.2399979,77.60292816,22.18000031,18.52918625
2012-05-10,136.0200043,106.1394577,136.8500061,135.7100067,150600000,18.82999992,90.58000183,41.63763428,106.0899963,77.4932785,22.20000076,18.54589653
2012-05-11,135.6100006,105.8195343,136.8699951,135.1100006,153032400,19.88999939,90.80999756,41.74339676,106.4400024,77.74897003,22.23999977,18.57930756
2012-05-14,134.1100006,104.6490707,135.6100006,133.9100037,163910000,21.87000084,90.13999939,41.43539429,106.9100037,78.09224701,22.34000015,18.66284752
2012-05-15,133.3399963,104.0482025,134.8099976,133.1300049,207629300,21.96999931,89.69999695,41.23311996,106.9400024,78.11416626,22.52000046,18.81321907
2012-05-16,132.8300018,103.6502304,134.5500031,132.8000031,207265500,22.27000046,88.81999969,40.82860947,107.0199966,78.17258453,22.56999969,18.85499001
2012-05-17,130.8600006,102.112999,133.0200043,130.7899933,247992900,24.48999977,87.58999634,40.26321793,107.4199982,78.46478271,22.54999924,18.83828354
2012-05-18,129.7400055,101.2390594,131.6000061,129.5500031,319615900,25.10000038,87.58999634,40.26321793,107.3499985,78.41365051,22.45999908,18.76309586
2012-05-21,131.9700012,102.9791718,132.0200043,129.9499969,177861100,22.01000023,88.5,40.68151093,107.0699997,78.20912933,22.38999939,18.70461655
2012-05-22,132.1999969,103.158638,133.2299957,131.3399963,197531200,22.47999954,88.48999786,40.6769104,106.8399963,78.04112244,22.62000084,18.89676094
2012-05-23,132.2700043,103.2132416,132.4600067,129.9900055,204958400,22.32999992,88.40000153,40.63556671,107.1200027,78.24569702,22.70000076,18.96359253
2012-05-24,132.5299988,103.4161606,132.8399963,131.4199982,167357600,21.54000092,88.41999817,40.64474869,106.8899994,78.07762909,22.79000092,19.03877831
2012-05-25,132.1000061,103.0806122,132.8500061,131.7799988,135465600,21.76000023,88.13999939,40.51603699,107.1999969,78.30409241,22.81999969,19.06384087
2012-05-29,133.6999969,104.3291397,133.9299927,131.1699982,152883500,21.03000069,89.11000061,40.96191788,107.1100006,78.23838806,22.79999924,19.0471344
2012-05-30,131.7599945,102.8152847,133.6900024,131.4900055,162370400,24.13999939,88.70999908,40.7780571,108.1299973,78.98345184,22.97999954,19.19750404
2012-05-31,131.4700012,102.5889969,132.4499969,130.3399963,196186000,24.05999947,87.76999664,40.34593964,108.5500031,79.29020691,22.98999977,19.20586014
2012-06-01,128.1600037,100.006134,131.5,128.1600037,253240900,26.65999985,86.47000122,39.9953537,109.3099976,79.97130585,22.92000008,19.14738274
2012-06-04,128.1000061,99.95931244,128.7400055,127.1399994,202545800,26.12000084,86.54000092,40.02771378,108.6800003,79.51045227,22.81999969,19.06384087
2012-06-05,129.0700073,100.7162399,129.2599945,127.7799988,164149400,24.68000031,87.08999634,40.28213882,108.3199997,79.24703979,22.89999962,19.13067436
2012-06-06,131.9700012,102.9791718,132.0299988,129.9299927,184202800,22.15999985,88.01999664,40.71226883,107.6100006,78.72757721,22.70999908,18.97194481
2012-06-07,132.0500031,103.0415802,133.5299988,131.7799988,184772700,21.71999931,88.34999847,40.86490631,107.8700027,78.91781616,22.73999977,18.99701118
2012-06-08,133.1000061,103.8609238,133.1300049,131.2899933,143915400,21.22999954,88.69000244,41.02216721,107.9499969,78.97634125,22.80999947,19.05548668
2012-06-11,131.4100037,102.5421982,134.25,131.2799988,169756100,23.55999947,88.11000061,40.75389481,108.2399979,79.18851471,22.84000015,19.08054924
2012-06-12,132.9199982,103.720459,133.0099945,131.1600037,181931800,22.09000015,88.73000336,41.04070663,107.6600037,78.76412964,22.76000023,19.01371574
2012-06-13,132.0700073,103.0572205,133.3600006,131.6199951,172223900,24.27000046,88.47000122,40.92040253,108.2300034,79.18120575,22.69000053,18.95524025
2012-06-14,133.4700012,104.1496811,134,131.9799957,230615500,21.68000031,89.12999725,41.22568512,107.9400024,78.96898651,22.60000038,18.88005447
2012-06-15,134.1399994,105.214798,134.2599945,133.1000061,169444500,21.11000061,89.29000092,41.29967499,108.4400024,79.33485413,22.5,18.7965126
2012-06-18,134.3999939,105.4187698,134.7299957,133.2799988,131360900,18.31999969,89.31999969,41.3135643,108.4100037,79.31286621,22.60000038,18.88005447
2012-06-19,135.6999969,106.4384155,136.25,134.3699951,137382600,18.37999916,89.94999695,41.60498428,108.0400009,79.0421524,22.43000031,18.7380352
2012-06-20,135.4799957,106.2658463,136.1000061,134.2700043,206451800,17.23999977,90.30000305,41.76687622,107.8199997,78.88126373,22.45999908,18.76309586
2012-06-21,132.4400024,103.8813782,135.7799988,132.3300018,205272200,20.07999992,89.55999756,41.42458344,108.0500031,79.04950714,22.70000076,18.96359253
2012-06-22,133.4600067,104.6814423,133.7100067,132.6199951,130029200,18.11000061,90.16999817,41.7067337,107.5800018,78.70562744,22.64999962,18.92182541
2012-06-25,131.3200073,103.0029144,132.1000061,130.8500061,146375700,20.37999916,90.02999878,41.64195633,108.1699982,79.13729858,22.71999931,18.980299
2012-06-26,131.9799957,103.5205765,132.3800049,130.9299927,141634000,19.71999931,89.90000153,41.58184052,107.9300003,78.96169281,22.68000031,18.94688797
2012-06-27,133.1699982,104.4539871,133.4299927,131.9700012,108088000,19.45000076,90.44000244,41.83161163,108.0800018,79.07145691,22.75,19.00536346
2012-06-28,132.7899933,104.1559296,132.9900055,131.2799988,169242100,19.70999908,90.43000031,41.82698441,108.4300003,79.32753754,22.78000069,19.03042603
2012-06-29,136.1000061,106.752182,136.2700043,134.8500061,212250900,17.07999992,91.29000092,42.22478485,107.9300003,78.96169281,22.46999931,18.77145004
2012-07-02,136.5099945,107.0737534,136.6499939,135.5200043,129524500,16.79999924,90.87000275,42.27035141,108.2699966,79.32805634,22.52000046,18.81321907
2012-07-03,137.4100037,107.779686,137.5099945,136.3399963,80450000,16.65999985,91.19999695,42.4238472,108,79.13023376,22.5,18.7965126
2012-07-05,136.7899933,107.2933731,137.8000031,136.2899933,126177500,17.5,91.20999908,42.4285202,108.2900009,79.34273529,22.79999924,19.0471344
2012-07-06,135.4900055,106.2737122,135.7700043,134.8500061,151192100,17.10000038,91.08999634,42.37268829,108.6699982,79.6211319,22.95000076,19.17244339
2012-07-09,135.3200073,106.140358,135.5700073,134.6999969,103780500,17.97999954,91.12000275,42.38662338,108.9700012,79.84095001,22.87999916,19.11396217
2012-07-10,134.1399994,105.214798,136.2299957,133.6799927,167884800,18.71999931,90.72000122,42.20058441,109.0199966,79.87758636,22.95999908,19.18079758
2012-07-11,134.1600037,105.2305298,134.6000061,133.3800049,141733400,17.95000076,91.01000214,42.335495,108.9199982,79.80430603,22.97999954,19.19750404
2012-07-12,133.5099945,104.7206726,134.2299957,132.6000061,143583200,18.32999992,90.80999756,42.24246216,109.1699982,79.98742676,23.03000069,19.23927498
2012-07-13,135.75,106.4776306,135.8899994,133.8399963,129642600,16.73999977,91.08999634,42.37268829,109.0800018,79.92156219,22.93000031,19.15573311
2012-07-16,135.4299927,106.2266464,135.8300018,134.8999939,97525200,17.11000061,90.73999786,42.20988083,109.3199997,80.09740448,22.86000061,19.09725761
2012-07-17,136.3600006,106.9560928,136.6399994,134.5500031,138860300,16.47999954,91.16999817,42.40991592,109.0400009,79.89220428,22.84000015,19.08054924
2012-07-18,137.3699951,107.7483139,137.6399994,135.9600067,113349700,16.15999985,91.55000305,42.58668518,109.1500015,79.97281647,22.81999969,19.06384087
2012-07-19,137.7299957,108.0307007,138.1799927,137.2100067,129847300,15.44999981,91.77999878,42.69367218,108.9899979,79.85556793,22.80999947,19.05548668
2012-07-20,136.4700012,107.0423965,137.1600037,136.3200073,142904500,16.27000046,91.34999847,42.49363327,109.4199982,80.17063141,22.97999954,19.19750404
2012-07-23,135.0899963,105.9599609,136.3800049,133.8399963,145210900,18.62000084,91.19999695,42.4238472,109.5999985,80.30254364,23.01000023,19.2225666
2012-07-24,133.9299927,105.0500717,135.25,133.0299988,173301200,20.46999931,90.63999939,42.16334152,109.8099976,80.45642853,23.10000038,19.2977562
2012-07-25,133.9600067,105.0736465,134.5599976,133.25,129122300,19.34000015,90.44999695,42.07497406,109.8700027,80.50035858,22.97999954,19.19750404
2012-07-26,136.1699982,106.8070526,136.4600067,135.2599945,156526500,17.53000069,91.37999725,42.50760269,109.5299988,80.25121307,22.75,19.00536346
2012-07-27,138.6799927,108.7758408,139.0700073,136.1399994,236768900,16.70000076,91.91999817,42.75878906,108.7399979,79.67240143,22.73999977,18.99701118
2012-07-30,138.6799927,108.7758408,139.3399963,138.2700043,106782000,18.03000069,91.91999817,42.75878906,109.0899963,79.9288559,22.77000046,19.02207184
2012-07-31,137.7100067,108.0149994,138.8699951,137.7100067,120575900,18.93000031,91.69999695,42.65646362,109.2799988,80.06807709,22.70999908,18.97194481
2012-08-01,137.5899963,107.9208527,138.7299957,137.3999939,138293800,18.95999908,91.69000244,42.88796234,108.7200012,79.77602386,22.87000084,19.10561562
2012-08-02,136.6399994,107.1757355,137.5700073,135.5800018,199556600,17.56999969,91.31999969,42.71491623,108.9800034,79.96683502,22.90999985,19.13902855
2012-08-03,139.3500061,109.3013458,139.6399994,136.6799927,157825000,15.64000034,91.69999695,42.89265442,108.4100037,79.54853058,22.62999916,18.90511513
2012-08-06,139.6199951,109.5131149,140.1699982,139.5599976,86326200,15.94999981,91.63999939,42.86459351,108.4800034,79.59999084,22.60000038,18.88005447
2012-08-07,140.3200073,110.0622101,140.9199982,140.0299988,109545100,15.98999977,91.45999908,42.78039169,107.9100037,79.18170929,22.60000038,18.88005447
2012-08-08,140.4900055,110.195549,140.6499939,139.8099976,89754700,15.31999969,91.51999664,42.80847931,107.7600021,79.07158661,22.63999939,18.91346931
2012-08-09,140.6100006,110.2896576,140.8899994,140.1499939,90291700,15.27999973,91.52999878,42.81315231,107.6800003,79.01289368,22.71999931,18.980299
2012-08-10,140.8399963,110.4701004,140.8899994,139.8099976,99792700,14.73999977,91.44999695,42.77573395,107.9899979,79.24034882,22.68000031,18.94688797
2012-08-13,140.7700043,110.4151459,140.8399963,140.0399933,79426900,13.69999981,91.5,42.79911041,107.9199982,79.18900299,22.64999962,18.92182541
2012-08-14,140.7899933,110.4308472,141.3800049,140.3699951,102379400,14.85000038,91.63999939,42.86459351,107.3899994,78.80010223,22.65999985,18.93017578
2012-08-15,140.9499969,110.5563354,141.1900024,140.5500031,71085900,14.63000011,91.19999695,42.65878677,106.8499985,78.40384674,22.71999931,18.980299
2012-08-16,141.9900055,111.3720856,142.1600037,140.8000031,112014200,14.28999996,91.54000092,42.8178215,106.5899963,78.21299744,22.63999939,18.91346931
2012-08-17,142.1799927,111.5211029,142.3000031,141.8600006,90813700,13.44999981,91.54000092,42.8178215,106.7200012,78.30841827,22.68000031,18.94688797
2012-08-20,142.1900024,111.5289536,142.2200012,141.5899963,78255700,14.02000046,91.65000153,42.86927414,106.7799988,78.35248566,22.64999962,18.92182541
2012-08-21,141.7599945,111.1916656,143.0899963,141.4499969,105581100,15.02000046,91.84999847,42.9628334,106.8700027,78.4185791,22.5,18.7965126
2012-08-22,141.8200073,111.2387924,142.0500031,141.0700073,133243500,15.10999966,91.76000214,42.92073822,107.6999969,79.02758026,22.38999939,18.70461655
2012-08-23,140.6600037,110.3288574,141.4799957,140.4400024,111466400,15.96000004,91.73999786,42.9113884,107.8899994,79.16698456,22.35000038,18.67120361
2012-08-24,141.5099945,110.9955673,141.8300018,140.2200012,99481200,15.18000031,92.15000153,43.10313797,107.8399963,79.13032532,22.42000008,18.72968292
2012-08-27,141.5399933,111.0190964,142.0800018,141.3399963,68785900,16.35000038,92.08000183,43.07039261,108.1200027,79.33573914,22.44000053,18.74638939
2012-08-28,141.3999939,110.9093018,141.8399963,140.9700012,75689600,16.48999977,92,43.0329895,108.1600037,79.36516571,22.35000038,18.67120361
2012-08-29,141.5099945,110.9955673,141.8899994,141.1199951,65421300,17.05999947,92.12999725,43.09380341,108.0899963,79.31374359,22.38999939,18.70461655
2012-08-30,140.4900055,110.195549,140.9400024,140.1900024,96589900,17.82999992,92.08999634,43.07507324,108.2900009,79.46051788,22.44000053,18.74638939
2012-08-31,141.1600037,110.7210617,141.8200073,140.3600006,151970400,17.46999931,92.33000183,43.18733978,108.9899979,79.97410583,22.29999924,18.62943077
2012-09-04,141.0299988,110.6191406,141.4600067,140.1300049,120226200,17.97999954,91.81999969,43.18639755,108.5899963,79.79119873,22.32999992,18.65449524
2012-09-05,140.9100037,110.5249786,141.4700012,140.6300049,100660300,17.73999977,91.83000183,43.1911087,108.5500031,79.76174927,22.30999947,18.63778687
2012-09-06,143.7700043,112.7682495,143.7799988,141.75,158272500,15.60000038,92.37000275,43.44507217,107.8099976,79.21804047,22.25,18.58766365
2012-09-07,144.3300018,113.2074966,144.3899994,143.8800049,107272100,14.38000011,92.52999878,43.52035904,107.9499969,79.32091522,22.01000023,18.38716698
2012-09-10,143.5099945,112.5643692,144.4400024,143.4600067,86458500,16.28000069,92.37999725,43.44979095,108,79.35766602,22.07999992,18.44564438
2012-09-11,143.9100037,112.8780441,144.3699951,143.5599976,88760000,16.40999985,93.01000214,43.74609375,107.8000031,79.21069336,21.90999985,18.30362701
2012-09-12,144.3899994,113.25457,144.5500031,143.8999939,87640900,15.80000019,93.29000092,43.8778038,107.2699966,78.8212738,21.88999939,18.28692055
2012-09-13,146.5899963,114.9801636,147.0399933,143.9900055,225470200,14.05000019,93.88999939,44.15999222,107.5800018,79.04909515,21.75,18.16996384
2012-09-14,147.2400055,115.4900436,148.1100006,146.7599945,169777000,14.51000023,93.87999725,44.15530396,106.5699997,78.30692291,21.63999939,18.07806969
2012-09-17,146.7400055,115.0978241,147.1900024,146.3699951,119427800,14.59000015,93.80000305,44.11767197,106.7900009,78.46852875,21.67000008,18.10313034
2012-09-18,146.6199951,115.0037155,146.8099976,146.25,98326600,14.18000031,93.83999634,44.13646698,107.0599976,78.66694641,21.73999977,18.16161156
2012-09-19,146.6999969,115.0664902,147.1699982,146.4100037,128318300,13.88000011,93.72000122,44.08003998,107.3099976,78.8506012,21.67000008,18.10313034
2012-09-20,146.7100067,115.0743103,146.7899933,145.6300049,154009800,14.06999969,93.27999878,43.87314987,107.3700027,78.8947525,21.77000046,18.1866703
2012-09-21,145.8699951,115.0262222,146.6699982,145.8099976,108737500,13.97999954,93.15000153,43.81193924,107.5999985,79.06378174,21.75,18.16996384
2012-09-24,145.6499939,114.8527222,145.9799957,145.0399933,95682000,14.14999962,93.02999878,43.75549316,107.8399963,79.24008179,21.79999924,18.21173096
2012-09-25,144.1000061,113.6304779,146.2400055,144.0599976,133165200,15.43000031,92.19999695,43.36514664,108.2399979,79.53400421,21.84000015,18.24514961
2012-09-26,143.2899933,112.9917603,144.1100006,142.9499969,146502200,16.80999947,91.73999786,43.14879227,108.6900024,79.86465454,21.87999916,18.27856445
2012-09-27,144.6399994,114.0562363,144.9700012,143.5099945,111830300,14.84000015,92.73999786,43.61913681,108.4599991,79.69567871,21.81999969,18.22843933
2012-09-28,143.9700012,113.5279617,144.5599976,143.4600067,150696100,15.72999954,92.30000305,43.41215134,108.4599991,79.69567871,21.92000008,18.31197929
2012-10-01,144.3500061,113.8275909,145.6900024,144.0099945,135911200,16.31999969,91.66000366,43.33887482,108.5199966,79.84352875,21.87000084,18.27021217
2012-10-02,144.5,113.9458618,145.1499939,143.8300018,113422200,15.71000004,91.88999939,43.44764709,108.4499969,79.79204559,21.85000038,18.25350189
2012-10-03,145.0899963,114.4110947,145.4299927,144.1300049,121283100,15.43000031,92.12000275,43.55636597,108.5599976,79.87294769,21.90999985,18.30362701
2012-10-04,146.1300049,115.231163,146.3399963,145.4400024,124311600,14.55000019,92.51000214,43.74077606,108.1299973,79.55660248,21.76000023,18.17831802
2012-10-05,146.1399994,115.2390747,147.1600037,145.6999969,124842100,14.32999992,92.45999908,43.71712112,107.6399994,79.19608307,21.76000023,18.17831802
2012-10-08,145.6399994,114.8447952,146.1199951,145.3099976,78415400,15.10999966,92.33000183,43.65566254,107.9899979,79.45361328,21.80999947,18.22008514
2012-10-09,144.1999969,113.7092743,145.6499939,144.1499939,148872900,16.37000084,92.06999969,43.53274918,107.7699966,79.29176331,21.95000076,18.33704376
2012-10-10,143.2799988,112.9838257,144.3200073,143.0899963,124247500,16.29000092,91.84999847,43.42870331,108.0299988,79.48297882,21.89999962,18.29527283
2012-10-11,143.3600006,113.0469055,144.4900055,143.3300018,123601500,15.59000015,92.34999847,43.66513443,108.1299973,79.55660248,21.86000061,18.26185608
2012-10-12,142.8899994,112.6763382,143.9499969,142.5800018,124181900,16.13999939,92.51000214,43.74077606,108.1399994,79.56398773,21.82999992,18.23679543
2012-10-15,144.0800018,113.6146698,144.2299957,142.7700043,107689100,15.27000046,92.93000031,43.93938065,108.1699982,79.58602905,21.84000015,18.24514961
2012-10-16,145.5399933,114.7659683,145.6399994,144.6600037,108815500,15.22000027,93.26999664,44.10012436,107.6600037,79.21082306,21.75,18.16996384
2012-10-17,146.1999969,115.2864075,146.3200073,145.4199982,128834100,15.06999969,93.48000336,44.19944,106.9800034,78.71050262,21.63999939,18.07806969
2012-10-18,145.8200073,114.9867477,146.5200043,145.3300018,148108500,15.02999973,93.43000031,44.17577744,106.7900009,78.57067108,21.72999954,18.15325356
2012-10-19,143.3899994,113.0705414,145.5599976,143.0500031,185645200,17.05999947,92.95999908,43.95353317,107.2399979,78.9017868,21.80999947,18.22008514
2012-10-22,143.4100037,113.0863495,143.6699982,142.2799988,125578600,16.62000084,92.98000336,43.96300507,106.8799973,78.63689423,21.80999947,18.22008514
2012-10-23,141.4199982,111.5171432,142.0599976,140.8300018,192056300,18.82999992,92.62999725,43.79752731,107.3899994,79.01217651,21.90999985,18.30362701
2012-10-24,141.0200043,111.2016983,142.1000061,140.8000031,120179400,18.32999992,92.55000305,43.75967789,107.1600037,78.8429184,21.90999985,18.30362701
2012-10-25,141.4299927,111.5250244,142.2799988,140.5700073,134457400,18.12000084,92.69999695,43.83058548,106.7699966,78.55593872,21.93000031,18.3203373
2012-10-26,141.3500061,111.4619522,141.8399963,140.3899994,146023500,17.80999947,92.48000336,43.72660446,107.4499969,79.0562973,21.93000031,18.3203373
2012-10-31,141.3500061,111.4619522,142.0299988,140.6799927,103438500,18.60000038,92.58999634,43.77861404,107.8899994,79.38001251,21.88999939,18.28692055
2012-11-01,142.8300018,112.6289902,143.0099945,141.5200043,100995600,16.69000053,92.54000092,43.75492859,107.5299988,79.22164917,21.92000008,18.31197929
2012-11-02,141.5599976,111.6275024,143.7200012,141.4100037,137702200,17.59000015,92.41000366,43.69351959,107.6200027,79.28793335,22.06999969,18.43729019
2012-11-05,141.8500061,111.8562622,142.1699982,140.9299927,98378500,18.42000008,92.26000214,43.62257767,107.8799973,79.47950745,22.12000084,18.47905922
2012-11-06,142.9600067,112.7315521,143.5200043,142.1300049,107068100,17.57999992,92.40000153,43.68875885,107.3899994,79.11850739,22.09000015,18.45399857
2012-11-07,139.7200012,110.1765747,141.6799927,139.0599976,264304500,19.07999992,91.84999847,43.42870331,108.2900009,79.78152466,22.12999916,18.48741531
2012-11-08,138.0399933,108.8518372,140.4100037,137.9299927,181517300,18.48999977,91.55000305,43.28687668,108.7699966,80.13515472,22.12999916,18.48741531
2012-11-09,138.1600037,108.9464645,139.4400024,137.5500031,201055300,18.61000061,91.38999939,43.21124649,108.7799988,80.14256287,22.18000031,18.52918625
2012-11-12,138.2700043,109.033226,138.8099976,137.9600067,97677500,16.68000031,91.41999817,43.2253952,108.8499985,80.19415283,22.19000053,18.53754044
2012-11-13,137.7899933,108.6546783,139.25,137.3600006,123018300,16.64999962,91.20999908,43.12610626,108.9800034,80.28990173,22.20999908,18.554245
2012-11-14,135.9299927,107.1879883,138.4299927,135.6199951,191505000,17.92000008,90.70999908,42.8897171,109.0100021,80.31202698,22.20000076,18.54589653
2012-11-15,135.6999969,107.0066147,136.4900055,135.1799927,178128400,17.98999977,90.66999817,42.8707695,108.9599991,80.27515411,22.20000076,18.54589653
2012-11-16,136.3699951,107.5349655,136.6399994,134.6999969,239483900,16.40999985,90.93000031,42.99371719,109.0299988,80.32670593,22.23999977,18.57930756
2012-11-19,139.1300049,109.7113113,139.1499939,136.4100037,151495800,15.23999977,92.08000183,43.53746796,108.8099976,80.16462708,22.13999939,18.4957695
2012-11-20,139.1900024,109.7586517,139.4199982,138.0800018,119807400,15.07999992,92.08999634,43.54218292,108.3600006,79.83313751,22.12999916,18.48741531
2012-11-21,139.4499969,109.9636993,139.5700073,139.0299988,81710800,15.31000042,92.05999756,43.52800751,108.1999969,79.71525574,22.13999939,18.4957695
2012-11-23,141.3500061,111.4619522,141.3999939,140.0399933,65409200,15.14000034,92.37000275,43.67456055,108.1399994,79.6710434,21.93000031,18.3203373
2012-11-26,141.0500031,111.2253723,141.3600006,140.1900024,100124400,15.5,92.38999939,43.68403625,108.3199997,79.80358887,21.94000053,18.32868958
2012-11-27,140.3300018,110.6576004,141.3899994,140.2400055,128646200,15.92000008,92.48000336,43.72660446,108.5699997,79.9878006,22.01000023,18.38716698
2012-11-28,141.4600067,111.548645,141.5399933,139,177086500,15.51000023,92.5,43.73606491,108.7099991,80.0909729,21.96999931,18.35375023
2012-11-29,142.1199951,112.0690765,142.5099945,141.3699951,151085900,15.06000042,92.91000366,43.92989349,108.8199997,80.17198181,21.94000053,18.32868958
2012-11-30,142.1499939,112.0927505,142.4199982,141.6600037,136568300,15.86999989,93.05000305,43.99608231,108.8000031,80.15725708,21.92000008,18.31197929
2012-12-03,141.4499969,111.5408478,142.9199982,141.3399963,124656300,16.63999939,93.02999878,44.21901703,108.6200027,80.12558746,21.85000038,18.25350189
2012-12-04,141.25,111.3830795,141.8699951,140.8699951,127512200,17.12000084,93.02999878,44.21901703,108.8099976,80.26570892,21.78000069,18.19502449
2012-12-05,141.5,111.5802155,142.1600037,140.3699951,147300500,16.45999908,93.18000031,44.29032898,108.9000015,80.3321228,21.82999992,18.23679543
2012-12-06,141.9799957,111.9587173,142.0399933,141.1600037,103220600,16.57999992,93.34999847,44.37112808,108.9599991,80.37635803,21.95000076,18.33704376
2012-12-07,142.4100037,112.297821,142.6900024,141.6699982,108726400,15.89999962,93.20999908,44.30455399,108.6500015,80.1476593,21.98999977,18.3704586
2012-12-10,142.4700012,112.3450928,142.8099976,142.1499939,98840700,16.04999924,93.29000092,44.34261322,108.75,80.22148895,21.95999908,18.34539986
2012-12-11,143.4400024,113.1100388,144.1100006,142.9900055,152570400,15.56999969,93.37999725,44.38538742,108.5400009,80.0665741,21.87999916,18.27856445
2012-12-12,143.5099945,113.1652451,144.5500031,143.3099976,145880100,15.94999981,93.66000366,44.51848984,108.0800018,79.72722626,21.84000015,18.24514961
2012-12-13,142.6300049,112.4713058,143.8300018,142.2700043,135715000,16.55999947,93.33000183,44.36161804,107.8700027,79.5723114,21.86000061,18.26185608
2012-12-14,142.1000061,112.0533218,142.5800018,141.8800049,137701700,17,93.26000214,44.32834625,108.1100006,79.74937439,21.75,18.16996384
2012-12-17,143.7700043,113.370224,143.8500061,142.4299927,143238200,16.34000015,93.62000275,44.4994812,107.5400009,79.32884216,21.75,18.16996384
2012-12-18,145.3699951,114.6319122,145.5,143.7899933,177762800,15.56999969,93.66999817,44.52323914,107.1200027,79.01908875,21.68000031,18.11148453
2012-12-19,144.2899933,113.7802811,145.5800018,144.2400055,150895400,17.36000061,93.56999969,44.47570801,107.2699966,79.12971497,21.67000008,18.10313034
2012-12-20,145.1199951,114.4348068,145.1399994,143.9799957,168487000,17.67000008,93.90000153,44.63254166,107.3399963,79.18134308,21.64999962,18.08642387
2012-12-21,142.7899933,113.3960342,144.0899963,141.9400024,245883800,17.84000015,93.62999725,44.50421143,107.6299973,79.39525604,21.76000023,18.17831802
2012-12-24,142.3500061,113.0466309,142.5599976,142.1900024,53874600,17.84000015,93.29000092,44.34261322,107.5199966,79.31416321,21.76000023,18.17831802
2012-12-26,141.75,112.5700989,142.7100067,141.3500061,106947700,19.47999954,93.01000214,44.45013428,107.5899963,79.47735596,21.76000023,18.17831802
2012-12-27,141.5599976,112.4192123,142.0800018,139.9199982,167920600,19.46999931,93.19999695,44.5409317,107.8099976,79.63986206,21.76000023,18.17831802
2012-12-28,140.0299988,111.2042084,141.4199982,139.8699951,148806700,22.71999931,92.94999695,44.42144775,108.0599976,79.82457733,21.78000069,18.19502449
2012-12-31,142.4100037,113.0942841,142.5599976,139.5399933,243935200,18.02000046,93.34999847,44.61263657,107.4899979,79.40349579,21.80999947,18.22008514
2013-01-02,146.0599976,115.9929199,146.1499939,144.7299957,192059000,14.68000031,94.23000336,45.03317261,107,79.04160309,21.81999969,18.22843933
2013-01-03,145.7299957,115.7308121,146.3699951,145.3399963,144761800,14.56000042,93.94000244,44.89458847,106.4499969,78.63522339,21.98999977,18.3704586
2013-01-04,146.3699951,116.2390518,146.6100006,145.6699982,116817700,13.82999992,94,44.92328262,106.5,78.67219543,21.98999977,18.3704586
2013-01-07,145.9700012,115.9214706,146.1100006,145.4299927,110002500,13.78999996,94.08000183,44.96147919,106.5599976,78.71652985,21.92000008,18.31197929
2013-01-08,145.5500031,115.5879059,145.9100037,144.9799957,121265100,13.61999989,94.01000214,44.92805481,106.8199997,78.90857697,21.95000076,18.33704376
2013-01-09,145.9199982,115.8817062,146.3200073,145.6399994,90745600,13.81000042,94.19000244,45.01409912,106.8799973,78.95292664,22.02000046,18.39552116
2013-01-10,147.0800018,116.8028793,147.0899963,145.9700012,130735400,13.48999977,94.34999847,45.0905571,106.5699997,78.72389984,21.79999924,18.21173096
2013-01-11,147.0700073,116.7949905,147.1499939,146.6100006,113917300,13.35999966,94.51999664,45.17179108,106.9100037,78.9750824,21.73999977,18.16161156
2013-01-14,146.9700012,116.7155685,147.0700073,146.4299927,89567200,13.52000046,94.38999939,45.10963058,106.8700027,78.94553375,21.70999908,18.136549
2013-01-15,147.0700073,116.7949905,147.2100067,146.1999969,93172600,13.55000019,94.41000366,45.11922455,107.1299973,79.13755035,21.77000046,18.1866703
2013-01-16,147.0500031,116.7790833,147.2799988,146.6100006,104849500,13.42000008,94.25,45.04273987,107.2699966,79.2409668,21.79000092,18.20337868
2013-01-17,148,117.5335922,148.4199982,147.1499939,133833500,13.56999969,94.58999634,45.20521927,106.7799988,78.87902832,21.75,18.16996384
2013-01-18,148.3300018,117.7956238,148.4900055,147.4299927,169906000,12.46000004,94.72000122,45.26735687,107.0800018,79.10063171,21.85000038,18.25350189
2013-01-22,149.1300049,118.4309006,149.1300049,147.9799957,111797300,12.43000031,94.77999878,45.29602051,107.1699982,79.16711426,21.82999992,18.23679543
2013-01-23,149.3699951,118.6214905,149.5,148.8600006,104596100,12.46000004,94.66999817,45.24349213,107.2200012,79.20407867,21.82999992,18.23679543
2013-01-24,149.4100037,118.6532593,150.1399994,149.0099945,146426400,12.68999958,94.87999725,45.34383011,107.0400009,79.07115936,21.82999992,18.23679543
2013-01-25,150.25,119.3203354,150.25,149.3699951,147211600,12.89000034,94.84999847,45.32948303,106.3300018,78.54662323,21.78000069,18.19502449
2013-01-28,150.0700073,119.1773529,150.3300018,149.5099945,113357700,13.56999969,94.80000305,45.30559158,106.1100006,78.38407898,21.79000092,18.20337868
2013-01-29,150.6600037,119.6459579,150.8500061,149.6699982,105694400,13.31000042,94.63999939,45.22913742,105.9499969,78.26592255,21.72999954,18.15325356
2013-01-30,150.0700073,119.1773529,150.9400024,149.9299927,137447700,14.31999969,93.95999908,44.90413666,106.0100021,78.31021118,21.63999939,18.07806969
2013-01-31,149.6999969,118.8835373,150.3800049,149.6000061,108975800,14.27999973,93.66999817,44.76557922,106.0999985,78.37675476,21.62000084,18.06135941
2013-02-01,151.2400055,120.1065521,151.4199982,150.3899994,131173000,12.89999962,93.48000336,44.91402054,105.5999985,78.11048889,21.60000038,18.04465103
2013-02-04,149.5399933,118.7565384,151.2700043,149.4299927,159073600,14.67000008,93.08999634,44.72663116,106.2099991,78.56166077,21.70999908,18.136549
2013-02-05,151.0500031,119.9556885,151.4799957,150.2899933,113912400,13.72000027,93.30000305,44.82755661,105.8300018,78.28057098,21.70000076,18.1281929
2013-02-06,151.1600037,120.0430527,151.2599945,150.4100037,138762800,13.40999985,93.16000366,44.76027679,106.1500015,78.51728821,21.77000046,18.1866703
2013-02-07,150.9600067,119.884201,151.3500061,149.8600006,162490000,13.5,92.98000336,44.67379379,106.1999969,78.55422211,21.88999939,18.28692055
2013-02-08,151.8000031,120.5513458,151.8899994,151.2200012,103133700,13.02000046,93,44.68338776,106.2799988,78.61341858,21.89999962,18.29527283
2013-02-11,151.7700043,120.5274734,151.8999939,151.3899994,73775000,12.93999958,92.98999786,44.6785965,106.1699982,78.5320282,21.92000008,18.31197929
2013-02-12,152.0200043,120.7259903,152.3000031,151.6100006,65392700,12.64000034,93.30999756,44.8323555,106.0599976,78.45067596,21.87000084,18.27021217
2013-02-13,152.1499939,120.8292694,152.6100006,151.7200012,82322600,12.97999954,93.44999695,44.89957809,105.6900024,78.17700958,21.87999916,18.27856445
2013-02-14,152.2899933,120.9404068,152.4700012,151.5200043,80834300,12.65999985,93.41000366,44.88037872,106.1399994,78.50980377,21.94000053,18.32868958
2013-02-15,152.1100006,120.7974854,152.5899963,151.5500031,215226500,12.46000004,93.41999817,44.88520813,106.0400009,78.43588257,21.95999908,18.34539986
2013-02-19,153.25,121.7027817,153.2799988,152.1600037,95105400,12.31000042,93.51000214,44.92842865,105.8700027,78.31015015,21.96999931,18.35375023
2013-02-20,151.3399963,120.1859894,153.1900024,151.2599945,160574800,14.68000031,93.41999817,44.88520813,106.0999985,78.48027039,22.12999916,18.48741531
2013-02-21,150.4199982,119.4553604,151.4199982,149.9400024,183257000,15.22000027,93.51999664,44.93327713,106.3099976,78.63558197,22.21999931,18.56260109
2013-02-22,151.8899994,120.6227417,151.8899994,150.4900055,106356600,14.17000008,93.75,45.04374695,106.4400024,78.73176575,22.22999954,18.57095528
2013-02-25,149,118.3276825,152.8600006,149,245824800,18.98999977,93.45999908,44.90441895,107.2600021,79.33827972,22.31999969,18.64614105
2013-02-26,150.0200043,119.1376801,150.1999969,148.7299957,186596200,16.87000084,93.91999817,45.12544632,107.0599976,79.19033051,22.34000015,18.66284752
2013-02-27,151.9100037,120.6386948,152.3300018,149.7599945,150781900,14.72999954,94.08000183,45.20230103,107.0100021,79.15337372,22.25,18.58766365
2013-02-28,151.6100006,120.4003601,152.8699951,151.4100037,126866000,15.51000023,94.04000092,45.18308258,107.1600037,79.26432037,22.37000084,18.68791199
2013-03-01,152.1100006,120.7974854,152.3399963,150.4100037,170634800,15.35999966,93.72000122,45.27293777,107.3000031,79.46208954,22.44000053,18.74638939
2013-03-04,152.9199982,121.4407272,152.9199982,151.5200043,99010200,14.01000023,93.73000336,45.277771,107.0500031,79.27690125,22.43000031,18.7380352
2013-03-05,154.2899933,122.5287323,154.6999969,153.6399994,121431900,13.47999954,93.91999817,45.36954498,106.9400024,79.19542694,22.39999962,18.71297264
2013-03-06,154.5,122.6954498,154.9199982,154.1600037,94469900,13.52999973,93.86000061,45.34057999,106.5999985,78.94367981,22.48999977,18.78815842
2013-03-07,154.7799988,122.9178391,154.9799957,154.5200043,86101400,13.06000042,94,45.40819931,106.1900024,78.64002991,22.38999939,18.70461655
2013-03-08,155.4400024,123.441925,155.6499939,154.6600037,123477800,12.59000015,94.11000061,45.46130753,105.6500015,78.24015808,22.55999947,18.84663773
2013-03-11,156.0299988,123.9105225,156.0399933,155.1300049,83746800,11.56000042,94.05000305,45.43235016,105.6999969,78.27716827,22.51000023,18.8048687
2013-03-12,155.6799927,123.6325455,156.1000061,155.2100067,105755800,12.27000046,94.01000214,45.41303253,105.9899979,78.49188995,22.5,18.7965126
2013-03-13,155.8999939,123.8072433,156.1199951,155.2299957,92550900,11.82999992,94.02999878,45.4226799,105.9000015,78.42532349,22.59000015,18.87169838
2013-03-14,156.7299957,124.4664459,156.8000031,155.9100037,126329900,11.30000019,94.38999939,45.59657669,105.9300003,78.44747925,22.5,18.7965126
2013-03-15,155.8300018,124.3021011,156.0399933,155.3099976,138601100,11.30000019,94.37999725,45.59175873,106.3000031,78.72150421,22.39999962,18.71297264
2013-03-18,154.9700012,123.6161118,155.6399994,154.1999969,126704300,13.35999966,94.40000153,45.60142136,106.6500015,78.98069763,22.54000092,18.82993126
2013-03-19,154.6100006,123.3288879,155.5099945,153.5899963,167567300,14.39000034,94.23999786,45.52412033,106.9800034,79.22509003,22.61000061,18.88840675
2013-03-20,155.6900024,124.1904526,155.9499969,155.2599945,113759300,12.67000008,94.55000305,45.67387772,106.5699997,78.92142487,22.55999947,18.84663773
2013-03-21,154.3600006,123.1295242,155.6399994,154.1000061,128605000,13.98999977,94.37999725,45.59175873,106.8499985,79.12882233,22.55999947,18.84663773
2013-03-22,155.6000061,124.1186371,155.6000061,154.7299957,111163600,13.56999969,94.30999756,45.55794525,106.8899994,79.15843201,22.42000008,18.72968292
2013-03-25,154.9499969,123.6001205,156.2700043,154.3500061,151322300,13.73999977,94.16999817,45.49034119,106.9700012,79.2177124,22.57999992,18.8633461
2013-03-26,156.1900024,124.5892868,156.2299957,155.4199982,86856600,12.77000046,94.33999634,45.57242203,107.0800018,79.29919434,22.56999969,18.85499001
2013-03-27,156.1900024,124.5892868,156.2400055,155,99950600,13.14999962,94.18000031,45.49514008,107.5400009,79.63973999,22.65999985,18.93017578
2013-03-28,156.6699982,124.972084,156.8500061,155.75,102932800,12.69999981,94.34999847,45.57726669,107.3399963,79.49168396,22.60000038,18.88005447
2013-04-01,156.0500031,124.4776077,156.9100037,155.6699982,99194100,13.57999992,94.02999878,45.65884399,107.4800034,79.70301056,22.52000046,18.81321907
2013-04-02,156.8200073,125.0918121,157.2100067,156.3699951,101504300,12.77999973,93.95999908,45.6248436,107.2699966,79.54730225,22.56999969,18.85499001
2013-04-03,155.2299957,123.8235092,157.0299988,154.8200073,154167400,14.21000004,93.95999908,45.6248436,107.7200012,79.8809433,22.52000046,18.81321907
2013-04-04,155.8600006,124.3259888,156.1699982,155.0899963,131885000,13.89000034,93.93000031,45.61027527,108.1500015,80.19988251,22.48999977,18.78815842
2013-04-05,155.1600037,123.7677002,155.3500061,153.7700043,159666000,13.92000008,94.01999664,45.653965,108.4899979,80.45201111,22.45000076,18.75474548
2013-04-08,156.2100067,124.6051712,156.2200012,154.75,86571200,13.18999958,94.12000275,45.70252228,108.1399994,80.19242859,22.51000023,18.8048687
2013-04-09,156.75,125.0359573,157.3200073,155.9799957,101922200,12.84000015,94.41999817,45.8482132,108.1800003,80.22212219,22.40999985,18.72132683
2013-04-10,158.6699982,126.5674896,158.8699951,157.1300049,135711100,12.35999966,94.72000122,45.99388123,107.7300034,79.88844299,22.43000031,18.7380352
2013-04-11,159.1900024,126.9823227,159.7100067,158.5399933,110142500,12.23999977,94.72000122,45.99388123,107.8499985,79.97742462,22.37000084,18.68791199
2013-04-12,158.8000031,126.6712189,159.0399933,157.9199982,116359900,12.06000042,94.75,46.00846481,108.4499969,80.42237091,22.34000015,18.66284752
2013-04-15,155.1199951,123.7357407,158.1300049,155.1000061,217259000,17.27000046,94.15000153,45.71712875,108.6900024,80.60028076,22.40999985,18.72132683
2013-04-16,157.4100037,125.5624084,157.4900055,155.9100037,147507800,13.96000004,94.80000305,46.03273392,108.3799973,80.37047577,22.22999954,18.57095528
2013-04-17,155.1100006,123.7277756,156.3200073,154.2799988,226834800,16.51000023,94.65000153,45.95991516,108.5800018,80.51873779,22.46999931,18.77145004
2013-04-18,154.1399994,122.9540329,155.4100037,153.5500031,167583200,17.55999947,94.5,45.88709259,108.6399994,80.56327057,22.45999908,18.76309586
2013-04-19,155.4799957,124.0229263,155.5500031,154.1199951,149687600,14.97000027,94.44999695,45.8627739,108.5800018,80.51873779,22.5,18.7965126
2013-04-22,156.1699982,124.5733643,156.5399933,154.75,106553500,14.39000034,94.66999817,45.96960831,108.6399994,80.56327057,22.48999977,18.78815842
2013-04-23,157.7799988,125.8576279,157.9299927,156.1699982,166141300,13.47999954,95.04000092,46.14923859,108.5699997,80.51132202,22.56999969,18.85499001
2013-04-24,157.8800049,125.9373322,158.3000031,157.5399933,96781200,13.60999966,95.20999908,46.23183441,108.6200027,80.54838562,22.55999947,18.84663773
2013-04-25,158.5200043,126.4479218,159.2700043,158.1000061,131060600,13.61999989,95.47000122,46.35808182,108.5,80.4594574,22.51000023,18.8048687
2013-04-26,158.2400055,126.224411,158.6000061,157.7299957,95918800,13.60999966,95.37000275,46.30952454,108.8899994,80.74865723,22.40999985,18.72132683
2013-04-29,159.3000031,127.0699921,159.6499939,158.4199982,88572800,13.71000004,95.55000305,46.39691544,108.8499985,80.71899414,22.30999947,18.63778687
2013-04-30,159.6799927,127.3731613,159.7200012,158.6100006,116010700,13.52000046,95.84999847,46.54260635,108.8300018,80.70414734,22.20000076,18.54589653
2013-05-01,158.2799988,126.2564468,159.4100037,158.1000061,138874200,14.48999977,95.19999695,46.45376205,109.0500031,80.96774292,22.18000031,18.52918625
2013-05-02,159.75,127.4289627,159.8899994,158.5299988,96407600,13.59000015,95.80999756,46.75143814,109.0500031,80.96774292,22.32999992,18.65449524
2013-05-03,161.3699951,128.7212067,161.8800049,159.7799988,144202300,12.85000038,95.95999908,46.82463074,108.1200027,80.2772522,22.31999969,18.64614105
2013-05-06,161.7799988,129.0482788,162.0099945,161.4199982,66882100,12.65999985,96.01999664,46.85389328,107.9800034,80.17326355,22.37000084,18.68791199
2013-05-07,162.6000061,129.7023773,162.6499939,161.6699982,90359200,12.82999992,95.94999695,46.81974792,107.8300018,80.06190491,22.37000084,18.68791199
2013-05-08,163.3399963,130.2926788,163.3899994,162.3300018,97419200,12.65999985,96.29000092,46.98566818,107.9599991,80.15840912,22.27000046,18.60437012
2013-05-09,162.8800049,129.9257507,163.6999969,162.4700012,106738600,13.13000011,96.01000214,46.8490448,107.9400024,80.14355469,22.47999954,18.77980423
2013-05-10,163.4100037,130.3484955,163.5500031,162.5099945,103203000,12.59000015,95.51000214,46.60504913,107.3300018,79.69063568,22.60000038,18.88005447
2013-05-13,163.5399933,130.4521942,163.8099976,162.8200073,81843200,12.55000019,95.12000275,46.41474915,107.1399994,79.54956055,22.63999939,18.91346931
2013-05-14,165.2299957,131.8002319,165.3500061,163.6699982,119000900,12.77000046,95.22000122,46.46356201,106.7099991,79.23032379,22.72999954,18.98865318
2013-05-15,166.1199951,132.5101929,166.4499969,164.9100037,120718500,12.81000042,95.23000336,46.46842575,106.9899979,79.43817139,22.79000092,19.03877831
2013-05-16,165.3399963,131.8880005,166.3600006,165.0899963,109913600,13.06999969,95.45999908,46.58067322,107.5,79.81686401,22.78000069,19.03042603
2013-05-17,166.9400024,133.1642303,167.0399933,165.7299957,129801000,12.44999981,95.45999908,46.58067322,106.9199982,79.38622284,22.92000008,19.14738274
2013-05-20,166.9299927,133.1563416,167.5800018,166.6100006,85071200,13.02000046,95.55999756,46.62943649,106.8399963,79.32678986,22.78000069,19.03042603
2013-05-21,167.1699982,133.3477478,167.8000031,166.5,95804200,13.36999989,95.73999786,46.71731567,107.1200027,79.534729,22.79000092,19.03877831
2013-05-22,165.9299927,132.3586426,169.0700073,165.1699982,244031800,13.81999969,95.15000153,46.42940903,106.2699966,78.90361023,22.88999939,19.12231827
2013-05-23,165.4499969,131.9757385,165.9100037,163.9400024,211064400,14.06999969,94.88999939,46.30251312,106.3799973,78.98526001,22.73999977,18.99701118
2013-05-24,165.3099976,131.8640594,165.3800049,163.9799957,151573900,13.98999977,94.70999908,46.21467972,106.4199982,79.0149231,22.70999908,18.97194481
2013-05-28,166.3000031,132.6537628,167.7799988,165.8099976,143679800,14.47999954,94.36000061,46.04389954,105.1699982,78.08687592,22.87000084,19.10561562
2013-05-29,165.2200012,131.7922668,165.8000031,164.3399963,160363400,14.82999992,93.98000336,45.85843658,105.5999985,78.4061203,22.70000076,18.96359253
2013-05-30,165.8300018,132.2788696,166.5899963,165.2200012,107793800,14.52999973,94.16999817,45.95119476,105.6100006,78.41358185,22.54999924,18.83828354
2013-05-31,163.4499969,130.3804169,166.3099976,163.1300049,176850100,16.29999924,92.91999817,45.34122086,105.3199997,78.19825745,22.61000061,18.88840675
2013-06-03,164.3500061,131.0983276,164.4600067,162.6600037,168390700,16.28000069,92.36000061,45.30150223,105.3300018,78.31124878,22.45000076,18.75474548
2013-06-04,163.5599976,130.4681702,165.1000061,162.7299957,157631500,16.27000046,92.36000061,45.30150223,105.0599976,78.11049652,22.45999908,18.76309586
2013-06-05,161.2700043,128.6414337,163.4199982,161.1300049,211737800,17.5,91.55999756,44.90911484,105.5699997,78.48970795,22.42000008,18.72968292
2013-06-06,162.7299957,129.806015,162.7400055,160.25,200225500,16.62999916,92.27999878,45.26226807,105.6999969,78.58634186,22.12999916,18.48741531
2013-06-07,164.8000031,131.4573059,164.9499969,163.1399994,188337800,15.14000034,92.33999634,45.2917099,104.8799973,77.97670746,22.15999985,18.51247787
2013-06-10,164.8000031,131.4573059,165.3999939,164.3699951,105667100,15.43999958,92.15000153,45.19852066,104.6200027,77.7833786,22.17000008,18.52083015
2013-06-11,163.1000061,130.1012268,164.5399933,162.7400055,159505400,17.06999969,91.58000183,44.91892624,104.8799973,77.97670746,21.97999954,18.36210442
2013-06-12,161.75,129.0243073,164.3899994,161.6000061,177361500,18.59000015,91.65000153,44.95327377,104.4100037,77.6272583,21.96999931,18.35375023
2013-06-13,164.2100067,130.9866943,164.5,161.3000031,163587800,16.40999985,92.69999695,45.46826553,105.1999969,78.2146225,21.89999962,18.29527283
2013-06-14,163.1799927,130.1650543,164.6699982,162.9100037,141197500,17.14999962,92.80999756,45.52222443,105.3399963,78.31873322,21.87999916,18.27856445
2013-06-17,164.4400024,131.1701355,165.2200012,163.2200012,136295600,16.79999924,92.80000305,45.51732254,105.0899963,78.13284302,21.84000015,18.24514961
2013-06-18,165.7400055,132.207077,165.9900055,164.5200043,114695600,16.61000061,93.02999878,45.63011932,105.0299988,78.0881958,21.86000061,18.26185608
2013-06-19,163.4499969,130.3804169,165.8899994,163.3800049,206149500,16.63999939,91.63999939,44.94836807,103.5899963,77.0176239,22.05999947,18.42893791
2013-06-20,159.3999939,127.1498108,163.4700012,158.9799957,321255900,20.48999977,90.73999786,44.50692749,103.1200027,76.66817474,22.19000053,18.53754044
2013-06-21,159.0700073,127.5580215,159.7599945,157.4700012,271956800,18.89999962,90.15000153,44.21749496,102.0299988,75.8577652,22.34000015,18.66284752
2013-06-24,157.0599976,125.9461517,158.4299927,155.7299957,222329000,20.11000061,89.04000092,43.67308044,101.7799988,75.67186737,22.36000061,18.6795578
2013-06-25,158.5700073,127.1569977,160.1000061,157.4199982,162262200,18.46999931,90.30999756,44.29598999,101.6600037,75.58269501,22.39999962,18.71297264
2013-06-26,160.1399994,128.4159546,160.5,159.25,134848000,17.20999908,91.05999756,44.66389465,102.0699997,75.88751221,22.52000046,18.81321907
2013-06-27,161.0800018,129.1698303,161.8200073,160.9499969,129483700,16.86000061,91.5,44.87969208,102.6200027,76.29644775,22.51000023,18.8048687
2013-06-28,160.4199982,128.640564,161.3999939,159.8600006,160402900,16.86000061,90.87999725,44.57556534,102.5,76.20718384,22.55999947,18.84663773
2013-07-01,161.3600006,129.3942871,162.4799957,161.0800018,131954800,16.37000084,90.88999939,44.81720734,102.4000015,76.23625946,22.51000023,18.8048687
2013-07-02,161.2100067,129.2740631,162.3000031,160.5,154863700,16.44000053,90.61000061,44.6791153,102.4400024,76.26602936,22.65999985,18.93017578
2013-07-03,161.2799988,129.3301697,161.7700043,160.2200012,75216400,16.20000076,90.81999969,44.78271484,102.2399979,76.11711884,22.56999969,18.85499001
2013-07-05,163.0200043,130.7254791,163.0800018,161.3000031,122416900,14.89000034,89.84999847,44.30439377,100.5199966,74.83660126,22.89999962,19.13067436
2013-07-08,163.9499969,131.4712372,164.3899994,163.0800018,108092500,14.77999973,91.08999634,44.91579056,101.1100006,75.27581024,22.84000015,19.08054924
2013-07-09,165.1300049,132.4175415,165.3300018,164.2700043,119298000,14.35000038,91.13999939,44.94045639,101.2799988,75.40242004,22.93000031,19.15573311
2013-07-10,165.1900024,132.4655762,165.75,164.6300049,121410100,14.21000004,91.5,45.11798477,100.9199982,75.13439941,22.78000069,19.03042603
2013-07-11,167.4400024,134.2698517,167.6100006,165.1799927,135592200,14.01000023,92.65000153,45.68505859,101.9300003,75.88631439,22.42000008,18.72968292
2013-07-12,167.5099945,134.3260193,167.9299927,167.1300049,104212700,13.84000015,92.55999756,45.64064789,101.8499985,75.82678223,22.46999931,18.77145004
2013-07-15,168.1499939,134.8391418,168.3899994,167.6799927,69450600,13.78999996,92.94999695,45.83298492,102.1699982,76.06503296,22.48999977,18.78815842
2013-07-16,167.5200043,134.3340607,168.3600006,167.0700073,88702100,14.42000008,92.72000122,45.71953964,102.2200012,76.10224915,22.32999992,18.65449524
2013-07-17,167.9499969,134.6788635,168.4799957,167.7299957,92873900,13.77999973,93.40000153,46.05487061,102.6699982,76.43724823,22.37999916,18.69626808
2013-07-18,168.8699951,135.4165802,169.2700043,168.1999969,103620100,13.77000046,93.95999908,46.33099365,102.1900024,76.07988739,22.42000008,18.72968292
2013-07-19,169.1699982,135.6571808,169.2299957,168.3099976,103831700,12.53999996,93.90000153,46.30143738,102.75,76.49680328,22.36000061,18.6795578
2013-07-22,169.5,135.9217377,169.7400055,169.0099945,79428600,12.28999996,93.97000122,46.33589935,102.7399979,76.48937225,22.26000023,18.59601784
2013-07-23,169.1399994,135.6331482,169.8300018,169.0500031,80829700,12.65999985,93.73999786,46.22252655,102.6200027,76.40001678,22.19000053,18.53754044
2013-07-24,168.5200043,135.1358948,169.8600006,168.1799927,112914000,13.18000031,92.94999695,45.83298492,101.9300003,75.88631439,22.27000046,18.60437012
2013-07-25,168.9299927,135.4646912,169.0800018,167.9400024,111088600,12.97000027,92.73999786,45.72940445,102.0800018,75.99797821,22.12000084,18.47905922
2013-07-26,169.1100006,135.6089935,169.1600037,167.5200043,107814600,12.72000027,92.77999878,45.7491188,102.1699982,76.06503296,22.10000038,18.46235275
2013-07-29,168.5899963,135.1920319,169.0599976,168.1100006,79695000,13.39000034,92.58000183,45.65051651,101.9599991,75.90870667,22.10000038,18.46235275
2013-07-30,168.5899963,135.1920319,169.2799988,168.1900024,85209600,13.39000034,92.70999908,45.71465302,101.9300003,75.88631439,22.14999962,18.50412178
2013-07-31,168.7100067,135.288269,169.8500061,168.4900055,142388700,13.44999981,92.98000336,45.84776688,102,75.93843079,22.09000015,18.45399857
2013-08-01,170.6600037,136.8519897,170.8099976,169.8999939,110438400,12.93999958,91.65000153,45.41321182,100.9599991,75.26822662,22.28000069,18.6127243
2013-08-02,170.9499969,137.0845337,170.9700012,170.0500031,91116700,11.97999954,92.20999908,45.69068527,101.8199997,75.90940094,22.15999985,18.51247787
2013-08-05,170.6999969,136.8840942,170.9600067,170.3500061,54072700,11.84000015,91.73999786,45.45782089,101.5,75.6708374,22.12999916,18.48741531
2013-08-06,169.7299957,136.1061554,170.7400055,169.3500061,87495000,12.72000027,91.65000153,45.41321182,101.5299988,75.69317627,22.06999969,18.43729019
2013-08-07,169.1799927,135.6651764,169.4299927,168.5500031,84854700,12.97999954,91.36000061,45.26950836,101.9000015,75.9690094,21.97999954,18.36210442
2013-08-08,169.8000031,136.1623535,170.1799927,168.9299927,102181300,12.72999954,91.55999756,45.36861038,102.0500031,76.08088684,21.90999985,18.30362701
2013-08-09,169.3099976,135.7694244,170.1000061,168.7200012,91757700,13.40999985,91.56999969,45.37358856,102.1200027,76.13307953,21.93000031,18.3203373
2013-08-12,169.1100006,135.6089935,169.3099976,168.3800049,68593300,12.81000042,91.48999786,45.33392334,101.9199982,75.98389435,21.98999977,18.3704586
2013-08-13,169.6100006,136.009964,169.8999939,168.4100037,80806000,12.31000042,91.48999786,45.33392334,101,75.2980423,22.10000038,18.46235275
2013-08-14,168.7400055,135.3123322,169.8000031,168.6999969,79829200,13.03999996,91.30999756,45.24475098,101.0899963,75.36512756,22.09000015,18.45399857
2013-08-15,166.3800049,133.4198303,167.4299927,166.0899963,152931800,14.72999954,90.83999634,45.01183701,100.5299988,74.94767761,21.94000053,18.32868958
2013-08-16,165.8300018,132.9788361,166.6300049,165.5,130868200,14.36999989,90.52999878,44.85824966,100.1399994,74.65686035,21.97999954,18.36210442
2013-08-19,164.7700043,132.1287842,166.2100067,164.7599945,96437600,15.10000038,89.93000031,44.56093216,99.70999908,74.33629608,21.96999931,18.35375023
2013-08-20,165.5800018,132.778244,166.1999969,164.8600006,89294400,14.90999985,90.76000214,44.97219086,100.25,74.73891449,21.87000084,18.27021217
2013-08-21,164.5599976,131.960434,166.0299988,164.1900024,159530500,15.93999958,90.43000031,44.80868912,99.62000275,74.2692337,21.97999954,18.36210442
2013-08-22,166.0599976,133.1632233,166.3000031,164.8899994,101471400,14.76000023,90.91999817,45.05146408,99.58000183,74.23937225,22.03000069,18.40387535
2013-08-23,166.6199951,133.6122894,166.8300018,165.7700043,90888900,13.97999954,91.30000305,45.23978806,100.1399994,74.65686035,21.98999977,18.3704586
2013-08-26,166,133.1150818,167.3000031,165.8899994,89702100,14.98999977,91.30999756,45.24475098,100.3399963,74.80596924,21.98999977,18.3704586
2013-08-27,163.3300018,130.9740448,166,163.2100067,158619400,16.77000046,90.72000122,44.95240784,100.9100037,75.23091125,21.92000008,18.31197929
2013-08-28,163.9100037,131.439209,164.4900055,163.0500031,108113000,16.48999977,91.05999756,45.12086868,100.5,74.92526245,22.01000023,18.38716698
2013-08-29,164.1699982,131.6476593,165.0399933,163.3999939,119200500,16.80999947,91.43000031,45.30420303,100.5999985,74.99983978,22.15999985,18.51247787
2013-08-30,163.6499939,131.2306213,164.5299988,163.1699982,134928900,17.01000023,91.34999847,45.26457596,100.4100037,74.85812378,22.19000053,18.53754044
2013-09-03,164.3899994,131.8241119,165.5800018,163.6999969,142375100,16.61000061,90.38999939,45.02541733,99.69000244,74.43334961,22.26000023,18.59601784
2013-09-04,165.75,132.9146729,166.0299988,164.1300049,97389400,15.88000011,90.73000336,45.19482422,99.36000061,74.18693542,22.18000031,18.52918625
2013-09-05,165.9600067,133.0830231,166.3999939,165.7299957,63090500,15.77000046,90.26999664,44.9656868,98.59999847,73.61946106,22.32999992,18.65449524
2013-09-06,166.0399933,133.1472015,166.9799957,164.4799957,159756500,15.85000038,90.56999969,45.11510468,99.19999695,74.06745148,22.20000076,18.54589653
2013-09-09,167.6300049,134.4222412,167.7299957,166.4499969,87559300,15.63000011,90.80000305,45.22967529,99.40000153,74.21679688,22.09000015,18.45399857
2013-09-10,168.8699951,135.4165802,168.8999939,168.2599945,105847200,14.52999973,91.12000275,45.38907242,98.94000244,73.87335968,22.09000015,18.45399857
2013-09-11,169.3999939,135.8416138,169.3999939,168.3500061,94545900,13.81999969,91.23999786,45.44885635,99.44000244,74.24666595,22.01000023,18.38716698
2013-09-12,168.9499969,135.4807281,169.5599976,168.7200012,83209000,14.28999996,91.12999725,45.39405823,99.44999695,74.25409698,22.01000023,18.38716698
2013-09-13,169.3300018,135.7855225,169.4600067,168.7400055,72727800,14.15999985,91.05999756,45.35921097,99.58000183,74.35118866,21.98999977,18.3704586
2013-09-16,170.3099976,136.5713043,171.2400055,170.0399933,106299200,14.38000011,91.55999756,45.60826111,99.80000305,74.51546478,21.94000053,18.32868958
2013-09-17,171.0700073,137.1807709,171.1100006,170.4600067,82523300,14.52999973,91.86000061,45.75771713,100,74.66486359,21.89999962,18.29527283
2013-09-18,173.0500031,138.7685394,173.5200043,170.5800018,203460600,13.59000015,92.73999786,46.19603729,101.2399979,75.59067535,21.64999962,18.08642387
2013-09-19,172.7599945,138.5359802,173.6000061,172.5899963,146616900,13.15999985,92.47000122,46.06156158,100.8899994,75.3292923,21.68000031,18.11148453
2013-09-20,170.7200012,137.5674133,172.3300018,170.5800018,132867100,13.11999989,92.36000061,46.00674438,100.9899979,75.40395355,21.69000053,18.11984062
2013-09-23,169.9299927,136.9308014,170.6499939,169.3899994,104616500,14.31000042,92.34999847,46.00177002,101.3700027,75.68773651,21.70000076,18.1281929
2013-09-24,169.5299988,136.6085358,170.5299988,169.2100067,106333100,14.07999992,92.15000153,45.90216064,101.7399979,75.96398163,21.73999977,18.16161156
2013-09-25,169.0399933,136.2136383,169.9799957,168.8899994,117306500,14.01000023,91.98999786,45.82245255,102.0199966,76.17304993,21.67000008,18.10313034
2013-09-26,169.6900024,136.7374115,170.1699982,169.0500031,77146900,14.06000042,91.94000244,45.79750061,101.8000031,76.00873566,21.71999931,18.14489746
2013-09-27,168.9100037,136.108902,169.1399994,168.4700012,99141800,15.46000004,91.83999634,45.74774551,101.9400024,76.11331177,21.63999939,18.07806969
2013-09-30,168.0099945,135.3836823,168.5399933,167.1499939,143937000,16.60000038,91.58000183,45.61820221,102.1100006,76.24021912,21.62999916,18.06971359
2013-10-01,169.3399963,136.4553528,169.5,167.9700012,127160000,15.53999996,91.52999878,45.8159523,101.7300034,76.07045746,21.61000061,18.05300713
2013-10-02,169.1799927,136.3264313,169.3399963,167.8300018,113350000,16.60000038,91.56999969,45.83598328,101.9000015,76.19759369,21.53000069,17.98617554
2013-10-03,167.6199951,135.0694275,168.9400024,166.8399963,176698000,17.67000008,91.62999725,45.86597824,102.0400009,76.30226135,21.51000023,17.96946907
2013-10-04,168.8899994,136.0927582,169.0599976,167.5299988,96878000,16.73999977,91.79000092,45.94607925,101.7600021,76.09289551,21.61000061,18.05300713
2013-10-07,167.4299927,134.9163055,168.4499969,167.25,96295000,19.40999985,91.55000305,45.82597351,101.8499985,76.1602478,21.54999924,18.0028801
2013-10-08,165.4799957,133.3449554,167.6199951,165.3600006,178015000,20.34000015,91.51000214,45.80593491,101.8000031,76.12282562,21.55999947,18.01123619
2013-10-09,165.6000061,133.4416351,166.1999969,164.5299988,168973000,19.60000038,91.58999634,45.84596634,101.6200027,75.98820496,21.65999985,18.09477615
2013-10-10,169.1699982,136.3184357,169.2599945,167.2299957,195955000,16.47999954,92.01000214,46.05621338,101.4000015,75.82372284,21.70000076,18.1281929
2013-10-11,170.2599945,137.1967468,170.3200073,168.7700043,105040000,15.72000027,92.18000031,46.1413002,101.5500031,75.93592072,21.65999985,18.09477615
2013-10-14,170.9400024,137.7446899,171.0800018,169.0800018,112106000,16.06999969,92.31999969,46.21140671,101.2099991,75.68161011,21.62000084,18.06135941
2013-10-15,169.6999969,136.7454376,171.1499939,169.4700012,155485000,18.65999985,92.29000092,46.19636154,101.2300034,75.69657135,21.70000076,18.1281929
2013-10-16,172.0700073,138.6552277,172.1600037,170.6399994,161676000,14.71000004,92.77999878,46.44161606,101.7200012,76.06298065,21.69000053,18.11984062
2013-10-17,173.2200012,139.581955,173.3200073,171.3399963,129389000,13.47999954,93.23000336,46.66690445,102.3000031,76.49671173,21.45000076,17.91934395
2013-10-18,174.3899994,140.5247192,174.5099945,173.5099945,138316000,13.03999996,93.41999817,46.76199722,102.3099976,76.50418854,21.45000076,17.91934395
2013-10-21,174.3999939,140.5328217,174.75,174.0099945,104104000,13.15999985,93.20999908,46.65689087,102.2399979,76.45183563,21.46999931,17.93605232
2013-10-22,175.4100037,141.3466644,175.9299927,174.4299927,126663000,13.32999992,93.48999786,46.7970314,102.9499969,76.98278046,21.35000038,17.83580208
2013-10-23,174.5700073,140.6697388,174.8899994,173.9600067,105484000,13.42000008,93.56999969,46.83707809,103.1299973,77.11737823,21.36000061,17.84415627
2013-10-24,175.1499939,141.1370697,175.3699951,174.5099945,70350000,13.19999981,93.59999847,46.85210037,102.9199982,76.96032715,21.32999992,17.8190937
2013-10-25,175.9499969,141.7817078,176,175.1699982,93625000,13.09000015,93.62999725,46.86710739,103.0999985,77.09494019,21.34000015,17.8274498
2013-10-28,176.2299957,142.0073853,176.4700012,175.6999969,84979000,13.31000042,93.61000061,46.85709763,103,77.02014923,21.37999916,17.86086464
2013-10-29,177.1699982,142.764801,177.2400055,176.3800049,87401000,13.40999985,93.76000214,46.93216324,103.1399994,77.12481689,21.44000053,17.91098785
2013-10-30,176.2899933,142.0557404,177.5099945,175.6600037,140002000,13.64999962,93.37999725,46.74197006,102.8700027,76.9229126,21.47999954,17.9444046
2013-10-31,175.7899933,141.6528778,176.8899994,175.5299988,133795000,13.75,93.43000031,46.76699066,102.75,76.83319092,21.62999916,18.06971359
2013-11-01,176.2100067,141.991272,176.6100006,175.2200012,142805000,13.27999973,92.81999969,46.68652725,102.0199966,76.40708923,21.75,18.16996384
2013-11-04,176.8300018,142.4908905,176.8999939,175.9799957,85677000,12.93000031,92.98000336,46.76702118,102.2200012,76.55686188,21.69000053,18.11984062
2013-11-05,176.2700043,142.0396423,176.75,175.5700073,85825000,13.27000046,92.73000336,46.64124298,101.7600021,76.2123642,21.73999977,18.16161156
2013-11-06,177.1699982,142.764801,177.5,176.5399933,87348000,12.67000008,93,46.77706146,102.0699997,76.44449615,21.67000008,18.10313034
2013-11-07,174.9299927,140.9598389,177.6399994,174.7599945,157000000,13.90999985,93.05999756,46.80727386,102.3399963,76.64671326,21.77000046,18.1866703
2013-11-08,177.2899933,142.861557,177.3099976,174.8500061,136713000,12.89999962,92.90000153,46.72678375,101.1900024,75.78543091,21.89999962,18.29527283
2013-11-11,177.3200073,142.8857269,177.5299988,176.9100037,62614000,12.52999973,92.55000305,46.5507164,101.1399994,75.74798584,21.84000015,18.24514961
2013-11-12,176.9600067,142.5956116,177.3600006,176.3699951,83990000,12.81999969,92.41999817,46.48532486,101.0500031,75.68061066,21.85000038,18.25350189
2013-11-13,178.3800049,143.7398529,178.4299927,176.0899963,103844000,12.52000046,92.76999664,46.66133118,101.4700012,75.99517059,21.79999924,18.21173096
2013-11-14,179.2700043,144.4570618,179.4199982,178.25,103435000,12.36999989,93.04000092,46.79715347,101.9599991,76.36210632,21.79999924,18.21173096
2013-11-15,180.0500031,145.0855713,180.1199951,179.3300018,102818000,12.18999958,93.18000031,46.86759949,101.8799973,76.30219269,21.76000023,18.17831802
2013-11-18,179.4199982,144.5779572,180.5,179.0200043,104796000,13.10000038,92.91000366,46.73178864,102.2399979,76.5717926,21.72999954,18.15325356
2013-11-19,179.0299988,144.2636414,179.8699951,178.7200012,93891000,13.39000034,92.87000275,46.71169662,101.8600006,76.28723145,21.71999931,18.14489746
2013-11-20,178.4700012,143.8124542,179.9299927,177.9799957,124909000,13.39999962,92.77999878,46.66638184,101.3000031,75.86785889,21.81999969,18.22843933
2013-11-21,179.9100037,144.9727325,180.0500031,178.8600006,92841000,12.65999985,93.09999847,46.8273468,101.3899994,75.9352417,21.81999969,18.22843933
2013-11-22,180.8099976,145.6979675,180.8300018,179.7700043,81296000,12.26000023,93.16999817,46.86254501,101.6800003,76.15241241,21.72999954,18.15325356
2013-11-25,180.6300049,145.5529785,181.1699982,180.3699951,79486000,12.78999996,93.30999756,46.9329834,101.7600021,76.2123642,21.76000023,18.17831802
2013-11-26,180.6799927,145.5932312,181.2200012,180.4100037,86994000,12.81000042,93.37999725,46.96819305,101.9800034,76.37709045,21.69000053,18.11984062
2013-11-27,181.1199951,145.9477844,181.2400055,180.6499939,58800000,12.97999954,93.31999969,46.93800735,101.75,76.20481873,21.71999931,18.14489746
2013-11-29,181,145.8510742,181.75,180.8000031,55870900,13.69999981,93.41999817,46.98830414,101.6900024,76.15991974,21.70000076,18.1281929
2013-12-02,180.5299988,145.4723663,181.4299927,180.25,99726000,14.22999954,93,47.0034523,101.0899963,75.83281708,21.77000046,18.1866703
2013-12-03,179.75,144.8438263,180.3899994,179.1699982,116563000,14.55000019,92.91000366,46.958004,101.2699966,75.96789551,21.70000076,18.1281929
2013-12-04,179.7299957,144.8277588,180.4799957,178.3500061,123033000,14.69999981,92.66999817,46.83667755,100.8099976,75.62276459,21.69000053,18.11984062
2013-12-05,178.9400024,144.1911163,179.7400055,178.7700043,106934000,15.07999992,92.59999847,46.80130768,100.5599976,75.43527985,21.57999992,18.02794456
2013-12-06,180.9400024,145.8026733,181.1100006,180.1499939,127728000,13.78999996,92.86000061,46.93274307,100.6500015,75.50279236,21.57999992,18.02794456
2013-12-09,181.3999939,146.1734314,181.6699982,181.1600037,70124000,13.48999977,93.19999695,47.10457993,100.7699966,75.59279633,21.55999947,18.01123619
2013-12-10,180.75,145.6496735,181.3600006,180.6399994,80976000,13.90999985,93.19999695,47.10457993,101.1900024,75.9078598,21.5,17.96111107
2013-12-11,178.7200012,144.013855,180.8500061,178.5,130591000,15.42000008,92.91999817,46.9630127,100.8000031,75.61524963,21.48999977,17.95275879
2013-12-12,178.1300049,143.5384369,178.8600006,177.7599945,115565000,15.53999996,92.75,46.87711334,100.5100021,75.39775848,21.56999969,18.01959038
2013-12-13,178.1100006,143.5223083,178.6600037,177.7700043,107808000,15.76000023,92.90000153,46.95294571,100.6600037,75.51027679,21.57999992,18.02794456
2013-12-16,179.2200012,144.4167328,179.8099976,178.8999939,96195000,16.03000069,92.98000336,46.99335861,100.6100006,75.47278595,21.54000092,17.99452782
2013-12-17,178.6499939,143.9574127,179.4100037,178.25,89886000,16.20999908,92.98999786,46.99840927,100.9300003,75.71281433,21.54000092,17.99452782
2013-12-18,181.6999969,146.4151306,181.7299957,177.3200073,234906000,13.80000019,93.15000153,47.07927322,100.5500031,75.42772675,21.62999916,18.06971359
2013-12-19,181.4900055,146.2459106,181.6999969,180.7100067,136531200,14.14999962,93.05000305,47.028759,100.1299973,75.11268616,21.68000031,18.11148453
2013-12-20,181.5599976,147.0966492,181.9900055,180.5700073,197087000,13.78999996,93.11000061,47.05905151,100.4400024,75.3452301,21.65999985,18.09477615
2013-12-23,182.5299988,147.8825226,182.6399994,182.0700073,85598000,13.03999996,93.18000031,47.09443665,100.1200027,75.10519409,21.62000084,18.06135941
2013-12-24,182.9299927,148.2065887,183.0099945,182.5299988,45368800,12.47999954,93.12999725,47.06916428,99.73000336,74.81267548,21.63999939,18.07806969
2013-12-26,183.8600006,148.960083,183.9600067,183.3200073,63365000,12.32999992,92.75,47.11336136,99.48000336,74.74802399,21.62999916,18.06971359
2013-12-27,183.8500061,148.9519501,184.1799927,183.6600037,61814000,12.46000004,92.73999786,47.10829163,99.41999817,74.70290375,21.59000015,18.03629875
2013-12-30,183.8200073,148.9276581,184.0200043,183.5800018,56857000,13.56000042,92.81999969,47.14893723,99.69000244,74.90577698,21.48999977,17.95275879
2013-12-31,184.6900024,149.6325378,184.6900024,183.9299927,86119900,13.72000027,92.87999725,47.17940521,99.23999786,74.56765747,21.52000046,17.97782326
2014-01-02,182.9199982,148.1985016,184.0700073,182.4799957,119636900,14.22999954,93.04000092,47.26068497,99.62999725,74.86071777,21.64999962,18.08642387
2014-01-03,182.8899994,148.1741486,183.6000061,182.6300049,81390600,13.76000023,93.01000214,47.24543381,99.56999969,74.81559753,21.73999977,18.16161156
2014-01-06,182.3600006,147.7447357,183.5599976,182.0800018,108028200,13.55000019,93.20999908,47.34703064,99.84999847,75.02604675,21.68000031,18.11148453
2014-01-07,183.4799957,148.6521149,183.7899933,182.9499969,86144200,12.92000008,93.20999908,47.34703064,100.0100021,75.14620972,21.73999977,18.16161156
2014-01-08,183.5200043,148.6845856,183.8300018,182.8899994,96582300,12.86999989,93.15000153,47.31654358,99.51999664,74.77804565,21.78000069,18.19502449
2014-01-09,183.6399994,148.7818146,184.1300049,182.8000031,90683400,12.89000034,93.29000092,47.38764954,99.77999878,74.97341919,21.76000023,18.17831802
2014-01-10,184.1399994,149.1868744,184.2200012,183.0099945,102026400,12.14000034,93.56999969,47.52987671,100.6200027,75.60457611,21.67000008,18.10313034
2014-01-13,181.6900024,147.2019501,184.1799927,181.3399963,149892000,13.27999973,93.47000122,47.47909164,100.9100037,75.82248688,21.62000084,18.06135941
2014-01-14,183.6699982,148.8060913,183.7700043,181.9499969,105016100,12.27999973,93.61000061,47.55020905,100.5299988,75.53696442,21.65999985,18.09477615
2014-01-15,184.6600037,149.6081848,184.9400024,183.7100067,98525800,12.27999973,93.80000305,47.64675522,100.4400024,75.46928406,21.76000023,18.17831802
2014-01-16,184.4199982,149.4137878,184.6600037,183.8300018,72290600,12.52999973,93.76000214,47.62639999,100.7200012,75.67973328,21.73999977,18.16161156
2014-01-17,183.6399994,148.7818146,184.4499969,183.3200073,107848700,12.43999958,93.77999878,47.63658524,100.9599991,75.8600769,21.81999969,18.22843933
2014-01-21,184.1799927,149.2192993,184.7700043,183.0500031,88621200,12.86999989,93.90000153,47.69754028,100.8499985,75.77740479,21.78000069,18.19502449
2014-01-22,184.3000031,149.3164825,184.5700073,183.9100037,61270900,12.84000015,93.76000214,47.62639999,100.5699997,75.56699371,21.80999947,18.22008514
2014-01-23,182.7899933,148.0931396,183.3999939,181.8200073,132496900,13.77000046,93.63999939,47.56544876,101.25,76.07794952,21.59000015,18.03629875
2014-01-24,178.8899994,144.9333954,181.6600037,178.8300018,208677100,18.13999939,93.01999664,47.25053024,101.6600037,76.38607025,21.62000084,18.06135941
2014-01-27,178.0099945,144.22052,179.5200043,177.1199951,180843100,17.42000008,92.98999786,47.23527145,101.3499985,76.15309143,21.62000084,18.06135941
2014-01-28,179.0700073,145.0792542,179.3000031,178.1199951,110463200,15.80000019,93.40000153,47.44354248,101.5,76.26586151,21.62999916,18.06971359
2014-01-29,177.3500061,143.6857605,178.5500031,176.8800049,216597300,17.35000038,93.12000275,47.30130768,101.9800034,76.62649536,21.62999916,18.06971359
2014-01-30,179.2299957,145.2089233,179.8099976,178.2599945,118938100,17.29000092,93.27999878,47.38256073,101.8799973,76.55132294,21.77000046,18.1866703
2014-01-31,178.1799927,144.3582306,179.2899933,176.9199982,194677900,18.40999985,93.25,47.36734772,102.2799988,76.85190582,21.82999992,18.23679543
2014-02-03,174.1699982,141.1093445,178.3699951,173.8300018,254837100,21.44000053,92.51000214,47.22543335,102.6600037,77.26966858,21.76000023,18.17831802
2014-02-04,175.3899994,142.0978546,175.8399963,174.1100006,165012400,19.11000061,92.62000275,47.28157806,102.3499985,77.0362854,21.78000069,18.19502449
2014-02-05,175.1699982,141.9194946,175.5599976,173.7100067,164230500,19.95000076,92.62000275,47.28157806,101.9800034,76.75785065,21.75,18.16996384
2014-02-06,177.4799957,143.7910614,177.4799957,175.2200012,132877600,17.22999954,92.94999695,47.45001602,101.7900009,76.6147995,21.71999931,18.14489746
2014-02-07,179.6799927,145.5734863,179.8699951,177.7299957,170787200,15.28999996,93.41999817,47.69000244,102.0599976,76.81801605,21.64999962,18.08642387
2014-02-10,180.0099945,145.8408203,180.0700073,179.2100067,92218800,15.26000023,93.48000336,47.72058868,102.1100006,76.85564423,21.62999916,18.06971359
2014-02-11,181.9799957,147.4369202,182.4400024,180.0399933,117814100,14.51000023,93.63999939,47.80227661,101.6600037,76.51690674,21.62999916,18.06971359
2014-02-12,182.0700073,147.5098419,182.8300018,181.7100067,94717700,14.30000019,93.48999786,47.72569656,101.4199982,76.33624268,21.64999962,18.08642387
2014-02-13,183.0099945,148.2713928,183.1999969,180.8300018,100542200,14.14000034,93.76000214,47.86354065,101.9000015,76.69760132,21.53000069,17.98617554
2014-02-14,184.0200043,149.0896606,184.3600006,182.6699982,96498400,13.56999969,93.91000366,47.94011307,101.8300018,76.64486694,21.48999977,17.95275879
2014-02-18,184.2400055,149.267868,184.4900055,183.6499939,80460900,13.86999989,94.04000092,48.00648499,102.0800018,76.83308411,21.45000076,17.91934395
2014-02-19,183.0200043,148.2794952,184.9499969,182.8699951,126524300,15.5,93.80000305,47.88397598,101.8799973,76.68254089,21.51000023,17.96946907
2014-02-20,184.1000061,149.1545258,184.5200043,182.6000061,104998100,14.78999996,94.08999634,48.03202438,101.7699966,76.59975433,21.54000092,17.99452782
2014-02-21,183.8899994,148.984314,184.8899994,183.8000031,118116400,14.68000031,94.16999817,48.07284164,101.9000015,76.69760132,21.52000046,17.97782326
2014-02-24,184.9100037,149.8107452,186.1499939,184.1999969,114063900,14.22999954,94.37999725,48.18004608,101.8000031,76.62230682,21.51000023,17.96946907
2014-02-25,184.8399963,149.7540436,185.5899963,184.2299957,117085000,13.67000008,94.48999786,48.23620224,102.1500015,76.88578796,21.47999954,17.9444046
2014-02-26,184.8500061,149.762146,185.6000061,184.3300018,98677200,14.35000038,94.65000153,48.31790543,102.4499969,77.11155701,21.55999947,18.01123619
2014-02-27,185.8200073,150.5479889,185.8699951,184.3699951,93880800,14.03999996,94.83000183,48.40977478,102.5699997,77.20192719,21.52000046,17.97782326
2014-02-28,186.2899933,150.928772,187.1499939,185.0500031,150842000,14,94.93000031,48.4608078,102.4700012,77.1266098,21.37999916,17.86086464
2014-03-03,184.9799957,149.8674316,185.4499969,183.75,167748500,16,94.37999725,48.41616821,102.8099976,77.50805664,21.45999908,17.92769623
2014-03-04,187.5800018,151.9738617,187.9799957,186.75,167545900,14.10000038,94.72000122,48.59057999,102.0199966,76.9125061,21.47999954,17.9444046
2014-03-05,187.75,152.1116486,188.0700073,187.4499969,88376900,13.89000034,94.55000305,48.50340652,102.1299973,76.99546051,21.46999931,17.93605232
2014-03-06,188.1799927,152.460022,188.6100006,187.7799988,82516500,14.21000004,94.41000366,48.43157196,101.6900024,76.66372681,21.35000038,17.83580208
2014-03-07,188.2599945,152.5248413,188.9600067,187.4299927,114513500,14.10999966,94.05000305,48.24687576,101.25,76.33200836,21.37000084,17.85251045
2014-03-10,188.1600037,152.4438324,188.2299957,187.0800018,74939200,14.19999981,94.05999756,48.25204468,101.3600006,76.41493988,21.37999916,17.86086464
2014-03-11,187.2299957,151.6903534,188.7100067,186.8000031,99009100,14.80000019,93.95999908,48.20068359,101.4599991,76.49033356,21.37999916,17.86086464
2014-03-12,187.2799988,151.7308807,187.3500061,185.8999939,104824400,14.47000027,94.12000275,48.28284454,101.8600006,76.79193878,21.31999969,17.81074142
2014-03-13,185.1799927,150.029541,187.9900055,184.6600037,155014300,16.21999931,93.87000275,48.1545372,102.4599991,77.24423981,21.32999992,17.8190937
2014-03-14,184.6600037,149.6081848,185.8000031,184.4400024,153919600,17.81999969,93.80000305,48.11865997,102.4700012,77.25177002,21.28000069,17.77732468
2014-03-17,186.3300018,150.9611664,186.7700043,185.5099945,98359500,15.64000034,93.93000031,48.18535995,102.0599976,76.9426651,21.26000023,17.7606163
2014-03-18,187.6600037,152.0387573,187.9100037,186.5099945,101804600,14.52000046,94.20999908,48.32897949,102.3099976,77.13111877,21.27000046,17.7689724
2014-03-19,186.6600037,151.2285614,187.9400024,185.4700012,176267300,15.11999989,93.73000336,48.08275604,101.3600006,76.41493988,21.43000031,17.90263557
2014-03-20,187.75,152.1116486,187.8899994,185.9199982,117241000,14.52000046,94.05000305,48.24687576,101.3799973,76.43003845,21.5,17.96111107
2014-03-21,186.1999969,151.521698,189.0200043,186.0299988,163128000,15,93.98999786,48.2161026,101.5699997,76.57328796,21.46999931,17.93605232
2014-03-24,185.4299927,150.89505,187.0700073,184.6199951,121411000,15.09000015,94.01999664,48.23151016,101.6100006,76.60340881,21.40999985,17.88592529
2014-03-25,186.3099976,151.6111755,186.9400024,185.2700043,103852000,14.02000046,94.20999908,48.32897949,101.5500031,76.55821228,21.42000008,17.89428329
2014-03-26,184.9700012,150.5207977,187.3399963,184.9199982,119843000,14.93000031,94.23000336,48.33922577,101.9800034,76.88233948,21.42000008,17.89428329
2014-03-27,184.5800018,150.2033691,185.3399963,183.8999939,142383000,14.61999989,94.08999634,48.26741409,102.0800018,76.95774078,21.47999954,17.9444046
2014-03-28,185.4900055,150.9438782,186.4199982,185,101642000,14.40999985,94.25,48.34946823,101.7200012,76.68632507,21.47999954,17.9444046
2014-03-31,187.0099945,152.1807861,187.3000031,185.5200043,99745000,13.88000011,94.38999939,48.42131805,101.7300034,76.6938858,21.45999908,17.92769623
2014-04-01,188.25,153.1898804,188.3600006,187,89193000,13.10000038,94.12000275,48.51151657,101.3300018,76.53526306,21.45999908,17.92769623
2014-04-02,188.8800049,153.7025452,189.1300049,188.1399994,78774000,13.09000015,94.01999664,48.45998764,100.8899994,76.20295715,21.5,17.96111107
2014-04-03,188.6300049,153.4990845,189.2200012,188.0500031,77435000,13.36999989,94.05999756,48.48060608,100.9599991,76.25579834,21.55999947,18.01123619
2014-04-04,186.3999939,151.6844025,189.6999969,186.1000061,169381000,13.96000004,94.27999878,48.59398651,101.5800018,76.72408295,21.54000092,17.99452782
2014-04-07,184.3399963,150.0081177,186.2599945,183.9600067,140803000,15.56999969,94.08000183,48.49090195,101.8199997,76.90539551,21.48999977,17.95275879
2014-04-08,185.1000061,150.6265564,185.3999939,183.5899963,112660000,14.89000034,94.30000305,48.60429382,101.9599991,77.01112366,21.35000038,17.83580208
2014-04-09,187.0899963,152.2459412,187.1499939,185.0599976,100254000,13.81999969,94.44999695,48.68159485,101.9300003,76.9884491,21.27000046,17.7689724
2014-04-10,183.1600037,149.0478973,187.1699982,182.9299927,172959000,15.89000034,94.18000031,48.54240799,102.3600006,77.31326294,21.26000023,17.7606163
2014-04-11,181.5099945,147.7051239,183.4199982,181.3099976,167251000,17.03000069,93.77999878,48.33626938,102.5699997,77.47186279,21.27000046,17.7689724
2014-04-14,182.9400024,148.8688507,183.3699951,181.4400024,132382000,16.11000061,94.08000183,48.49090195,102.4100037,77.35103607,21.32999992,17.8190937
2014-04-15,184.1999969,149.8941193,184.3300018,181.5099945,157093000,15.60999966,94.18000031,48.54240799,102.5299988,77.4416275,21.35000038,17.83580208
2014-04-16,186.1300049,151.4647064,186.1399994,184.6499939,105197000,14.18000031,94.23000336,48.56825256,102.3700027,77.3208313,21.37000084,17.85251045
2014-04-17,186.3899994,151.6762543,186.9100037,185.5599976,105255000,13.35999966,94.12000275,48.51151657,101.7900009,76.88266754,21.37000084,17.85251045
2014-04-21,187.0399933,152.2052612,187.1000061,186.2100067,68329000,13.25,94.12000275,48.51151657,101.7699966,76.86760712,21.38999939,17.86921883
2014-04-22,187.8899994,152.8969574,188.3999939,187.1300049,85790000,13.18999958,94.22000122,48.56305313,101.7300034,76.83734894,21.37000084,17.85251045
2014-04-23,187.4499969,152.5388489,187.9199982,187.3000031,73869000,13.27000046,94.25,48.57849503,101.9899979,77.03379059,21.37000084,17.85251045
2014-04-24,187.8300018,152.8480225,188.3899994,186.9299927,88170000,13.31999969,94.26999664,48.58882523,101.9599991,77.01112366,21.34000015,17.8274498
2014-04-25,186.2899933,151.5948944,187.3300018,185.8699951,100380000,14.06000042,94.23999786,48.57337952,102.0999985,77.11685181,21.34000015,17.8274498
2014-04-28,186.8800049,152.075058,187.6900024,184.9600067,135121000,13.97000027,94.22000122,48.56305313,101.9499969,77.00356293,21.31999969,17.81074142
2014-04-29,187.75,152.7830048,188.0399933,187.0800018,84098000,13.71000004,94.36000061,48.63521957,102.0400009,77.07157135,21.34000015,17.8274498
2014-04-30,188.3099976,153.2387238,188.5,187.1799927,101508000,13.40999985,94.33999634,48.62489319,102.3099976,77.27545929,21.28000069,17.77732468
2014-05-01,188.3300018,153.2550201,188.8399963,187.7299957,93019000,13.25,93.81999969,48.57468033,102.4100037,77.49796295,21.27000046,17.7689724
2014-05-02,188.0599976,153.0352478,189.1399994,187.7799988,98122000,12.90999985,94.04000092,48.68861389,102.5599976,77.61142731,21.27000046,17.7689724
2014-05-05,188.4199982,153.3282013,188.5500031,186.6199951,75883000,13.28999996,94,48.6678772,102.5,77.56609344,21.26000023,17.7606163
2014-05-06,186.7799988,151.9936676,188.1300049,186.7400055,85454000,13.80000019,94.01999664,48.67823792,102.6200027,77.65688324,21.15999985,17.67707825
2014-05-07,187.8800049,152.888855,187.9700012,186.0099945,106500000,13.39999962,94.16000366,48.75069427,102.6999969,77.71743011,21.17000008,17.68542862
2014-05-08,187.6799927,152.7260132,189.0500031,187.0800018,93618000,13.43000031,94.13999939,48.74036407,102.8099976,77.80059052,21.21999931,17.72720337
2014-05-09,187.9600067,152.9539185,188.0399933,186.8300018,83679000,12.92000008,94.23000336,48.78697586,102.7300034,77.74011993,21.35000038,17.83580208
2014-05-12,189.7899933,154.4430389,189.8800049,188,86940000,12.22999954,94.33000183,48.8387413,102.4599991,77.53579712,21.37000084,17.85251045
2014-05-13,189.9600067,154.5814056,190.4199982,189.7700043,66454000,12.13000011,94.48000336,48.91640472,102.8600006,77.8384552,21.42000008,17.89428329
2014-05-14,189.0599976,153.8490601,189.8800049,188.7899933,72367000,12.17000008,94.52999878,48.94229507,103.3300018,78.19417572,21.40999985,17.88592529
2014-05-15,187.3999939,152.4982758,188.7200012,186.4799957,154956000,13.17000008,94.44000244,48.89566803,103.6999969,78.47412872,21.38999939,17.86921883
2014-05-16,188.0500031,153.0271149,188.1300049,186.7200012,97458000,12.43999958,94.62999725,48.99407578,103.4800034,78.30765533,21.38999939,17.86921883
2014-05-19,188.7400055,153.5885925,188.8899994,187.5200043,63839000,12.42000008,94.76999664,49.06655502,103.3499985,78.20928192,21.38999939,17.86921883
2014-05-20,187.5500031,152.6203003,188.6699982,187.0700073,111644000,12.96000004,94.65000153,49.00442505,103.6500015,78.43632507,21.39999962,17.87757111
2014-05-21,189.1300049,153.9060211,189.2200012,188.0599976,89093000,11.90999985,94.63999939,48.99924469,103.4899979,78.31523132,21.39999962,17.87757111
2014-05-22,189.5899963,154.2802582,189.9799957,188.8600006,61549000,12.02999973,94.70999908,49.03549194,103.3799973,78.231987,21.44000053,17.91098785
2014-05-23,190.3500061,154.8987427,190.4799957,189.5899963,61092800,11.35999966,94.73999786,49.05098343,103.5899963,78.39091492,21.47999954,17.9444046
2014-05-27,191.5200043,155.8508759,191.5800018,190.9499969,72010000,11.51000023,94.83000183,49.09758377,103.6200027,78.41362,21.46999931,17.93605232
2014-05-28,191.3800049,155.7369385,191.8200073,191.0599976,66723000,11.68000031,94.86000061,49.11312103,104.1900024,78.84492493,21.53000069,17.98617554
2014-05-29,192.3699951,156.5425568,192.3999939,191.3300018,64377000,11.56999969,94.94999695,49.15974808,104.0599976,78.74658203,21.52000046,17.97782326
2014-05-30,192.6799927,156.7948456,192.8000031,192.0299988,76316000,11.39999962,95.05000305,49.2115097,103.9800034,78.6860199,21.46999931,17.93605232
2014-06-02,192.8999939,156.9738922,192.9900055,191.9700012,64656000,11.57999992,94.31999969,49.05496979,103.3300018,78.3259964,21.54999924,18.0028801
2014-06-03,192.8000031,156.8925323,192.8999939,192.25,65047000,11.86999989,94.33000183,49.06016922,102.8099976,77.9318161,21.53000069,17.98617554
2014-06-04,193.1900024,157.2098389,193.3000031,192.2700043,55529000,12.07999992,94.33000183,49.06016922,102.7300034,77.87113953,21.54999924,18.0028801
2014-06-05,194.4499969,158.2351685,194.6499939,192.6999969,92103000,11.68000031,94.55999756,49.17977905,102.8799973,77.98485565,21.45999908,17.92769623
2014-06-06,195.3800049,158.9920044,195.4299927,194.7799988,78696000,10.72999954,94.83000183,49.32021332,102.8000031,77.924263,21.46999931,17.93605232
2014-06-09,195.5800018,159.1547241,196.0500031,195.1699982,65119000,11.14999962,94.94000244,49.37744904,102.6500015,77.81051636,21.54999924,18.0028801
2014-06-10,195.6000061,159.1710052,195.6399994,194.9199982,57129000,10.98999977,94.88999939,49.35139847,102.4700012,77.67404938,21.59000015,18.03629875
2014-06-11,194.9199982,158.6176758,195.1199951,194.4799957,68772000,11.60000038,94.90000153,49.35662842,102.6100006,77.78020477,21.59000015,18.03629875
2014-06-12,193.5399933,157.4946594,194.8000031,193.1100006,106350000,12.56000042,94.83999634,49.32539749,103.0100021,78.08345032,21.54000092,17.99452782
2014-06-13,194.1300049,157.9747925,194.3200073,193.3000031,82017000,12.18000031,94.94999695,49.38262558,102.8099976,77.9318161,21.54000092,17.99452782
2014-06-16,194.2899933,158.1049347,194.6999969,193.6600037,87424000,12.64999962,94.90000153,49.35662842,102.8099976,77.9318161,21.47999954,17.9444046
2014-06-17,194.8300018,158.5444031,194.9700012,193.8099976,84834000,12.06000042,94.83000183,49.32021332,102.3799973,77.60588837,21.54000092,17.99452782
2014-06-18,196.2599945,159.7080688,196.3699951,194.3999939,105267000,10.60999966,95.26000214,49.5438385,102.9199982,78.01519775,21.46999931,17.93605232
2014-06-19,196.4799957,159.887085,196.6000061,195.8000031,85929000,10.61999989,95.23999786,49.53343582,102.6600037,77.81811523,21.43000031,17.90263557
2014-06-20,195.9400024,160.2117004,196.1000061,195.6999969,100587000,10.85000038,95.33000183,49.58028793,102.7799988,77.90904999,21.44000053,17.91098785
2014-06-23,195.8800049,160.1627045,196.0500031,195.5200043,70611000,10.97999954,95.31999969,49.57504272,102.7099991,77.85603333,21.39999962,17.87757111
2014-06-24,194.6999969,159.1978149,196.5,194.4799957,96237000,12.13000011,95.23999786,49.53343582,103.1299973,78.17438507,21.42000008,17.89428329
2014-06-25,195.5800018,159.9173584,195.7799988,194.25,82782000,11.59000015,95.37999725,49.60627365,103.2300034,78.25018311,21.39999962,17.87757111
2014-06-26,195.4400024,159.8029175,195.6300049,194.1300049,84312000,11.63000011,95.27999878,49.55426788,103.5,78.45482635,21.40999985,17.88592529
2014-06-27,195.8200073,160.1135712,195.8800049,194.8899994,71445100,11.26000023,95.27999878,49.55426788,103.5,78.45482635,21.34000015,17.8274498
2014-06-30,195.7200012,160.0318298,196.1699982,195.5299988,70201200,11.56999969,95.19999695,49.51264572,103.5800018,78.5154953,21.26000023,17.7606163
2014-07-01,197.0299988,161.102951,197.6300049,196.1300049,90470000,11.14999962,94.80999756,49.52569962,103.0500031,78.25880432,21.27000046,17.7689724
2014-07-02,197.2299957,161.266449,197.4799957,196.9600067,52475000,10.81999969,94.87000275,49.55704498,102.6299973,77.93981934,21.30999947,17.80238533
2014-07-03,198.1999969,162.0596161,198.2899933,197.6399994,52938800,10.31999969,94.73000336,49.48391342,102.4199982,77.78035736,21.38999939,17.86921883
2014-07-07,197.5099945,161.4954224,197.9799957,197.2200012,61696000,11.32999992,94.66000366,49.44733429,102.6699982,77.97019958,21.39999962,17.87757111
2014-07-08,196.2400055,160.4570465,197.2200012,195.7599945,108143000,11.97999954,94.68000031,49.45778275,103.1399994,78.32714081,21.38999939,17.86921883
2014-07-09,197.1199951,161.1765442,197.3000031,196.3099976,72992000,11.64999962,94.61000061,49.4212265,103.1600037,78.34233093,21.34000015,17.8274498
2014-07-10,196.3399963,160.5387573,196.8600006,195.0599976,99040000,12.59000015,94.31999969,49.26973343,103.3799973,78.5094223,21.37000084,17.85251045
2014-07-11,196.6100006,160.759552,196.75,195.7799988,64243000,12.07999992,94.48000336,49.35332108,103.5500031,78.63851929,21.37999916,17.86086464
2014-07-14,197.6000061,161.5690308,197.8600006,197.4400024,58658000,11.81999969,94.44999695,49.33764267,103.3199997,78.46382904,21.37000084,17.85251045
2014-07-15,197.2299957,161.266449,198.1000061,196.3600006,111307000,11.96000004,94.30000305,49.25929642,103.2300034,78.39551544,21.44000053,17.91098785
2014-07-16,197.9600067,161.8634033,198.2599945,197.4199982,79986400,11,94.15000153,49.18095016,103.3799973,78.5094223,21.48999977,17.95275879
2014-07-17,195.7100067,160.0236206,198.1000061,195.4299927,145398000,14.53999996,93.48999786,48.83619308,103.9800034,78.96508789,21.47999954,17.9444046
2014-07-18,197.7100067,161.6590118,197.9100037,196.2400055,124330000,12.06000042,93.87999725,49.03991699,103.7699966,78.80557251,21.47999954,17.9444046
2014-07-21,197.3399963,161.3563843,197.5,196.4299927,67592000,12.81000042,93.72000122,48.95630646,103.8000031,78.82837677,21.46999931,17.93605232
2014-07-22,198.1999969,162.0596161,198.5599976,197.8699951,67678000,12.23999977,93.84999847,49.02421951,103.9300003,78.92709351,21.54000092,17.99452782
2014-07-23,198.6399994,162.4193726,198.8500061,198.1000061,65612000,11.52000046,94.02999878,49.11824799,103.9199982,78.91946411,21.54999924,18.0028801
2014-07-24,198.6499939,162.4275818,199.0599976,198.4499969,56888000,11.84000015,94.19999695,49.20705795,103.5,78.60054779,21.57999992,18.02794456
2014-07-25,197.7200012,161.6671753,198.2599945,197.3300018,76837000,12.68999958,94.04000092,49.12348175,103.9000015,78.90431213,21.62000084,18.06135941
2014-07-28,197.8000031,161.732605,198.0899963,196.6199951,69259000,12.56000042,93.76000214,48.97721863,103.7799988,78.81316376,21.62000084,18.06135941
2014-07-29,196.9499969,161.0375366,198.4499969,196.9199982,80466000,13.27999973,93.62999725,48.90930939,103.9199982,78.91946411,21.65999985,18.09477615
2014-07-30,196.9799957,161.0620117,197.9100037,196.1600037,104222000,13.32999992,93.23999786,48.70558167,103.1900024,78.36515808,21.70999908,18.136549
2014-07-31,193.0899963,157.881424,195.7799988,192.9700012,183479000,16.95000076,92.48000336,48.30856323,103.1600037,78.34233093,21.73999977,18.16161156
2014-08-01,192.5,157.3990173,193.7599945,191.5700073,189261000,17.03000069,92.04000092,48.30384064,103.5699997,78.80337524,21.70999908,18.136549
2014-08-04,193.8899994,158.5355072,194.3000031,192.0500031,91340000,15.11999989,92.59999847,48.59777832,103.6299973,78.84910583,21.70000076,18.1281929
2014-08-05,192.0099945,156.9983521,193.6000061,191.3099976,152690000,16.87000084,92.41999817,48.50329971,103.6800003,78.88716125,21.75,18.16996384
2014-08-06,192.0700073,157.0473633,192.8899994,191.0800018,94818000,16.37000084,92.63999939,48.61873245,103.7699966,78.95558167,21.71999931,18.14489746
2014-08-07,191.0299988,156.1970367,193.1300049,190.5500031,135733000,16.65999985,92.69999695,48.65022278,104.2399979,79.31322479,21.75,18.16996384
2014-08-08,193.2400055,158.0040131,193.3699951,190.9499969,117014000,15.77000046,92.98999786,48.80244446,104.1500015,79.24471283,21.70000076,18.1281929
2014-08-11,193.8000031,158.4618683,194.6600037,193.7100067,74544000,14.22999954,93.43000031,49.0333786,104.0999985,79.20668793,21.70999908,18.136549
2014-08-12,193.5299988,158.2411499,194.1499939,192.9400024,73632000,14.13000011,93.41000366,49.02284241,103.9499969,79.09252167,21.72999954,18.15325356
2014-08-13,194.8399963,159.3122406,195.0599976,193.9600067,69047000,12.89999962,93.68000031,49.1645546,104.2900009,79.35127258,21.75,18.16996384
2014-08-14,195.7599945,160.0645447,195.7599945,194.9799957,57371000,12.42000008,93.86000061,49.25904083,104.5,79.51100922,21.73999977,18.16161156
2014-08-15,195.7200012,160.0318298,196.6499939,194.3099976,139951000,13.14999962,94.05000305,49.35873032,104.9199982,79.83059692,21.70000076,18.1281929
2014-08-18,197.3600006,161.3727264,197.4499969,196.6900024,75424000,12.31999969,94.31999969,49.50043869,104.5899963,79.57951355,21.73999977,18.16161156
2014-08-19,198.3899994,162.2149506,198.5399933,197.4400024,59135000,12.21000004,94.29000092,49.48470306,104.4800034,79.49580383,21.81999969,18.22843933
2014-08-20,198.9199982,162.6483307,199.1600037,198.0800018,72763000,11.77999973,94.36000061,49.52141571,104.1699982,79.25995636,21.92000008,18.31197929
2014-08-21,199.5,163.1225433,199.7599945,198.9299927,67791000,11.76000023,94.36000061,49.52141571,104.3899994,79.42732239,21.88999939,18.28692055
2014-08-22,199.1900024,162.8691406,199.6900024,198.7400055,76107000,11.47000027,94.12999725,49.40073013,104.4000015,79.43494415,21.94000053,18.32868958
2014-08-25,200.1999969,163.6949005,200.5899963,199.1499939,63855000,11.69999981,94.33000183,49.50569153,104.4800034,79.49580383,22,18.3788147
2014-08-26,200.3300018,163.8012238,200.8200073,200.2799988,47298000,11.63000011,94.40000153,49.54242325,104.4599991,79.48061371,22.02000046,18.39552116
2014-08-27,200.25,163.7357941,200.5700073,199.9400024,47874000,11.77999973,94.30999756,49.49517059,104.75,79.70126343,21.96999931,18.35375023
2014-08-28,200.1399994,163.6459503,200.2700043,199.3899994,58330000,12.05000019,94.16999817,49.42168808,104.8899994,79.80775452,21.96999931,18.35375023
2014-08-29,200.7100067,164.1119537,200.7299957,199.8200073,65907000,12.09000015,94.23999786,49.45843124,104.9000015,79.81539154,22.02000046,18.39552116
2014-09-02,200.6100006,164.0301666,201,199.8600006,72426000,12.25,93.91999817,49.51645279,104.0500031,79.30549622,22.09000015,18.45399857
2014-09-03,200.5,163.9402313,201.4100037,200.2200012,57462000,12.35999966,93.68000031,49.38990402,104.1999969,79.41979218,22.06999969,18.43729019
2014-09-04,200.2100067,163.7031555,201.5800018,199.6600037,85236000,12.64000034,93.37000275,49.22645569,103.8300018,79.13774872,22.29999924,18.62943077
2014-09-05,201.1100006,164.4389801,201.1900024,199.4100037,102177000,12.09000015,93.26000214,49.16849136,103.8600006,79.16067505,22.29999924,18.62943077
2014-09-08,200.5899963,164.0138245,201.2100067,200,64146000,12.65999985,93.16999817,49.12105942,103.75,79.07685852,22.43000031,18.7380352
2014-09-09,199.3200073,162.9754333,200.5500031,198.9100037,88591000,13.5,92.73999786,48.89432907,103.5100021,78.89391327,22.38999939,18.70461655
2014-09-10,200.0700073,163.5886383,200.1999969,198.7700043,67251000,12.88000011,92.77999878,48.91540527,103.25,78.69572449,22.43000031,18.7380352
2014-09-11,200.3000031,163.7767334,200.3300018,199.1199951,66774400,12.80000019,92.77999878,48.91540527,103.1200027,78.5966568,22.45000076,18.75474548
2014-09-12,199.1300049,162.8200073,200.1199951,198.5599976,117409300,13.31000042,92.66999817,48.85741806,102.7300034,78.29940033,22.43000031,18.7380352
2014-09-15,198.9799957,162.6973572,199.3200073,198.3800049,76401000,14.11999989,92.5,48.76782608,102.9199982,78.44419861,22.43000031,18.7380352
2014-09-16,200.4799957,163.9238434,200.8399963,198.5,116201000,12.72999954,92.69000244,48.86795425,102.8899994,78.42131805,22.38999939,18.70461655
2014-09-17,200.75,164.1446228,201.6799927,199.75,151266000,12.64999962,92.98999786,49.02613831,102.6299973,78.22314453,22.53000069,18.82157326
2014-09-18,201.8200073,165.0195465,201.8500061,201.1000061,94990000,12.02999973,93.01999664,49.04195023,102.5599976,78.16983032,22.43000031,18.7380352
2014-09-19,200.6999969,164.8708649,201.8999939,200.2899933,121649000,12.10999966,93.16000366,49.11574554,102.9499969,78.46710968,22.54999924,18.83828354
2014-09-22,199.1499939,163.59758,200.3800049,198.7299957,125553000,13.68999958,92.98999786,49.02613831,103.1699982,78.63473511,22.53000069,18.82157326
2014-09-23,198.0099945,162.6611023,199.2599945,197.9499969,111393000,14.93000031,92.51999664,48.77832413,103.3899994,78.80242157,22.53000069,18.82157326
2014-09-24,199.5599976,163.9343567,199.6900024,197.5200043,107276000,13.27000046,92.23999786,48.63072586,103.0999985,78.58139038,22.62999916,18.90511513
2014-09-25,196.3399963,161.2892456,199.0500031,196.2700043,150300000,15.64000034,91.61000061,48.29858017,103.5999985,78.96246338,22.67000008,18.93853378
2014-09-26,197.8999939,162.5707092,198.3899994,196.4199982,103547000,14.85000038,91.55000305,48.26695633,103.3799973,78.79480743,22.79999924,19.0471344
2014-09-29,197.5399933,162.2749939,197.8899994,196.0500031,95112000,15.97999954,91.36000061,48.16676331,103.7099991,79.04634857,22.78000069,19.03042603
2014-09-30,197.0200043,161.8478394,198.3000031,196.6100006,131302000,16.30999947,91.94999695,48.47782135,103.6200027,78.97774506,22.87000084,19.10561562
2014-10-01,194.3500061,159.6544952,196.7700043,193.9100037,177798000,16.70999908,91.66000366,48.53129959,104.3000031,79.64130402,22.85000038,19.08890533
2014-10-02,194.3800049,159.6790924,195.0599976,192.3500061,157285000,16.15999985,91.83999634,48.62660599,103.9899979,79.40457153,22.78000069,19.03042603
2014-10-03,196.5200043,161.437088,196.9400024,195.0800018,121569000,14.55000019,92.15000153,48.7907486,103.9599991,79.38166046,23.07999992,19.28104401
2014-10-06,196.2899933,161.2480927,197.6000061,195.5800018,104778000,15.46000004,92.25,48.84366608,104.1299973,79.51144409,22.81999969,19.06384087
2014-10-07,193.2599945,158.7590332,195.7200012,193.2200012,147913000,17.20000076,91.90000153,48.65836716,104.7399979,79.97728729,22.78000069,19.03042603
2014-10-08,196.6399994,161.5356903,196.9199982,192.3600006,186461000,15.10999966,92.33999634,48.89133453,105.1100006,80.25979614,22.68000031,18.94688797
2014-10-09,192.7400055,158.3318329,196.6000061,192.5800018,210705000,18.76000023,91.36000061,48.37247086,104.9300003,80.12234497,22.75,19.00536346
2014-10-10,190.5399933,156.5246582,193.6499939,190.4900055,221909000,21.23999977,90.62000275,47.98064041,105.3399963,80.4354248,22.86000061,19.09725761
2014-10-13,187.4100037,153.9533844,191.1499939,187.3000031,230939000,24.63999939,90.16999817,47.74237823,105.8899994,80.85539246,22.72999954,18.98865318
2014-10-14,187.6999969,154.1915894,189.8200073,187.0399933,215847000,22.79000092,90.47000122,47.9012146,106.0999985,81.01574707,22.82999992,19.07219505
2014-10-15,186.4299927,153.1483154,187.6900024,181.9199982,380715000,25.27000046,90.48999786,47.91184235,106.6999969,81.47385406,22.59000015,18.87169838
2014-10-16,186.2700043,153.0168762,187.5800018,182.8899994,270391000,25.20000076,91,48.18186188,106.4100037,81.25247192,22.59000015,18.87169838
2014-10-17,188.4700012,154.8242035,189.75,187.6199951,214625000,21.98999977,91.76999664,48.5895462,106.0999985,81.01574707,22.65999985,18.93017578
2014-10-20,190.3000031,156.3274841,190.4499969,188.0700073,130011000,18.56999969,92.43000031,48.93898392,106.25,81.13031006,22.57999992,18.8633461
2014-10-21,194.0700073,159.424469,194.1999969,191.4799957,154949000,16.07999992,93.18000031,49.33609009,105.9599991,80.90882111,22.70000076,18.96359253
2014-10-22,192.6900024,158.2908173,194.9100037,192.6100006,151822000,17.87000084,92.56999969,49.01313782,105.9300003,80.88592529,22.79999924,19.0471344
2014-10-23,194.9299927,160.1309052,196.1999969,194.2599945,154944000,16.53000069,92.52999878,48.99194336,105.4899979,80.5499115,22.81999969,19.06384087
2014-10-24,196.4299927,161.3631439,196.4900055,194.4900055,117927000,16.11000061,92.79000092,49.12961578,105.5800018,80.61865234,22.78000069,19.03042603
2014-10-27,196.1600037,161.1413269,196.4499969,195.0299988,82954000,16.04000092,92.41000366,48.92839813,105.6900024,80.7026825,22.71999931,18.980299
2014-10-28,198.4100037,162.9896088,198.4199982,196.7299957,106736000,14.39000034,92.55999756,49.00783157,105.4300003,80.50413513,22.68000031,18.94688797
2014-10-29,198.1100006,162.7432098,199.1199951,196.8000031,142557000,15.14999962,92.48999786,48.97074127,105.0800018,80.23687744,22.85000038,19.08890533
2014-10-30,199.3800049,163.7865448,199.9499969,197.3999939,113330000,14.52000046,92.44999695,48.94958115,105.1900024,80.32085419,22.90999985,19.13902855
2014-10-31,201.6600037,165.6594238,201.8200073,200.7700043,146903000,14.02999973,92.52999878,48.99194336,105.0199966,80.19107819,23.09000015,19.28940201
2014-11-03,201.7700043,165.7498474,202.4499969,201.3099976,93600000,14.72999954,92.31999969,49.09510803,104.8000031,80.16123199,23.20000076,19.38129234
2014-11-04,201.0700073,165.1747742,201.6000061,200.0599976,93343000,14.89000034,92.02999878,48.94090652,104.7900009,80.15359497,23.13999939,19.33117104
2014-11-05,202.3399963,166.2180634,202.5899963,201.4499969,91709000,14.17000008,92.01000214,48.9302597,104.8199997,80.17651367,23.25,19.42306328
2014-11-06,203.1499939,166.8834381,203.2599945,201.6399994,107089000,13.67000008,92.25,49.05787277,104.5,79.93177032,23.40999985,19.55672836
2014-11-07,203.3399963,167.0395508,203.6000061,202.6100006,89540000,13.11999989,92.33999634,49.10574722,105.1699982,80.4442749,23.27000046,19.43977356
2014-11-10,203.9799957,167.5653229,204.0399933,203.1300049,66319000,12.67000008,92.37999725,49.12705612,104.7399979,80.11536407,23.34000015,19.49824905
2014-11-11,204.1799927,167.729599,204.3099976,203.6499939,54499400,12.92000008,92.58999634,49.23868179,104.75,80.1230011,23.25,19.42306328
2014-11-12,203.9600067,167.5488739,204.2400055,203.3099976,90120300,13.02000046,92.29000092,49.07914734,104.7099991,80.09242249,23.32999992,19.48989296
2014-11-13,204.1900024,167.7378235,204.8300018,203.2100067,85357900,13.78999996,91.91000366,48.87706375,104.8799973,80.22242737,23.30999947,19.47318649
2014-11-14,204.2400055,167.7789001,204.4900055,203.7200012,80417500,13.31000042,91.44999695,48.6324501,105.0999985,80.39070129,23.25,19.42306328
2014-11-17,204.3699951,167.8856354,204.5800018,203.6499939,80441000,13.98999977,91.44000244,48.62712097,104.9800034,80.29890442,23.37000084,19.52331352
2014-11-18,205.5500031,168.855072,205.9199982,204.4400024,76068100,13.85999966,91.26000214,48.5314064,105.0999985,80.39070129,23.26000023,19.43141747
2014-11-19,205.2200012,168.5839539,205.5500031,204.3000031,82373000,13.96000004,91.23999786,48.52077866,104.8199997,80.17651367,23.29999924,19.46483231
2014-11-20,205.5800018,168.8796844,205.7100067,204.1799927,72840300,13.57999992,91.25,48.52609253,105.0100021,80.32186127,23.27000046,19.43977356
2014-11-21,206.6799927,169.7832794,207.8399963,205.9799957,142327300,12.89999962,91.75,48.79196548,105.2200012,80.48246002,23.45999908,19.59849739
2014-11-24,207.2599945,170.2597198,207.3899994,206.9100037,65880800,12.61999989,91.73999786,48.78667831,105.3399963,80.5743103,23.39999962,19.54837227
2014-11-25,207.1100006,170.1365204,207.7899933,206.8000031,79108300,12.25,91.88999939,48.86643219,105.5999985,80.77316284,23.35000038,19.50660515
2014-11-26,207.6399994,170.5719452,207.7599945,207.0299988,62167800,12.06999969,92.01000214,48.9302597,105.7799988,80.91085815,23.28000069,19.44812775
2014-11-28,207.1999969,170.2104492,207.8699951,206.9100037,57890100,13.32999992,91.12999725,48.46227264,106.1900024,81.22445679,23.46999931,19.60685158
2014-12-01,205.7599945,169.0275116,206.5399933,205.3800049,103968400,14.15999985,89.80000305,47.97453308,105.75,81.02521515,23.36000061,19.51496124
2014-12-02,207.0899963,170.1200867,207.3399963,205.7799988,74507200,12.85000038,90.29000092,48.23629379,105.2799988,80.66513824,23.54999924,19.67368317
2014-12-03,207.8899994,170.777298,208.1499939,207.1000061,68952000,12.5,90.44000244,48.31643677,105.3199997,80.69576263,23.62000084,19.73215866
2014-12-04,207.6600037,170.5883636,208.2700043,206.6999969,91316600,12.38000011,90.37999725,48.28435898,105.6900024,80.97930145,23.53000069,19.65697479
2014-12-05,208,170.86763,208.4700012,207.5500031,91025500,11.89000034,90.30999756,48.24697113,105.0999985,80.52719879,23.70999908,19.80734825
2014-12-08,206.6100006,169.7257996,208.1199951,205.9299927,108588200,14.21000004,89.84999847,48.00125122,105.4499969,80.79535675,23.65999985,19.76557732
2014-12-09,206.4700012,169.6107941,206.6000061,203.9100037,125180100,15.35000038,89.80000305,47.97453308,105.8399963,81.09416199,23.54999924,19.67368317
2014-12-10,203.1600037,166.8916779,205.9799957,202.9299927,159856400,18.53000069,88.76999664,47.42423248,106.3199997,81.46198273,23.42000008,19.56508064
2014-12-11,204.1900024,167.7378235,206.1900024,203.7100067,159012800,20.07999992,88.44999695,47.2533226,106.1399994,81.32408905,23.51000023,19.64026833
2014-12-12,200.8899994,165.0269318,203.8200073,200.8500061,202330200,21.07999992,87.25,46.61221313,107.0100021,81.99061584,23.43000031,19.57343292
2014-12-15,199.5099945,163.8932953,202.5299988,198.7799988,189965800,20.42000008,87.19999695,46.58552933,106.6200027,81.69179535,23.47999954,19.61520576
2014-12-16,197.9100037,162.578949,202.3999939,197.8600006,259543800,23.56999969,86.88999939,46.41987991,107.1600037,82.10559845,23.30999947,19.47318649
2014-12-17,201.7899933,165.7662506,202.3399963,198.2899933,253910100,19.44000053,88.66000366,47.36549377,106.4199982,81.53856659,23.60000038,19.7154541
2014-12-18,206.7799988,169.8654327,212.9700012,203.9199982,257633900,16.80999947,89.37000275,47.74480438,105.8199997,81.07885742,23.67000008,19.77393341
2014-12-19,206.5200043,170.5881958,207.3300018,205.6100006,245084600,16.48999977,90.23000336,48.20423889,106.2099991,81.37767029,23.77000046,19.85747337
2014-12-22,207.4700012,171.3729095,207.4700012,206.4600067,148318900,15.25,90.01000214,48.08671188,106.2099991,81.37767029,23.79000092,19.87418175
2014-12-23,207.75,171.6042023,208.2299957,207.3999939,122167900,14.80000019,90.33000183,48.25765228,105.3300018,80.70343781,23.90999985,19.97443008
2014-12-24,207.7700043,171.620697,208.3399963,207.7200012,42963400,14.36999989,90.25,48.42183304,105.25,80.76172638,23.87999916,19.94936371
2014-12-26,208.4400024,172.1741486,208.8500061,208.25,57326700,14.5,89.97000122,48.27163315,105.3899994,80.86917114,23.88999939,19.95772171
2014-12-29,208.7200012,172.4054413,208.9700012,208.1399994,79643900,15.06000042,90.01999664,48.29842758,105.75,81.14542389,23.95000076,20.00784302
2014-12-30,207.6000061,171.4803314,208.3699951,207.5099945,73540800,15.92000008,89.83999634,48.20188522,105.8700027,81.23751831,23.88999939,19.95772171
2014-12-31,205.5399933,169.7786865,208.1900024,205.3899994,130333800,19.20000076,89.59999847,48.07312775,105.9899979,81.32956696,23.96999931,20.02455139
2015-01-02,205.4299927,169.6878357,206.8800049,204.1799927,121465900,17.79000092,89.59999847,48.07312775,106.5299988,81.74391174,24.20000076,20.21669579
2015-01-05,201.7200012,166.6233368,204.3699951,201.3500061,169632600,19.92000008,88.76999664,47.62776184,107.1800003,82.24269104,24.25,20.25846481
2015-01-06,199.8200073,165.0539093,202.7200012,198.8600006,209151400,21.12000084,88.43000031,47.44536209,107.9000015,82.79516602,24.29999924,20.30023384
2015-01-07,202.3099976,167.1106415,202.7200012,200.8800049,125346700,19.30999947,88.98000336,47.74046326,107.8799973,82.77983856,24.38999939,20.37541962
2015-01-08,205.8999939,170.0760651,206.1600037,203.9900055,147217800,17.01000023,89.65000153,48.09992218,107.4400024,82.44221497,24.48999977,20.45896149
2015-01-09,204.25,168.71315,206.4199982,203.5099945,158567300,17.54999924,90.09999847,48.34137344,107.9700012,82.84887695,24.37999916,20.36706734
2015-01-12,202.6499939,167.3915253,204.6000061,201.9199982,144396100,19.60000038,89.98999786,48.28232193,108.3499985,83.14048767,24.37999916,20.36706734
2015-01-13,202.0800018,166.9207001,205.4799957,200.5099945,214553300,20.55999947,89.98999786,48.28232193,108.4499969,83.21720123,24.45000076,20.42554665
2015-01-14,200.8600006,165.9129944,201.1000061,198.5700073,192991100,21.47999954,89.77999878,48.16965866,108.9499969,83.6008606,24.39999962,20.38377571
2015-01-15,199.0200043,164.393158,202.0099945,198.8800049,176613900,22.38999939,89.23000336,47.8746109,109.8799973,84.31449127,24.47999954,20.4506073
2015-01-16,201.6300049,166.5490112,201.8200073,198.5500031,211879600,20.95000076,89.56999969,48.05699921,109.0699997,83.69295502,24.59000015,20.54249763
2015-01-20,202.0599976,166.9041595,202.7200012,200.1699982,130991100,19.88999939,89.41000366,47.97115707,109.3199997,83.88481903,24.69000053,20.62604141
2015-01-21,203.0800018,167.7466736,203.6600037,200.9400024,122942700,18.85000038,89.88999939,48.22869492,108.8000031,83.4858017,24.62000084,20.5675621
2015-01-22,206.1000061,170.2412567,206.2599945,202.3300018,174356000,16.39999962,90.01000214,48.29307175,108.5299988,83.2786026,24.98999977,20.8766613
2015-01-23,204.9700012,169.3078613,206.1000061,204.8099976,117516800,16.65999985,90.01000214,48.29307175,109.2399979,83.82341766,25.20999908,21.0604496
2015-01-26,205.4499969,169.7043457,205.5599976,203.8500061,92009700,15.52000046,90.41999817,48.51306915,108.9899979,83.63156891,25.17000008,21.02703476
2015-01-27,202.7400055,167.4658813,204.1199951,201.7400055,134044600,17.21999931,90.34999847,48.47549438,109.1399994,83.74667358,24.93000031,20.82653618
2015-01-28,200.1399994,165.3182983,204.2899933,199.9100037,168514300,20.44000053,90.16000366,48.3735466,109.9800034,84.39123535,25.07999992,20.95184517
2015-01-29,201.9900055,166.8463593,202.3000031,198.6799927,173585400,18.76000023,90.48000336,48.54525757,109.5899963,84.09201813,25.10000038,20.96855545
2015-01-30,199.4499969,164.7483063,202.1699982,199.1300049,197729700,20.96999931,90.23000336,48.41112137,110.5500031,84.82861328,25.12999916,20.9936142
2015-02-02,201.9199982,166.7885437,202.0299988,197.8600006,163107000,19.43000031,90.20999908,48.59697342,110.2300034,84.72255707,25.07999992,20.95184517
2015-02-03,204.8399963,169.2005005,204.8500061,202.5500031,124212900,17.32999992,90.72000122,48.87170792,109.3000031,84.00776672,24.79000092,20.70957947
2015-02-04,204.0599976,168.5562439,205.3800049,203.5099945,134306700,18.32999992,90.33999634,48.66700363,109.4800034,84.14610291,24.94000053,20.83489227
2015-02-05,206.1199951,170.2578125,206.3000031,204.7700043,97953200,16.85000038,90.87000275,48.95251083,109.0800018,83.83866882,24.76000023,20.68452072
2015-02-06,205.5500031,169.7870331,207.2400055,204.9199982,125672000,17.29000092,90.94000244,48.99023819,107.8600006,82.90096283,25.05999947,20.9351368
2015-02-09,204.6300049,169.0270691,205.6399994,204.1399994,87219000,18.54999924,90.72000122,48.87170792,107.8099976,82.86254883,25.04000092,20.91842842
2015-02-10,206.8099976,170.8277588,207.1199951,204.6799927,96164200,17.22999954,91.02999878,49.03869247,107.5400009,82.65503693,25.06999969,20.9434948
2015-02-11,206.9299927,170.9268799,207.4499969,205.8300018,91087800,16.95999908,91,49.02254486,107.5,82.62425232,25.15999985,21.01867867
2015-02-12,208.9199982,172.5706635,208.9900055,206.9700012,97545900,15.34000015,90.98999786,49.01716232,107.5400009,82.65503693,24.92000008,20.8181839
2015-02-13,209.7799988,173.2809753,209.8399963,208.7599945,93670400,14.68999958,91.12000275,49.08720016,107.1800003,82.37832642,24.90999985,20.8098278
2015-02-17,210.1100006,173.5536194,210.3200073,209.1000061,76968200,15.80000019,91.05999756,49.05486679,106.4199982,81.79419708,24.87999916,20.78476524
2015-02-18,210.1300049,173.5701447,210.2200012,209.3399963,80652900,15.44999981,91.37000275,49.22188187,106.9300003,82.18619537,24.88999939,20.79312325
2015-02-19,209.9799957,173.446228,210.4199982,209.2400055,91462500,15.28999996,91.16000366,49.1087265,106.6600037,81.97863007,24.97999954,20.86830711
2015-02-20,211.2400055,174.48703,211.3300018,208.7299957,140896400,14.30000019,91.41000366,49.24341202,106.5999985,81.93252563,24.95999908,20.85159683
2015-02-23,211.2100067,174.4622345,211.2100067,210.4799957,74411100,14.56000042,91.48000336,49.28112793,107.0899963,82.30918121,25.03000069,20.91007614
2015-02-24,211.8099976,174.9578247,212.0500031,210.7599945,72472300,13.68999958,91.56999969,49.32958984,107.8000031,82.85483551,24.97999954,20.86830711
2015-02-25,211.6300049,174.8091278,212.2400055,211.2200012,73061700,13.84000015,91.87000275,49.49120712,107.9000015,82.93169403,24.93000031,20.82653618
2015-02-26,211.3800049,174.6026459,211.7100067,210.6499939,72697900,13.90999985,91.84999847,49.48044968,107.2600021,82.43981171,25.19000053,21.04374313
2015-02-27,210.6600037,174.0079193,211.5800018,210.6000061,108076000,13.34000015,91.87000275,49.49120712,107.6399994,82.73187256,25.20000076,21.05209541
2015-03-02,211.9900055,175.1065063,212.0599976,210.7200012,87491400,13.03999996,91.45999908,49.48202133,106.6699982,82.11605835,25.25,21.09386444
2015-03-03,211.1199951,174.3878174,212.0500031,210.0800018,110325800,13.85999966,91.19999695,49.34135056,106.4400024,81.93895721,25.23999977,21.08550835
2015-03-04,210.2299957,173.6526642,210.4900055,209.0599976,114497200,14.22999954,91.02999878,49.24938583,106.5199966,82.00055695,25.37000084,21.19411469
2015-03-05,210.4600067,173.8426819,210.8000031,209.8500061,76873000,14.03999996,91.19999695,49.34135056,106.5800018,82.04673004,25.48999977,21.29436111
2015-03-06,207.5,171.3976593,209.9400024,207.1000061,188128000,15.19999981,90.62000275,49.02754974,105.4899979,81.20765686,25.79999924,21.5533371
2015-03-09,208.3600006,172.1081085,208.7899933,207.5500031,89818900,15.06000042,90.43000031,48.92479706,105.9800034,81.58485413,25.79999924,21.5533371
2015-03-10,204.9799957,169.31604,206.8099976,204.9299927,157121300,16.69000053,90.08000183,48.73542023,106.4300003,81.93125153,26.06999969,21.77889252
2015-03-11,204.5,168.9196777,205.5,204.3999939,110145700,16.87000084,90.33000183,48.87067032,106.6200027,82.07749176,26.36000061,22.02116013
2015-03-12,207.1000061,171.067276,207.1799927,205.1999969,93993500,15.42000008,90.51000214,48.9680748,106.7200012,82.15454102,26.21999931,21.90420151
2015-03-13,205.8300018,170.0182495,207.9299927,204.5800018,162410900,16,90.19999695,48.80033112,106.5599976,82.03132629,26.48999977,22.12976074
2015-03-16,208.5800018,172.2897797,208.6900024,205.8600006,136099200,15.60999966,90.11000061,48.75164795,106.9300003,82.31619263,26.29000092,21.96268463
2015-03-17,207.9600067,171.7776642,208.4199982,206.9799957,94510400,15.65999985,89.66000366,48.5081749,107.1500015,82.48550415,26.29999924,21.9710331
2015-03-18,210.4600067,173.8426819,211.2700043,206.6199951,228808500,13.97000027,90.45999908,48.94100189,108.3799973,83.43242645,25.78000069,21.53662872
2015-03-19,209.5,173.0497131,210.4700012,209.0299988,117917300,14.06999969,89.73999786,48.55146408,107.8700027,83.03974915,26.17000008,21.86243057
2015-03-20,210.4100037,174.577179,211.0200043,209.4900055,177715100,13.02000046,90.44000244,48.93020248,108.3099976,83.37848663,25.81999969,21.57003975
2015-03-23,210,174.23703,211.1100006,210,71784500,13.40999985,90.51000214,48.9680748,108.4499969,83.48628998,25.54000092,21.33613205
2015-03-24,208.8200073,173.2579651,210.3999939,208.7400055,77805300,13.61999989,90.65000153,49.04381561,108.7799988,83.74034119,25.62000084,21.40296364
2015-03-25,205.7599945,170.719101,209.3500061,205.7100067,159521700,15.43999958,90.41000366,48.91395569,108.3099976,83.37848663,25.54999924,21.34448242
2015-03-26,205.2700043,170.3125305,206.3699951,204.1199951,153067200,15.80000019,90.40000153,48.90852737,107.6999969,82.90892792,25.63999939,21.4196701
2015-03-27,205.7400055,170.7025146,205.9499969,204.8999939,118939000,15.06999969,90.47000122,48.94639587,108.1200027,83.23228455,25.65999985,21.43638039
2015-03-30,208.25,172.7850342,208.6100006,206.9600067,96180400,14.51000023,90.72000122,49.0816803,108.1100006,83.22455597,25.86000061,21.60346031
2015-03-31,206.4299927,171.2749786,208.1000061,206.3600006,126768700,15.28999996,90.61000061,49.0221405,108.3899994,83.44013977,25.89999962,21.63687515
2015-04-01,205.6999969,170.6693268,206.4199982,204.5099945,137303600,15.10999966,90.38999939,49.12322235,108.7300034,83.83717346,25.90999985,21.64522934
2015-04-02,206.4400024,171.2833099,206.9799957,205.3999939,86900900,14.67000008,90.45999908,49.1612854,108.4199982,83.59819031,25.70999908,21.47814751
2015-04-06,207.8300018,172.436554,208.4499969,205.2100067,114368200,14.73999977,90.69000244,49.28626633,108.5599976,83.70606232,25.51000023,21.31106949
2015-04-07,207.2799988,171.9802551,208.7599945,207.2400055,81236300,14.77999973,91.16999817,49.54713821,108.6500015,83.77550507,25.79999924,21.5533371
2015-04-08,207.9799957,172.5610199,208.5099945,207.0800018,89351900,13.97999954,91.15000153,49.53626251,108.5500031,83.69844818,25.84000015,21.58675194
2015-04-09,208.8999939,173.3243408,209.1799927,207.1900024,85548900,13.09000015,91.05999756,49.48735809,108.1100006,83.35915375,26.11000061,21.81231308
2015-04-10,210.0399933,174.2702484,210.0899963,208.9600067,72722900,12.57999992,91.26999664,49.60147858,108.0800018,83.33598328,26.17000008,21.86243057
2015-04-13,209.0899963,173.4820251,210.6300049,209.0299988,74436600,13.93999958,91.09999847,49.50906754,108.3000031,83.50567627,26.20999908,21.89584923
2015-04-14,209.4900055,173.8138428,209.7100067,208.1000061,75099900,13.67000008,91.13999939,49.53083038,108.6200027,83.75236511,26.01000023,21.7287693
2015-04-15,210.4299927,174.5937958,211.0399933,209.9499969,99529300,12.84000015,91.5,49.72647095,108.6800003,83.79865265,25.88999939,21.62852478
2015-04-16,210.3699951,174.5440063,210.9799957,209.7899933,68934900,12.60000038,91.30999756,49.62323761,108.7600021,83.86032867,25.69000053,21.46144104
2015-04-17,207.9499969,172.5361481,209.2299957,207.0099945,191113200,13.89000034,91.02999878,49.47104263,108.9800034,84.02996826,25.62999916,21.41131592
2015-04-20,209.8500061,174.1126099,210.25,208.9600067,92189500,13.30000019,91.23000336,49.57976151,108.7799988,83.87576294,25.78000069,21.53662872
2015-04-21,209.6000061,173.9051819,210.8600006,209.2400055,72559800,13.25,91.29000092,49.61236572,108.5500031,83.69844818,25.80999947,21.56168747
2015-04-22,210.6300049,174.7597351,210.8500061,208.8999939,78264600,12.71000004,91.19999695,49.56341553,107.9199982,83.21263885,25.80999947,21.56168747
2015-04-23,211.1600037,175.1994476,211.9400024,210.0099945,102585900,12.47999954,91.16999817,49.54713821,108.25,83.46705627,25.62000084,21.40296364
2015-04-24,211.6499939,175.6060486,211.9700012,211.1100006,61327400,12.28999996,91.31999969,49.62864685,108.6299973,83.76010132,25.52000046,21.31942368
2015-04-27,210.7700043,174.8758698,212.4799957,210.5399933,79358100,13.11999989,91.34999847,49.6449852,108.4599991,83.62903595,25.44000053,21.25259399
2015-04-28,211.4400024,175.431839,211.5,209.3300018,86863500,12.40999985,91.20999908,49.56887817,107.9599991,83.2434845,25.28000069,21.118927
2015-04-29,210.5700073,174.7099762,211.2899933,209.6000061,125684900,13.39000034,91.04000092,49.47653198,107.5599976,82.93509674,25.05999947,20.9351368
2015-04-30,208.4600067,172.9592896,210.3500061,207.6199951,161304900,14.55000019,90.98999786,49.44932938,107.5299988,82.91191101,24.90999985,20.8098278
2015-05-01,210.7200012,174.8344116,210.7700043,209.2799988,103399700,12.69999981,90.79000092,49.55958557,106.7799988,82.45861816,25.03000069,20.91007614
2015-05-04,211.3200073,175.3322601,212.0200043,211.1000061,70927200,12.85000038,90.76999664,49.54868698,106.5599976,82.28871918,25.10000038,20.96855545
2015-05-05,208.8999939,173.3243408,211.4600067,208.7299957,113326200,14.31000042,90.65000153,49.48316956,106.3799973,82.14975739,25.03000069,20.91007614
2015-05-06,208.0399933,172.6108093,209.9299927,206.7599945,135060200,15.14999962,90.37999725,49.33576584,105.8600006,81.74819183,24.75,20.67616463
2015-05-07,208.8699951,173.2994385,209.3800049,207.5200043,88244900,15.13000011,90.37000275,49.33028793,106.3099976,82.09570312,24.87999916,20.78476524
2015-05-08,211.6199951,175.5811768,211.8600006,210.7799988,155877300,12.85999966,91.08000183,49.71786499,106.7200012,82.41233826,24.90999985,20.8098278
2015-05-11,210.6100006,174.7431641,211.8899994,210.5200043,75708100,13.85000038,90.51000214,49.4067421,105.6699982,81.6014328,24.98999977,20.8766613
2015-05-12,209.9799957,174.220459,210.6300049,208.6199951,119727600,13.85999966,90.5,49.40124893,105.75,81.6632309,24.85000038,20.75970459
2015-05-13,210.0200043,174.2536926,211.2200012,209.7400055,94667900,13.76000023,90.37000275,49.33028793,105.6100006,81.55513,24.62999916,20.5759182
2015-05-14,212.2100067,176.0706787,212.3200073,210.9100037,95934000,12.73999977,90.80999756,49.57048416,105.9700012,81.83309937,24.54999924,20.50908089
2015-05-15,212.4400024,176.2615204,212.6100006,211.8600006,76510100,12.38000011,91.01000214,49.67963409,106.7300034,82.42002106,24.51000023,20.47566986
2015-05-18,213.1000061,176.8091125,213.3999939,212.1600037,74549700,12.72999954,90.86000061,49.59780502,106.0100021,81.86396027,24.75,20.67616463
2015-05-19,213.0299988,176.7510223,213.5700073,212.6900024,72114600,12.85000038,90.72000122,49.52136612,105.5400009,81.50106049,25.04000092,20.91842842
2015-05-20,212.8800049,176.6265717,213.7799988,212.5,76857500,12.88000011,90.61000061,49.46134567,105.7699966,81.67866516,25.09000015,20.96020126
2015-05-21,213.5,177.1409912,213.75,212.5099945,64764600,12.10999966,90.73999786,49.53229904,106.4000015,82.16518402,25.04999924,20.92678452
2015-05-22,212.9900055,176.717865,213.5399933,212.9100037,57433500,12.13000011,90.80999756,49.57048416,106.1600037,81.9798584,25.28000069,21.118927
2015-05-26,210.6999969,174.8178253,212.9100037,210.1999969,124308600,14.06000042,90.62000275,49.46678925,106.8199997,82.4895401,25.55999947,21.35283852
2015-05-27,212.6999969,176.4771881,212.9799957,210.7599945,93214000,13.27000046,90.81999969,49.57594681,106.7600021,82.4431839,25.56999969,21.3611927
2015-05-28,212.4600067,176.2781219,212.5899963,211.6300049,74974600,13.31000042,90.77999878,49.55411911,106.8600006,82.52043915,25.5,21.3027153
2015-05-29,211.1399994,175.1828766,212.4299927,210.8200073,124919600,13.84000015,90.91000366,49.62507248,106.9199982,82.5667572,25.45999908,21.26929665
2015-06-01,211.5700073,175.5396423,212.3399963,210.6199951,93338800,13.97000027,90.66000366,49.70843124,106.2799988,82.20241547,25.61000061,21.39461136
2015-06-02,211.3600006,175.365448,212.1900024,210.2700043,91531000,14.23999977,90.48999786,49.61523438,105.5400009,81.63008118,25.21999931,21.06880188
2015-06-03,211.9199982,175.8300629,212.6699982,211.3300018,87820900,13.65999985,90,49.34658051,104.6399994,80.93399048,25.04999924,20.92678452
2015-06-04,210.1300049,174.3449249,211.8600006,209.75,151882800,14.71000004,89.70999908,49.18754959,105.1500015,81.32846832,25.07999992,20.95184517
2015-06-05,209.7700043,174.0462036,210.5800018,208.9799957,121704700,14.21000004,89.44000244,49.03948975,104.3899994,80.74059296,25.29999924,21.13563347
2015-06-08,208.4799957,172.9758606,209.8200073,208.3899994,89063300,15.28999996,89.44000244,49.03948975,104.5400009,80.85660553,25.01000023,20.89336777
2015-06-09,208.4499969,172.9509888,209.1000061,207.6900024,105034700,14.47000027,89.29000092,48.9572525,104.1999969,80.59364319,24.97999954,20.86830711
2015-06-10,210.9499969,175.025238,211.4100037,209.3000031,134551300,13.22000027,89.41000366,49.0230484,103.8000031,80.28427124,24.84000015,20.7513485
2015-06-11,211.6300049,175.589447,212.0899963,211.1999969,73876400,12.85000038,89.58999634,49.12175751,104.6200027,80.91848755,24.90999985,20.8098278
2015-06-12,210.0099945,174.2453766,211.4799957,209.6799927,135382400,13.77999973,89.26000214,48.94080353,104.5599976,80.87211609,24.88999939,20.79312325
2015-06-15,209.1100006,173.4986115,209.4499969,207.7899933,124384200,15.39000034,88.83999634,48.71051788,104.8099976,81.06547546,24.87000084,20.77641487
2015-06-16,210.25,174.4444733,210.3500061,208.7200012,85308200,14.81000042,89.33999634,48.98465729,105.2099991,81.37485504,24.92000008,20.8181839
2015-06-17,210.5899963,174.7265625,211.3200073,209.3600006,126708600,14.5,89.26000214,48.94080353,105.2699966,81.42126465,24.70000076,20.63439751
2015-06-18,212.7799988,176.5436096,213.3399963,210.6300049,165867900,13.18999958,89.58999634,49.12175751,105.1900024,81.35942841,24.62000084,20.5675621
2015-06-19,210.8099976,175.7598267,211.5500031,210.3600006,130478700,13.96000004,89.63999939,49.14916992,105.75,81.79251099,24.68000031,20.61768723
2015-06-22,211.8899994,176.6603241,212.5899963,211.6399994,70696000,12.73999977,89.81999969,49.24786377,104.8600006,81.10411072,24.72999954,20.65945625
2015-06-23,212.0399933,176.7853394,212.4400024,211.5700073,68476800,12.10999966,89.76000214,49.21495438,104.5400009,80.85660553,25.02000046,20.90172195
2015-06-24,210.5,175.5013885,212.1699982,210.4700012,92307300,13.26000023,89.51999664,49.08334351,104.8499985,81.09638977,24.96999931,20.85995293
2015-06-25,209.8600006,174.9678802,211.25,209.7700043,97107400,14.01000023,89.25,48.93532562,104.5899963,80.89533234,24.93000031,20.82653618
2015-06-26,209.8200073,174.934494,210.5800018,209.1600037,104174800,14.02000046,88.98999786,48.79277802,104.0899963,80.50856781,25,20.88501549
2015-06-29,205.4199982,171.2660217,209.8300018,205.3300018,202621300,18.85000038,88.37999725,48.45828629,105.3000031,81.44450378,24.86000061,20.76805687
2015-06-30,205.8500061,171.624588,207.3200073,205.2799988,182925100,18.22999954,88.80000305,48.688591,105.0100021,81.22016144,25.03000069,20.91007614
2015-07-01,207.5,173.0001831,208.0299988,206.5599976,135979900,16.09000015,88.41999817,48.69684219,104.3000031,80.79567719,25.22999954,21.07715607
2015-07-02,207.3099976,172.8418274,208.2700043,206.8099976,104373700,16.79000092,88.75,48.87862396,104.6699982,81.08227539,25.17000008,21.02703476
2015-07-06,206.7200012,172.3498535,207.6499939,205.5299988,117975400,17.01000023,88.45999908,48.71889496,105.4100037,81.65548706,25.21999931,21.06880188
2015-07-07,208.0200043,173.4337769,208.1699982,204.1100006,173820200,16.09000015,88.52999878,48.75741196,105.6900024,81.87245178,25.29999924,21.13563347
2015-07-08,204.5299988,170.5240479,206.7599945,204.25,164020100,19.65999985,88.08999634,48.51513672,106.1100006,82.19776154,25.20000076,21.05209541
2015-07-09,204.8999939,170.8324738,207.3500061,204.7700043,144113100,19.96999931,88.29000092,48.62528229,105.3700027,81.62451935,25.28000069,21.118927
2015-07-10,207.4799957,172.9835052,207.9799957,204.9499969,129456900,16.82999992,88.80000305,48.90614319,104.6399994,81.05902863,25.10000038,20.96855545
2015-07-13,209.7700043,174.8928223,209.8999939,208.9400024,106069400,13.89999962,88.87999725,48.95021439,104.3600006,80.84213257,25.35000038,21.1774044
2015-07-14,210.6799927,175.651474,211.0500031,209.6499939,81709600,13.36999989,88.79000092,48.90066147,104.6900024,81.09775543,25.30999947,21.14398956
2015-07-15,210.6100006,175.5931396,211.2799988,210.0399933,97914100,13.22999954,88.79000092,48.90066147,105.0899963,81.40761566,25.42000008,21.23588371
2015-07-16,212.3000031,177.0021973,212.3000031,211.5800018,106683300,12.10999966,88.93000031,48.97771835,105.0500031,81.37665558,25.55999947,21.35283852
2015-07-17,212.4799957,177.1522522,212.5500031,211.8000031,89030000,11.94999981,88.69000244,48.84555435,105.0599976,81.38435364,25.62000084,21.40296364
2015-07-20,212.5899963,177.2438965,213.1799927,212.2100067,70446800,12.25,88.27999878,48.61970139,104.8499985,81.22173309,25.62999916,21.41131592
2015-07-21,211.75,176.5435791,212.7400055,211.3899994,77965000,12.22000027,88.12000275,48.5316391,105.1399994,81.44637299,25.45000076,21.26094437
2015-07-22,211.3699951,176.2267456,211.7700043,210.8899994,88667900,12.11999989,87.55000305,48.21771622,105.2699966,81.54704285,25.51000023,21.31106949
2015-07-23,210.1799927,175.2346802,211.6499939,209.75,90509100,12.64000034,87.5,48.19015121,105.6999969,81.8801651,25.40999985,21.22752953
2015-07-24,208,173.4170227,210.3699951,207.6000061,117755000,13.73999977,87.25,48.0524826,105.8000031,81.9575882,25.45000076,21.26094437
2015-07-27,206.7899933,172.4082794,207.5500031,206.2599945,132361100,15.60000038,86.87999725,47.84866714,106.1500015,82.22875214,25.25,21.09386444
2015-07-28,209.3300018,174.5259247,209.5,206.8000031,123544800,13.43999958,87.34999847,48.10754395,105.8499985,81.99630737,25.27000046,21.11057281
2015-07-29,210.7700043,175.726532,211.0399933,209.3099976,105791300,12.5,87.86000061,48.38844681,105.6999969,81.8801651,25.40999985,21.22752953
2015-07-30,210.8200073,175.7682495,211.0200043,209.4199982,91304400,12.13000011,88.12000275,48.5316391,105.8199997,81.97312164,25.51000023,21.31106949
2015-07-31,210.5,175.5013885,211.4499969,210.1600037,103266900,12.11999989,87.97000122,48.4490242,106.4400024,82.45340729,25.43000031,21.2442379
2015-08-03,209.7899933,174.9094086,210.5299988,208.6499939,113965700,12.56000042,87.41000366,48.35829544,106.5999985,82.70476532,25.48999977,21.29436111
2015-08-04,209.3800049,174.5676422,210.25,208.8000031,81820800,13,87.45999908,48.385952,106.0500031,82.27805328,25.62000084,21.40296364
2015-08-05,210.0700073,175.1429138,211.3099976,209.7299957,85786800,12.51000023,87.33999634,48.31955338,105.6399994,81.95996094,25.61000061,21.39461136
2015-08-06,208.3500061,173.7088928,210.4199982,207.6499939,116030800,13.77000046,86.98000336,48.12038803,106.0100021,82.24700928,25.55999947,21.35283852
2015-08-07,207.9499969,173.3753815,208.3399963,206.8699951,117858000,13.39000034,86.70999908,47.97103119,106.4300003,82.57286835,25.52000046,21.31942368
2015-08-10,210.5700073,175.5597992,210.6699982,209.2799988,80270700,12.22999954,86.95999908,48.10931015,105.9899979,82.23149872,25.39999962,21.21917343
2015-08-11,208.6699982,173.9756622,209.4700012,207.7599945,126081400,13.71000004,86.55999756,47.88805389,106.6900024,82.77458954,25.39999962,21.21917343
2015-08-12,208.9199982,174.1841431,209.1399994,205.3600006,172123700,13.60999966,86.44000244,47.82162857,106.6500015,82.74357605,25.12999916,20.9936142
2015-08-13,208.6600037,173.9673309,209.5500031,208.0099945,89383300,13.48999977,86.33000183,47.76078415,106.3700027,82.52629852,25.17000008,21.02703476
2015-08-14,209.4199982,174.6009674,209.5099945,208.2599945,72786500,12.82999992,86.37999725,47.78843307,106.2600021,82.44100952,25.23999977,21.08550835
2015-08-17,210.5899963,175.5764618,210.5899963,208.1600037,79072600,13.02000046,86.37999725,47.78843307,106.4499969,82.58838654,25.28000069,21.118927
2015-08-18,209.9799957,175.0678864,210.6799927,209.6999969,71692700,13.78999996,86.26999664,47.7276001,106.2799988,82.45648956,25.34000015,21.16905212
2015-08-19,208.3200073,173.6839142,210.0099945,207.3500061,172946000,15.25,86.19000244,47.68331909,106.9300003,82.96078491,25.18000031,21.03538895
2015-08-20,203.9700012,170.0571136,208.2899933,203.8999939,194327900,19.13999939,85.76999664,47.45097733,107.2200012,83.18579102,25.04000092,20.91842842
2015-08-21,197.8300018,164.9380035,203.9400024,197.5200043,346588500,28.03000069,85.45999908,47.27947998,107.6500015,83.51942444,24.79999924,20.71793556
2015-08-24,189.5,157.9929504,197.4799957,182.3999939,507244300,40.74000168,84.76000214,46.89223862,107.8300018,83.65904999,24.38999939,20.37541962
2015-08-25,187.2700043,156.133728,195.4499969,186.9199982,369833100,36.02000046,84.93000031,46.98626709,107.2399979,83.20133209,24.55999947,20.51743698
2015-08-26,194.4600067,162.1282654,194.7899933,188.3699951,339257000,30.31999969,85.63999939,47.37905502,106.5800018,82.68923187,24.86000061,20.76805687
2015-08-27,199.2700043,166.1385803,199.4199982,195.2100067,274143900,26.10000038,86.27999878,47.73315048,106.5199966,82.64268494,25.02000046,20.90172195
2015-08-28,199.2799988,166.1469116,199.8399963,197.9199982,160414400,26.04999924,86.36000061,47.77739716,106.5400009,82.65823364,25.10000038,20.96855545
2015-08-31,197.6699982,164.8045349,199.1300049,197.0099945,163298800,28.43000031,86.23999786,47.71099091,106.3600006,82.51854706,25.05999947,20.9351368
2015-09-01,191.7700043,159.8855591,194.7700043,190.7299957,256000400,31.39999962,85.58000183,47.55709076,106.6699982,82.88921356,24.90999985,20.8098278
2015-09-02,195.4100037,162.9203796,195.4600067,192.4199982,160269300,26.09000015,85.93000031,47.7515831,106.3799973,82.66389465,25.04000092,20.91842842
2015-09-03,195.5500031,163.0370789,198.0500031,194.9600067,152087800,25.61000061,86.05000305,47.81824112,106.6399994,82.86590576,25.15999985,21.01867867
2015-09-04,192.5899963,160.5692139,193.8600006,191.6100006,207081000,27.79999924,85.95999908,47.76826096,106.9700012,83.12232208,25.12999916,20.9936142
2015-09-08,197.4299927,164.6044922,197.6100006,195.1699982,116025700,24.89999962,86.43000031,48.02943039,106.5,82.75712585,25.04000092,20.91842842
2015-09-09,194.7899933,162.4033813,199.4700012,194.3500061,149347700,26.22999954,86.31999969,47.96830368,106.5400009,82.78823853,25.04000092,20.91842842
2015-09-10,195.8500061,163.2872314,197.2200012,194.25,158611100,24.37000084,86.52999878,48.08499146,106.3000031,82.60170746,24.94000053,20.83489227
2015-09-11,196.7400055,164.0292206,196.8200073,194.5299988,119691200,23.20000076,86.5,48.06829453,106.5800018,82.81926727,24.82999992,20.74299622
2015-09-14,196.0099945,163.4205933,197.0099945,195.4299927,79452000,24.25,86.34999847,47.98494339,106.6800003,82.89702606,24.84000015,20.7513485
2015-09-15,198.4600067,165.4632568,198.9900055,195.9600067,113806200,22.54000092,86.33000183,47.97383881,105.8399963,82.24424744,24.94000053,20.83489227
2015-09-16,200.1799927,166.8972473,200.4100037,198.4100037,99581600,21.35000038,86.01999664,47.80157852,105.8099976,82.22096252,24.87000084,20.77641487
2015-09-17,199.7299957,166.5220947,202.8899994,199.2799988,276046600,21.13999939,86.08999634,47.84047318,106.6900024,82.90474701,24.61000061,20.55920792
2015-09-18,195.4499969,163.8008881,198.6799927,194.9600067,223657500,22.28000069,85.84999847,47.70711517,107.1900024,83.29328156,24.86000061,20.76805687
2015-09-21,196.4600067,164.6473541,197.6799927,195.2100067,105726200,20.13999939,85.69000244,47.61818695,106.5800018,82.81926727,25.01000023,20.89336777
2015-09-22,193.9100037,162.5102081,194.4600067,192.5599976,153890900,22.44000053,85.06999969,47.27365875,107.1100006,83.23114014,25.12000084,20.98526573
2015-09-23,193.6000061,162.2504272,194.6699982,192.9100037,92790600,22.12999916,84.91999817,47.19031525,106.9899979,83.13788605,25.12000084,20.98526573
2015-09-24,192.8999939,161.6638184,193.4499969,190.5599976,159378800,23.46999931,84.5,46.95693588,107.1500015,83.26221466,25.04000092,20.91842842
2015-09-25,192.8500061,161.6219177,195,191.8099976,155054800,23.62000084,84.06999969,46.71794891,106.8700027,83.04463196,25.07999992,20.95184517
2015-09-28,188.0099945,157.5655975,191.9100037,187.6399994,178515900,27.62999916,82.77999878,46.00110626,107.4800034,83.51866913,25.04999924,20.92678452
2015-09-29,188.1199951,157.6577911,189.7400055,186.9299927,159045600,26.82999992,82.76999664,45.99552917,107.8499985,83.8061676,25.01000023,20.89336777
2015-09-30,191.6300049,160.5994568,191.8300018,189.4400024,163452000,24.5,83.29000092,46.28449631,107.8700027,83.82164001,25.10000038,20.96855545
2015-10-01,192.1300049,161.0184784,192.4900055,189.8200073,131079000,22.54999924,82.36000061,45.98747635,107.7900009,83.88709259,25.09000015,20.96020126
2015-10-02,195,163.4237366,195.0299988,189.1199951,211003300,20.94000053,82.44000244,46.03212357,108.3099976,84.29174805,25.03000069,20.91007614
2015-10-05,198.4700012,166.3318024,198.7400055,196.3300018,126320800,19.54000092,83.43000031,46.58491516,107.7099991,83.82481384,25.04000092,20.91842842
2015-10-06,197.7899933,165.7619934,198.9799957,197,110274500,19.39999962,83.88999939,46.84175873,107.9300003,83.99600983,24.87000084,20.77641487
2015-10-07,199.4100037,167.1195831,199.8300018,197.4799957,124307300,18.39999962,84.75,47.32195282,107.6600037,83.78591919,24.89999962,20.80147552
2015-10-08,201.2100067,168.6281738,201.5500031,198.5899963,153055200,17.42000008,85.09999847,47.5173912,107.3799973,83.56801605,24.84000015,20.7513485
2015-10-09,201.3300018,168.7287292,201.8999939,200.5800018,107069200,17.07999992,85.11000061,47.522995,107.4400024,83.61468506,24.71999931,20.65110207
2015-10-12,201.5200043,168.8879852,201.7599945,200.9100037,56395600,16.17000008,84.94999695,47.43361282,107.8000031,83.89485931,24.70000076,20.63439751
2015-10-13,200.25,167.8235779,202.1600037,200.0500031,88038700,17.67000008,84.75,47.32195282,107.9000015,83.9726944,24.65999985,20.60097694
2015-10-14,199.2899933,167.0190735,200.8699951,198.9400024,99106200,18.03000069,84.69000244,47.28847504,108.4899979,84.43188477,24.45000076,20.42554665
2015-10-15,202.3500061,169.5835876,202.3600006,199.6399994,134142200,16.04999924,84.88999939,47.40014267,108.1200027,84.14389801,24.61000061,20.55920792
2015-10-16,203.2700043,170.3545532,203.2899933,201.9199982,114580100,15.05000019,85.27999878,47.61790466,108.0299988,84.07385254,24.64999962,20.59262276
2015-10-19,203.3699951,170.438385,203.3699951,202.1300049,76523900,14.97999954,85.51000214,47.74634933,107.9800034,84.03494263,24.71999931,20.65110207
2015-10-20,203.1100006,170.220459,203.8399963,202.5500031,78448500,15.75,85.58999634,47.79100418,107.6100006,83.7469635,24.70000076,20.63439751
2015-10-21,201.8500061,169.1645355,203.7899933,201.6499939,102038000,16.70000076,85.5,47.74075317,107.9800034,84.03494263,24.72999954,20.65945625
2015-10-22,205.2599945,172.0223236,205.5099945,201.8500061,174911700,14.44999981,85.52999878,47.75748825,108.0899963,84.12050629,25.09000015,20.96020126
2015-10-23,207.5099945,173.907959,207.9499969,206.3000031,144442300,14.46000004,85.83000183,47.92501831,107.4800034,83.64581299,25.29999924,21.13563347
2015-10-26,207,173.4805908,207.3699951,206.5599976,69033000,15.28999996,85.73999786,47.87474823,107.7600021,83.86373138,25.21999931,21.06880188
2015-10-27,206.6000061,173.14534,207,205.7899933,77905800,15.43000031,85.45999908,47.71842575,108.0299988,84.07385254,25.23999977,21.08550835
2015-10-28,208.9499969,175.1148682,208.9799957,206.2100067,135906700,14.32999992,85.69000244,47.84684753,107.4700012,83.63804626,25.45000076,21.26094437
2015-10-29,208.8300018,175.0142517,209.2700043,208.2100067,90525500,14.60999966,85.47000122,47.72400284,106.8099976,83.12436676,25.34000015,21.16905212
2015-10-30,207.9299927,174.2599945,209.4400024,207.7400055,131076900,15.06999969,85.56999969,47.77984619,107.0199966,83.2878418,25.25,21.09386444
2015-11-02,210.3899994,176.3216248,210.6199951,208.1699982,86270800,14.14999962,85.44000244,47.92792892,106.5500031,83.04854584,25.22999954,21.07715607
2015-11-03,211,176.8328705,211.6600037,209.6999969,95246100,14.53999996,85.52999878,47.97838974,106.2699966,82.83030701,25.29999924,21.13563347
2015-11-04,210.3600006,176.2965393,211.5,209.7200012,96224500,15.51000023,85.27999878,47.83815384,106.1600037,82.74456787,25.51000023,21.31106949
2015-11-05,210.1499939,176.1204834,210.9799957,209.0899963,78408700,15.05000019,84.94999695,47.65303802,106.0899963,82.69000244,25.53000069,21.32777596
2015-11-06,210.0399933,176.0282898,210.3200073,208.4600067,110471500,14.32999992,84.54000092,47.42305374,105.3700027,82.12879944,25.82999992,21.57839775
2015-11-09,208.0800018,174.3856812,209.4900055,206.9499969,131008700,16.52000046,84.19000244,47.22675705,105.1900024,81.98853302,25.78000069,21.53662872
2015-11-10,208.5599976,174.7880096,208.6000061,207.1900024,75874600,15.28999996,84,47.12014389,105.3899994,82.14438629,25.85000038,21.59510422
2015-11-11,207.7400055,174.1007843,208.9400024,207.6600037,67846000,16.05999947,83.80000305,47.00795746,105.3399963,82.1054306,25.78000069,21.53662872
2015-11-12,204.8399963,171.6703339,207.0599976,204.8200073,121315200,18.37000084,83.23999786,46.69380951,105.4000015,82.15221405,25.67000008,21.44473267
2015-11-13,202.5399933,169.7427979,204.6699982,202.4400024,153577100,20.07999992,83,46.55918121,105.8000031,82.46394348,25.76000023,21.51991844
2015-11-16,205.6199951,172.3240509,205.6900024,202.1799927,117645200,18.15999985,83.38999939,46.77797318,105.9400024,82.57308197,25.89999962,21.63687515
2015-11-17,205.4700012,172.198349,207.0399933,204.8800049,121123700,18.84000015,83.44999695,46.81161118,105.9100037,82.54972839,25.94000053,21.67028999
2015-11-18,208.7299957,174.9304352,208.8999939,205.9900055,121342500,16.85000038,83.61000061,46.90138245,105.8600006,82.51074982,25.94000053,21.67028999
2015-11-19,208.5500031,174.7796021,209.0500031,208.1999969,88220500,16.98999977,82.86000061,46.48066711,106.0899963,82.69000244,25.76000023,21.51991844
2015-11-20,209.3099976,175.4165497,210.1199951,208.8600006,94011500,15.47000027,82.83999634,46.4694519,105.9499969,82.58090973,25.94000053,21.67028999
2015-11-23,209.0700073,175.2153778,209.9799957,208.5200043,64931200,15.61999989,82.76999664,46.43017197,106.0899963,82.69000244,25.97999954,21.70370865
2015-11-24,209.3500061,175.4500732,209.8300018,207.4100037,98874400,15.93000031,82.87999725,46.49188995,106.1900024,82.76791382,25.93000031,21.66193771
2015-11-25,209.3200073,175.4249115,209.7400055,209.0099945,51980100,15.18999958,82.97000122,46.54237747,106.25,82.81473541,25.97999954,21.70370865
2015-11-27,209.5599976,175.6260071,209.8000031,208.8600006,37317800,15.11999989,83.09999847,46.61528778,106.3600006,82.90045929,26.02000046,21.73712349
2015-11-30,208.6900024,174.8969421,209.8899994,208.5599976,112822700,16.12999916,83.05000305,46.58724213,106.4000015,82.93161011,26.07999992,21.78724861
2015-12-01,210.6799927,176.564682,210.8200073,209.1100006,97858400,14.67000008,83.23999786,46.91867065,106.8000031,83.37268066,25.95999908,21.68699837
2015-12-02,208.5299988,174.7628784,211,208.2299957,108441300,15.90999985,83.06999969,46.82283783,106.5,83.13850403,26.02000046,21.73712349
2015-12-03,205.6100006,172.3156433,209.1499939,204.75,166224200,18.11000061,82.84999847,46.69882965,105.3799973,82.26417542,25.39999962,21.21917343
2015-12-04,209.6199951,175.6763611,209.9700012,205.6100006,192913900,14.81000042,82.66000366,46.59174347,105.7699966,82.56865692,25.57999992,21.36954689
2015-12-07,208.3500061,174.6119537,209.7299957,207.1999969,102027100,15.84000015,82.08000183,46.26483917,106.1100006,82.83406067,25.65999985,21.43638039
2015-12-08,206.9499969,173.4386902,208.2899933,205.7799988,103372400,17.60000038,81.05999756,45.68989563,106.1699982,82.88087463,25.57999992,21.36954689
2015-12-09,205.3399963,172.0893555,208.6799927,204.1799927,162401500,19.61000061,81.48000336,45.92663956,106.3300018,83.00582123,25.30999947,21.14398956
2015-12-10,205.8699951,172.5335693,207.4299927,205.1399994,116128900,19.34000015,81.13999939,45.73498917,106.0999985,82.82622528,25.45000076,21.26094437
2015-12-11,201.8800049,169.1896362,204.1399994,201.5099945,211173300,24.38999939,79.51999664,44.82187271,106.9499969,83.48977661,25.35000038,21.1774044
2015-12-14,202.8999939,170.0445099,203.0500031,199.9499969,182385200,22.72999954,78.83000183,44.43294525,106.1600037,82.87307739,25.39999962,21.21917343
2015-12-15,205.0299988,171.8296051,206.1100006,202.8699951,154069600,20.95000076,80.12000275,45.16007614,105.8899994,82.66230011,25.54000092,21.33613205
2015-12-16,208.0299988,174.3438416,208.3899994,204.8000031,197017000,17.86000061,80.73000336,45.50386047,105.6100006,82.4437027,25.54000092,21.33613205
2015-12-17,204.8600006,171.6871185,208.4799957,204.8399963,173092500,18.94000053,79.83000183,44.99658203,106.0500031,82.78722382,25.78000069,21.53662872
2015-12-18,200.0200043,168.6285095,202.9299927,199.8300018,251393500,20.70000076,79.52999878,44.82750702,106.4300003,83.0838623,25.62999916,21.41131592
2015-12-21,201.6699982,170.0195312,201.8800049,200.0899963,99094300,18.70000076,79.27999878,44.68661118,106.4800034,83.12287903,25.54000092,21.33613205
2015-12-22,203.5,171.5623169,203.8500061,201.5500031,111026200,16.60000038,80.23999786,45.22769928,106.1800003,82.8886795,25.5,21.3027153
2015-12-23,206.0200043,173.6868591,206.0700073,204.5800018,110987200,15.56999969,80.75,45.51515198,105.9400024,82.70133209,25.54000092,21.33613205
2015-12-24,205.6799927,173.4002075,206.3300018,205.4199982,48539600,15.73999977,80.48999786,45.60811234,105.9700012,82.85299683,25.47999954,21.28600693
2015-12-28,205.2100067,173.0039062,205.2599945,203.9400024,65899900,16.90999985,80.01000214,45.33611679,105.9899979,82.86864471,25.45000076,21.26094437
2015-12-29,207.3999939,174.8501892,207.7899933,206.4700012,92640700,16.07999992,80.47000122,45.59676361,105.4300003,82.43083191,25.52000046,21.31942368
2015-12-30,205.9299927,173.6109924,207.2100067,205.7599945,63317700,17.29000092,80.52999878,45.63076019,105.4700012,82.46213531,25.52000046,21.31942368
2015-12-31,203.8699951,171.8743134,205.8899994,203.8699951,114877900,18.20999908,80.58000183,45.65912247,105.5899963,82.55591583,25.64999962,21.42802429
2016-01-04,201.0200043,169.4715729,201.0299988,198.5899963,222353500,20.70000076,80.09999847,45.38710785,106.0400009,82.9077301,25.69000053,21.46144104
2016-01-05,201.3600006,169.7581482,201.8999939,200.0500031,110845800,19.34000015,80.25,45.47210693,106.0100021,82.88424683,25.84000015,21.58675194
2016-01-06,198.8200073,167.6168213,200.0599976,197.6000061,152112600,20.59000015,80.25,45.47210693,106.6500015,83.38468933,25.77000046,21.52827072
2016-01-07,194.0500031,163.5954132,197.4400024,193.5899963,213436100,24.98999977,79.73000336,45.17744446,106.8799973,83.56450653,25.51000023,21.31106949
2016-01-08,191.9199982,161.7997131,195.8500061,191.5800018,209817200,27.01000023,79.51999664,45.05844879,107.1500015,83.77557373,25.55999947,21.35283852
2016-01-11,192.1100006,161.9598846,193.4100037,189.8200073,187941300,24.29999924,79.40000153,44.99048233,106.8099976,83.509758,25.68000031,21.45308876
2016-01-12,193.6600037,163.2666626,194.5500031,191.1399994,172330500,22.46999931,79.48000336,45.0357933,107.2900009,83.88504028,25.71999931,21.48649979
2016-01-13,188.8300018,159.1946869,194.8600006,188.3800049,221168900,25.21999931,78.59999847,44.53717041,107.7099991,84.21343231,25.68000031,21.45308876
2016-01-14,191.9299927,161.8081512,193.2599945,187.6600037,240795600,23.95000076,78.94999695,44.73547745,107.4899979,84.04142761,25.75,21.51156235
2016-01-15,187.8099976,158.3347321,188.7599945,185.5200043,324846400,27.02000046,77.91000366,44.14619064,107.9899979,84.43238068,25.69000053,21.46144104
2016-01-19,188.0599976,158.545578,190.1100006,186.1999969,195244400,26.04999924,77.63999939,43.99319458,107.8499985,84.32289124,25.73999977,21.50321198
2016-01-20,185.6499939,156.5137787,187.5,181.0200043,286547800,27.59000015,77.12000275,43.69857788,108.3799973,84.73730469,25.75,21.51156235
2016-01-21,186.6900024,157.3905792,188.8699951,184.6399994,195772900,26.69000053,77.63999939,43.99319458,108.1100006,84.52616119,25.71999931,21.48649979
2016-01-22,190.5200043,160.6194611,190.7599945,188.8800049,168319600,22.34000015,78.83000183,44.66749573,107.8700027,84.33856201,25.86000061,21.60346031
2016-01-25,187.6399994,158.1914215,190.1499939,187.4100037,130371700,24.14999962,78.05000305,44.22551346,108.2300034,84.62004089,25.78000069,21.53662872
2016-01-26,190.1999969,160.3496399,190.5299988,188.0200043,141036800,22.5,78.75,44.62214279,108.3099976,84.68257141,25.72999954,21.49485588
2016-01-27,188.1300049,158.6045227,191.5599976,187.0599976,185681700,23.11000061,78.62999725,44.55415344,108.3899994,84.74510193,25.70999908,21.47814751
2016-01-28,189.1100006,159.4307251,190.1999969,187.1600037,143798800,22.42000008,79.02999878,44.78079987,108.5299988,84.85459137,25.59000015,21.37790108
2016-01-29,193.7200012,163.3172302,193.8800049,189.8800049,210529300,20.20000076,79.29000092,44.92815781,109.1100006,85.30799103,25.86000061,21.60346031
2016-02-01,193.6499939,163.2582245,194.5800018,191.8399963,136061600,19.97999954,78.43000031,44.66109848,108.6999969,85.11147308,25.69000053,21.46144104
2016-02-02,190.1600037,160.315918,191.9700012,189.5399933,182564900,21.97999954,77.87000275,44.34217834,109.4700012,85.71439362,25.67000008,21.44473267
2016-02-03,191.3000031,161.2770386,191.7799988,187.1000061,205054900,21.64999962,78.25,44.55856705,109.3499985,85.62044525,25.22999954,21.07715607
2016-02-04,191.6000061,161.5299225,192.75,189.9600067,139531800,21.84000015,78,44.41619492,109.6100006,85.82403564,25.05999947,20.9351368
2016-02-05,187.9499969,158.452774,191.6699982,187.1999969,180788300,23.37999916,77.40000153,44.07453918,109.75,85.93365479,25.17000008,21.02703476
2016-02-08,185.4199982,156.3198547,186.1199951,182.8000031,191526700,26,76.5,43.56207657,110.5699997,86.57572174,25.11000061,20.97690964
2016-02-09,185.4299927,156.3282623,186.9400024,183.1999969,184513100,26.54000092,76.20999908,43.39691544,110.5899963,86.59136963,24.93000031,20.82653618
2016-02-10,185.2700043,156.1934204,188.3399963,185.1199951,148214100,26.29000092,76.09999847,43.33427429,110.9199982,86.84971619,24.87999916,20.78476524
2016-02-11,182.8600006,154.1616058,184.1000061,181.0899963,219058900,28.13999939,75.58999634,43.04386902,111.4300003,87.24906921,24.80999947,20.72628784
2016-02-12,186.6300049,157.33992,186.6499939,183.9600067,127632400,25.39999962,76.72000122,43.68733597,110.5800018,86.58349609,24.92000008,20.8181839
2016-02-16,189.7799988,159.9955902,189.8099976,187.6300049,120250700,24.11000061,76.79000092,43.7271843,110.25,86.32516479,25.13999939,21.00196838
2016-02-17,192.8800049,162.6090698,193.3200073,191.0099945,136009500,22.30999947,77.41999817,44.08594894,109.9800034,86.11375427,25.12999916,20.9936142
2016-02-18,192.0899963,161.9430542,193.2700043,191.7200012,102343000,21.63999939,77.48999786,44.12577057,110.4899979,86.51303864,25.13999939,21.00196838
2016-02-19,192,161.8671265,192.1799927,190.4499969,114793000,20.53000069,77.63999939,44.21121216,110.4899979,86.51303864,25.06999969,20.9434948
2016-02-22,194.7799988,164.2108612,194.9499969,193.7899933,103640300,19.37999916,78.30999756,44.59273148,110.3799973,86.42690277,25.26000023,21.10221672
2016-02-23,192.3200073,162.1369476,194.3200073,192.1799927,111455300,20.97999954,78.15000153,44.50162506,110.5999985,86.59920502,25.27000046,21.11057281
2016-02-24,193.1999969,162.8788757,193.5299988,189.3200073,150812200,20.71999931,78.27999878,44.57564545,110.5999985,86.59920502,25.29000092,21.1272831
2016-02-25,195.5399933,164.8515778,195.5500031,192.8300018,110728300,19.11000061,78.69999695,44.81483078,110.9300003,86.85756683,25.27000046,21.11057281
2016-02-26,195.0899963,164.4722443,196.6799927,194.8999939,129833700,19.80999947,79.23000336,45.1166153,110.3899994,86.43478394,25.44000053,21.25259399
2016-02-29,193.5599976,163.1823273,196.2299957,193.3300018,125918100,20.54999924,80.08000183,45.60065842,110.5699997,86.57572174,25.48999977,21.29436111
2016-03-01,198.1100006,167.01828,198.2100067,194.4499969,141799700,17.70000076,80.91999817,46.32133484,109.5500031,85.89899445,25.5,21.3027153
2016-03-02,199,167.7685547,199.0599976,197.25,102415000,17.09000015,80.37000275,46.00650787,109.3600006,85.75001526,25.47999954,21.28600693
2016-03-03,199.7799988,168.4261322,199.8000031,198.1100006,95172200,16.70000076,80.63999939,46.16108322,109.4899979,85.85196686,25.31999969,21.15234375
2016-03-04,200.4299927,168.9741364,201.3500061,199.0299988,129293600,16.86000061,80.87000275,46.29269028,109.1200027,85.56181335,25.25,21.09386444
2016-03-07,200.5899963,169.109024,201.0700073,199.25,100219000,17.35000038,80.97000122,46.34994125,108.9000015,85.38938141,25.20000076,21.05209541
2016-03-08,198.3999939,167.2627563,199.9199982,198.2100067,123974900,18.67000008,80.40000153,46.0236969,109.5299988,85.88334656,25.20999908,21.0604496
2016-03-09,199.3800049,168.0888977,199.7899933,198.4299927,94801200,18.34000015,80.59999847,46.13815689,109.0999985,85.54616547,25.21999931,21.06880188
2016-03-10,199.5399933,168.2237701,201.0700073,197.3800049,156838700,18.04999924,81.16000366,46.45869446,108.7099991,85.24035645,24.96999931,20.85995293
2016-03-11,202.7599945,170.9384766,202.8099976,199.5200043,137964500,16.5,82.13999939,47.01972198,108.4000015,84.99731445,24.95000076,20.84324455
2016-03-14,202.5,170.7192841,203.0399933,201.7700043,73612000,16.92000008,81.91000366,46.88805389,108.4800034,85.06001282,25.04999924,20.92678452
2016-03-15,202.1699982,170.4410858,202.5299988,201.0500031,93169100,16.84000015,81.15000153,46.45301056,108.4599991,85.04433441,25.06999969,20.9434948
2016-03-16,203.3399963,171.4274445,203.8200073,201.5500031,129303200,14.98999977,81.69000244,46.76210403,109.0299988,85.49126434,24.79999924,20.71793556
2016-03-17,204.6300049,172.5149841,205.2299957,202.7700043,134278500,14.43999958,82.20999908,47.05976868,109.1500015,85.58538818,24.57999992,20.53414917
2016-03-18,204.3800049,173.1928864,204.7799988,203.8000031,138372400,14.02000046,82.40000153,47.16854477,109.3399963,85.73434448,24.63999939,20.58426857
2016-03-21,204.6699982,173.4386597,204.9400024,203.8000031,72926700,13.78999996,82.30999756,47.1170311,109.0299988,85.49126434,24.71999931,20.65110207
2016-03-22,204.5599976,173.3454285,205.2299957,203.5700073,97471900,14.17000008,82.08999634,46.99110413,108.8000031,85.31095886,24.79000092,20.70957947
2016-03-23,203.2100067,172.2014313,204.3300018,203.0099945,81052500,14.93999958,81.70999908,46.7735672,109.3000031,85.7029953,24.92000008,20.8181839
2016-03-24,203.1199951,172.1251831,203.1600037,201.7400055,84360900,14.73999977,81.34999847,46.56748962,109.1900024,85.61672974,24.93000031,20.82653618
2016-03-28,203.2400055,172.2268677,203.8600006,202.7100067,62408200,15.23999977,80.98000336,46.35566711,109.3499985,85.7421875,24.87999916,20.78476524
2016-03-29,205.1199951,173.8199768,205.25,202.3999939,92922900,13.81999969,81.29000092,46.53313828,110.0899963,86.32242584,24.65999985,20.60097694
2016-03-30,206.0200043,174.5826569,206.8699951,205.5899963,86365300,13.56000042,81.58000183,46.6991272,109.9400024,86.20482635,24.57999992,20.53414917
2016-03-31,205.5200043,174.1589355,206.4100037,205.3300018,94584100,13.94999981,81.69000244,46.76210403,110.3399963,86.51844025,24.54000092,20.50073051
2016-04-01,206.9199982,175.3453217,207.1399994,203.9799957,114423500,13.10000038,81.37000275,46.79605103,110.1399994,86.4933548,24.53000069,20.49237633
2016-04-04,206.25,174.7775879,207.0700073,205.8899994,63497000,14.11999989,81.16999817,46.68103027,110.2699966,86.59542847,24.51000023,20.47566986
2016-04-05,204.1900024,173.0319214,206.2599945,203.8899994,99662200,15.42000008,80.87000275,46.5084877,110.7099991,86.94094086,24.53000069,20.49237633
2016-04-06,206.4199982,174.9216614,206.4900055,203.9799957,91839800,14.09000015,81.55000305,46.89955902,110.4700012,86.75247955,24.47999954,20.4506073
2016-04-07,203.9499969,172.8285217,205.5599976,203.0899963,113859000,16.15999985,81.15000153,46.66953659,111.0400009,87.2000885,24.51000023,20.47566986
2016-04-08,204.5,173.2945709,205.8500061,203.8699951,95040600,15.35999966,81.51999664,46.88231277,110.8700027,87.06661224,24.42000008,20.40048027
2016-04-11,204.0200043,172.8878784,206.0700073,203.9100037,83757500,16.26000023,81.62999725,46.94559479,110.8499985,87.05090332,24.36000061,20.35035896
2016-04-12,205.9199982,174.4979095,206.25,203.6999969,115350600,14.85000038,82.11000061,47.22161484,110.4100037,86.70536041,24.36000061,20.35035896
2016-04-13,208,176.2605438,208.1000061,206.8399963,96336400,13.84000015,82.65000153,47.53217316,110.4899979,86.76815796,24.54999924,20.50908089
2016-04-14,208.0099945,176.2689819,208.6000061,207.6000061,65212900,13.72000027,82.62000275,47.5149231,110.2300034,86.56400299,24.61000061,20.55920792
2016-04-15,207.7799988,176.0740662,208.1699982,207.3999939,75761600,13.61999989,82.48999786,47.44018936,110.5599976,86.82316589,24.54000092,20.50073051
2016-04-18,209.2400055,177.3113251,209.2799988,207,82531000,13.35000038,82.95999908,47.71047211,110.4499969,86.73675537,24.48999977,20.45896149
2016-04-19,209.8999939,177.8706055,210.1999969,208.9400024,88316100,13.23999977,83.30999756,47.91173172,110.2699966,86.59542847,24.37000084,20.35871124
2016-04-20,210.1000061,178.0400848,210.9199982,209.3899994,81100300,13.27999973,83.47000122,48.00374222,109.7099991,86.15565491,24.51000023,20.47566986
2016-04-21,208.9700012,177.0824738,210.25,208.6499939,85695000,13.94999981,83.20999908,47.85420609,109.5299988,86.01431274,24.51000023,20.47566986
2016-04-22,208.9700012,177.0824738,209.2899933,207.9100037,99251700,13.22000027,83.40000153,47.96350098,109.4100037,85.92006683,24.64999962,20.59262276
2016-04-25,208.6100006,176.77742,208.6600037,207.5399933,66166500,14.07999992,83.08000183,47.77947617,109.2900009,85.82578278,24.56999969,20.52579308
2016-04-26,208.9199982,177.0400848,209.5200043,208.3600006,75864200,13.96000004,83.36000061,47.94049072,109.0599976,85.64524078,24.5,20.46731377
2016-04-27,209.3500061,177.4045258,209.8099976,208.0500031,77329400,13.77000046,83.84999847,48.22229767,109.6600037,86.11637878,24.46999931,20.44225311
2016-04-28,207.4499969,175.7944336,209.7599945,206.9600067,97216200,15.22000027,83.70999908,48.14177704,110.0400009,86.41482544,24.27000046,20.27517509
2016-04-29,206.3300018,174.8453674,207.1300049,205.0299988,142424100,15.69999981,83.84999847,48.22229767,110,86.38337708,24.10000038,20.13315201
2016-05-02,207.9700012,176.2350922,208.1799927,206.4100037,62188000,14.68000031,83.5,48.24078369,109.5199966,86.13251495,24.01000023,20.05796814
2016-05-03,206.1600037,174.7012787,206.8000031,205.2799988,106422100,15.60000038,82.95999908,47.92882538,110.1699982,86.64369965,24.07999992,20.11644554
2016-05-04,205.0099945,173.7267914,205.8500061,204.4199982,92243800,16.04999924,82.65000153,47.7497139,110.3700027,86.80097961,24.17000008,20.19163132
2016-05-05,204.9700012,173.6928864,205.9799957,204.4700012,67619200,15.90999985,82.58000183,47.70926666,110.6699982,87.03697968,24.29000092,20.29188156
2016-05-06,205.7200012,174.3284149,205.7700043,203.8800049,89315000,14.72000027,82.52999878,47.68040848,110.4100037,86.83245087,24.31999969,20.31694031
2016-05-09,205.8899994,174.4724579,206.3999939,205.3600006,74374900,14.56999969,82.37999725,47.59371567,110.6200027,86.99762726,24.38999939,20.37541962
2016-05-10,208.4499969,176.6419067,208.4700012,206.6399994,77472200,13.63000011,83.08000183,47.99813843,110.5999985,86.98187256,24.40999985,20.39212608
2016-05-11,206.5,174.9894257,208.5399933,206.5,81727000,14.68999958,83.01999664,47.96347046,110.7699966,87.11556244,24.29000092,20.29188156
2016-05-12,206.5599976,175.0402527,207.4900055,205.3699951,89586300,14.40999985,83.15000153,48.03858948,110.4700012,86.8796463,24.37999916,20.36706734
2016-05-13,204.7599945,173.5149078,206.8600006,204.3800049,96474600,15.03999996,82.77999878,47.82483292,110.8899994,87.20994568,24.48999977,20.45896149
2016-05-16,206.7799988,175.2266693,207.3399963,204.8899994,77486800,14.68000031,83.23999786,48.09057617,110.4899979,86.8953476,24.47999954,20.4506073
2016-05-17,204.8500061,173.5912323,206.8000031,204.2299957,114924900,15.56999969,83.06999969,47.99234772,110.3399963,86.77738953,24.47999954,20.4506073
2016-05-18,204.9100037,173.6420593,206.3000031,203.6300049,120062100,15.94999981,83.08000183,47.99813843,109.4499969,86.0774765,24.64999962,20.59262276
2016-05-19,204.1999969,173.0403748,204.5399933,202.7799988,115430500,16.32999992,82.84999847,47.86526871,109.5599976,86.16398621,24.69000053,20.62604141
2016-05-20,205.4900055,174.1335754,206.1000061,204.8600006,104990400,15.19999981,83.13999939,48.03282928,109.6299973,86.2190094,24.69000053,20.62604141
2016-05-23,205.2100067,173.8962402,205.8399963,204.9900055,58682600,15.81999969,83.16000366,48.04435349,109.6999969,86.27404785,24.68000031,20.61768723
2016-05-24,207.8699951,176.1503754,208.2400055,206.1399994,93537800,14.42000008,83.66000366,48.33321381,109.5199966,86.13251495,24.76000023,20.68452072
2016-05-25,209.2799988,177.3452301,209.7700043,207.8699951,76621400,13.89999962,83.79000092,48.40832901,109.4700012,86.09319305,24.69000053,20.62604141
2016-05-26,209.3399963,177.3960266,209.7100067,208.9700012,55280700,13.43000031,83.55000305,48.26968765,109.8099976,86.36060333,24.64999962,20.59262276
2016-05-27,210.2400055,178.1587524,210.25,209.4700012,64211200,13.11999989,83.69000244,48.35055161,109.5999985,86.19541168,24.79000092,20.70957947
2016-05-31,209.8399963,177.8197784,210.6900024,209.1799927,109879400,14.18999958,83.61000061,48.30433273,109.7300034,86.29768372,24.84000015,20.7513485
2016-06-01,210.2700043,178.1841278,210.4799957,208.8899994,69936200,14.19999981,83.33999634,48.38097763,109.5299988,86.26855469,24.70000076,20.63439751
2016-06-02,210.9100037,178.7265167,210.9299927,209.2400055,63044700,13.63000011,83.36000061,48.3925705,109.8700027,86.53631592,24.72999954,20.65945625
2016-06-03,210.2799988,178.192627,210.6900024,208.8600006,101757100,13.47000027,83.51000214,48.47964859,110.8899994,87.33968353,24.34000015,20.33364868
2016-06-06,211.3500061,179.0993042,211.7700043,210.5099945,64887000,13.64999962,83.87999725,48.69443893,110.5999985,87.11128235,24.34000015,20.33364868
2016-06-07,211.6799927,179.378952,212.3399963,211.5,60974800,14.05000019,84.25,48.90921783,110.7600021,87.23727417,24.29999924,20.30023384
2016-06-08,212.3699951,179.9636383,212.5200043,211.6900024,66170900,14.07999992,84.56999969,49.09502029,110.8899994,87.33968353,24.22999954,20.24175453
2016-06-09,212.0800018,179.7179413,212.2200012,211.1900024,73786900,14.64000034,84.23999786,48.90345001,111.0599976,87.47361755,24.34000015,20.33364868
2016-06-10,210.0700073,178.0146637,210.8600006,209.4299927,113829200,17.03000069,83.83000183,48.66544724,111.4499969,87.78078461,24.5,20.46731377
2016-06-13,208.4499969,176.6419067,210.3699951,208.3500061,117751200,20.96999931,83.26999664,48.34034348,111.6699982,87.95401001,24.44000053,20.41719055
2016-06-14,208.0399933,176.2943726,208.7400055,206.9199982,125059300,20.5,82.98999786,48.17777634,111.6399994,87.93042755,24.59000015,20.54249763
2016-06-15,207.75,176.0486603,209.3600006,207.5299988,109124500,20.13999939,83.02999878,48.20100403,111.9800034,88.19820404,24.53000069,20.49237633
2016-06-16,208.3699951,176.5740662,208.5700073,205.5899963,149533100,19.37000084,83.08000183,48.23003387,112.0999985,88.29273987,24.5,20.46731377
2016-06-17,206.5200043,175.9164886,207.1999969,205.75,117055700,19.40999985,83.12999725,48.25905228,111.7200012,87.99339294,24.38999939,20.37541962
2016-06-20,207.8500061,177.0493774,209.6100006,207.75,82789600,18.37000084,83.62000275,48.54351044,111.2399979,87.61533356,24.25,20.25846481
2016-06-21,208.4400024,177.5519562,208.9199982,207.7799988,72461700,18.47999954,83.94000244,48.72927856,110.9899979,87.41849518,24.37000084,20.35871124
2016-06-22,208.1000061,177.2623291,209.5,207.9299927,95560500,21.17000008,84.01999664,48.77571487,111.2099991,87.59168243,24.26000023,20.26682091
2016-06-23,210.8099976,179.5707245,210.8699951,209.2700043,102731400,17.25,84.63999939,49.13566589,110.6800003,87.17430115,24.14999962,20.17492294
2016-06-24,203.2400055,173.1224976,210.8500061,202.7200012,333444400,25.76000023,83.25,48.3286972,112.2099991,88.37934113,24.78000069,20.70122528
2016-06-27,199.6000061,170.0219269,201.6000061,198.6499939,230775800,23.85000038,82.05000305,47.63208771,113.1800003,89.14333344,24.98999977,20.8766613
2016-06-28,203.1999969,173.0884552,203.2299957,201.1199951,159382400,18.75,83.08000183,48.23003387,113.1600037,89.12758636,24.87000084,20.77641487
2016-06-29,206.6600037,176.0357056,206.9299927,204.7200012,137328600,16.63999939,84.12999725,48.83957291,112.6999969,88.76531219,24.79000092,20.70957947
2016-06-30,209.4799957,178.4378052,209.5399933,206.5599976,165021900,15.63000011,84.69999695,49.17045593,112.9499969,88.96220398,24.84000015,20.7513485
2016-07-01,209.9199982,178.8126221,210.4900055,209.2899933,106055300,14.77000046,84.47000122,49.26789474,113.0899963,89.19725037,24.76000023,20.68452072
2016-07-05,208.4100037,177.5263977,209.0800018,207.7100067,109803700,15.57999992,83.98999786,48.9879303,113.7099991,89.68629456,24.93000031,20.82653618
2016-07-06,209.6600037,178.5912018,209.8000031,207.0599976,96021500,14.96000004,84.36000061,49.20372391,113.7300034,89.70207214,24.86000061,20.76805687
2016-07-07,209.5299988,178.480423,210.6499939,208.6300049,85593800,14.76000023,84.47000122,49.26789474,113.5800018,89.58367157,24.92000008,20.8181839
2016-07-08,212.6499939,181.138092,212.9400024,210.7799988,133971000,13.19999981,85.58999634,49.92115021,113.8000031,89.75727081,24.93000031,20.82653618
2016-07-11,213.3999939,181.776947,214.0700073,212.9499969,73633900,13.53999996,85.63999939,49.95030212,113.1999969,89.28403473,25,20.88501549
2016-07-12,214.9499969,183.0972443,215.3000031,213.4299927,101275600,13.55000019,85.87999725,50.09028244,112.5299988,88.75559998,24.97999954,20.86830711
2016-07-13,214.9199982,183.0716705,215.4499969,214.3500061,87324100,13.03999996,85.62999725,49.94444275,112.8199997,88.98429108,24.92000008,20.8181839
2016-07-14,216.1199951,184.0938721,216.6699982,215.6600037,91230900,12.81999969,85.80000305,50.04360962,112.3499985,88.6136322,24.86000061,20.76805687
2016-07-15,215.8300018,183.8468628,217.0099945,215.3099976,107155400,12.67000008,85.62999725,49.94444275,111.9199982,88.27444458,24.95999908,20.85159683
2016-07-18,216.4100037,184.3408966,216.6000061,215.6699982,58725900,12.43999958,85.91999817,50.11359406,111.8899994,88.25079346,24.97999954,20.86830711
2016-07-19,216.1900024,184.1534729,216.2299957,215.6300049,54345700,11.97000027,85.69000244,49.9794693,112.1900024,88.48741913,25.10000038,20.96855545
2016-07-20,217.0899963,184.920105,217.3699951,216.1900024,58159500,11.77000046,85.91000366,50.10777664,111.9599991,88.30592346,25.12000084,20.98526573
2016-07-21,216.2700043,184.2216492,217.2200012,215.75,67777300,12.73999977,85.79000092,50.03780365,112.2099991,88.50317383,25.07999992,20.95184517
2016-07-22,217.2400055,185.0478821,217.3000031,216.1000061,62787500,12.02000046,86.16999817,50.25943375,112.1200027,88.43217468,25.20999908,21.0604496
2016-07-25,216.6499939,184.5452728,217.0599976,215.9700012,55873100,12.86999989,85.76000214,50.020298,112.0299988,88.36120605,25.17000008,21.02703476
2016-07-26,216.75,184.6305084,217.1699982,215.7599945,70080500,13.05000019,85.43000031,49.82781219,112.0999985,88.41641235,25.13999939,21.00196838
2016-07-27,216.5200043,184.4345856,217.2700043,215.6199951,84083900,12.82999992,85.69000244,49.9794693,112.5800018,88.79502106,25.02000046,20.90172195
2016-07-28,216.7700043,184.6475372,217.1100006,215.75,65035700,12.72000027,85.33000183,49.76947403,112.6399994,88.84230042,25.01000023,20.89336777
2016-07-29,217.1199951,184.9457092,217.5399933,216.1300049,79519400,11.86999989,85.41000366,49.81617355,113.0699997,89.18145752,24.67000008,20.60933495
2016-08-01,216.9400024,184.7923737,217.6499939,216.4100037,73311400,12.43999958,84.55000305,49.5366745,112.5199966,88.87181854,24.73999977,20.66781044
2016-08-02,215.5500031,183.6083527,216.8300018,214.5700073,92295500,13.36999989,84.43000031,49.46637344,112.25,88.65860748,24.56999969,20.52579308
2016-08-03,216.1799927,184.1450195,216.25,215.1300049,53993600,12.85999966,84.80999756,49.68904495,112.3099976,88.70603943,24.70999908,20.64274979
2016-08-04,216.4100037,184.3408966,216.7799988,214.25,46585500,12.42000008,85.34999847,50.00536728,112.5800018,88.91924286,24.75,20.67616463
2016-08-05,218.1799927,185.8486176,218.2299957,216.4100037,71892200,11.39000034,85.54000092,50.11673737,111.8799973,88.36637115,24.87999916,20.78476524
2016-08-08,218.0500031,185.7378998,218.5200043,217.7400055,39906500,11.5,85.88999939,50.3217659,111.8199997,88.31894684,24.89999962,20.80147552
2016-08-09,218.1799927,185.8486176,218.7599945,217.8000031,51251700,11.65999985,86.19000244,50.49753571,112.2200012,88.6348877,24.85000038,20.75970459
2016-08-10,217.6399994,185.3885956,218.3999939,217.2299957,57941100,12.05000019,86.02999878,50.40378189,112.5199966,88.87181854,24.71999931,20.65110207
2016-08-11,218.6499939,186.2489777,218.9400024,217.9499969,72504300,11.68000031,86.23999786,50.52684021,111.9800034,88.44535828,24.79000092,20.70957947
2016-08-12,218.4600067,186.0870972,218.7100067,217.9900055,61313500,11.55000019,86.30999756,50.56785965,112.3799973,88.76129913,24.75,20.67616463
2016-08-15,219.0899963,186.6237335,219.5,218.8800049,49813500,11.81000042,86.56999969,50.7201767,112.0500031,88.50063324,24.70999908,20.64274979
2016-08-16,217.9600067,185.6612549,218.6799927,217.9600067,53213600,12.64000034,86.38999939,50.61470795,111.8600006,88.35057831,24.48999977,20.45896149
2016-08-17,218.3699951,186.0104065,218.5299988,217.0200043,75134300,12.18999958,86.51000214,50.68501663,112.0400009,88.49272156,24.51000023,20.47566986
2016-08-18,218.8600006,186.4278107,218.8999939,218.2100067,52989300,11.43000031,86.84999847,50.88420868,112.2399979,88.65071106,24.32999992,20.32529449
2016-08-19,218.5399933,186.1552124,218.75,217.7400055,75443000,11.34000015,86.58999634,50.73186111,111.8600006,88.35057831,24.42000008,20.40048027
2016-08-22,218.5299988,186.1467285,218.8000031,217.8300018,61368800,12.27000046,86.44999695,50.64985657,112.1100006,88.54803467,24.45000076,20.42554665
2016-08-23,218.9700012,186.5215302,219.6000061,218.8999939,53399200,12.38000011,86.73999786,50.819767,112.0999985,88.54013062,24.43000031,20.40883636
2016-08-24,217.8500061,185.5675201,218.9100037,217.3600006,71728900,13.44999981,86.5,50.67916489,112.0599976,88.50854492,24.5,20.46731377
2016-08-25,217.6999969,185.4397125,218.1900024,217.2200012,69224800,13.63000011,86.66000366,50.77290726,111.8799973,88.36637115,24.5,20.46731377
2016-08-26,217.2899933,185.0904999,219.1199951,216.25,122506300,13.64999962,86.55999756,50.71430588,111.4499969,88.02670288,24.68000031,20.61768723
2016-08-29,218.3600006,186.0019226,218.6699982,217.3999939,70502200,12.93999958,86.98999786,50.96622849,111.9100037,88.3901062,24.70000076,20.63439751
2016-08-30,218,185.6952667,218.5899963,217.3500061,58114500,13.11999989,87.04000092,50.99552917,111.9000015,88.38214111,24.82999992,20.74299622
2016-08-31,217.3800049,185.1671906,217.75,216.4700012,85269500,13.42000008,86.69999695,50.79630661,111.7699966,88.27947235,24.81999969,20.73464012
2016-09-01,217.3899994,185.1756287,217.7299957,216.0299988,97844200,13.47999954,86.5,50.8969574,111.7900009,88.41790771,24.72999954,20.65945625
2016-09-02,218.3699951,186.0104065,218.8699951,217.6999969,79293900,11.97999954,86.90000153,51.13231659,111.5,88.18851471,24.79000092,20.70957947
2016-09-06,219.0299988,186.5726929,219.1199951,217.8600006,56702100,12.02000046,87,51.19113541,112.0199966,88.59980011,24.5,20.46731377
2016-09-07,219.0099945,186.5555878,219.2200012,218.3000031,76554900,11.93999958,86.76000214,51.04995346,112.0800018,88.64726257,24.54000092,20.50073051
2016-09-08,218.5099945,186.1296692,218.9400024,218.1499939,74102900,12.51000023,86.59999847,50.95579529,111.5299988,88.21226501,24.56999969,20.52579308
2016-09-09,213.2799988,181.6746979,217.0299988,213.25,221589100,17.5,85.76999664,50.4673996,111,87.79307556,24.63999939,20.58426857
2016-09-12,216.3399963,184.2813263,216.8099976,212.3099976,168110900,15.15999985,86.06999969,50.64392853,111.0999985,87.87216949,24.60000038,20.55085564
2016-09-13,213.2299957,181.6321106,215.1499939,212.5,182828800,17.85000038,85.41000366,50.25559998,110.6900024,87.54787445,24.70000076,20.63439751
2016-09-14,213.1499939,181.5640106,214.6999969,212.5,134185500,18.13999939,85.38999939,50.24381256,110.9400024,87.74560547,24.63999939,20.58426857
2016-09-15,215.2799988,183.3783417,215.7299957,212.75,134427900,16.29999924,85.88999939,50.53801727,110.9700012,87.76934052,24.62999916,20.5759182
2016-09-16,213.3699951,182.6694641,213.6900024,212.5700073,155236400,15.36999989,85.91000366,50.54980469,111.0899963,87.86423492,24.82999992,20.74299622
2016-09-19,213.4100037,182.7037506,214.8800049,213.0299988,80250500,15.52999973,85.95999908,50.57922745,110.9000015,87.71398163,24.77000046,20.692873
2016-09-20,213.4199982,182.7122803,214.5899963,213.3800049,69665300,15.92000008,85.86000061,50.52037048,111.0699997,87.84842682,24.80999947,20.72628784
2016-09-21,215.8200073,184.766983,216.0299988,213.4400024,110284400,13.30000019,86.56999969,50.9381218,111.25,87.99079895,24.70000076,20.63439751
2016-09-22,217.1799927,185.9312744,217.5299988,216.7100067,76678700,12.02000046,86.86000061,51.10877609,111.5800018,88.25180054,24.67000008,20.60933495
2016-09-23,215.9900055,184.9125366,216.8800049,215.8800049,73630900,12.28999996,86.76000214,51.04995346,111.6299973,88.29132843,24.68000031,20.61768723
2016-09-26,214.2400055,183.4142914,215.2299957,214.0099945,89827300,14.5,86.37999725,50.82634354,111.9499969,88.54444122,24.62999916,20.5759182
2016-09-27,215.5700073,184.5529785,215.6799927,213.6199951,78494800,13.10000038,86.62999725,50.973423,112.1399994,88.69473267,24.64999962,20.59262276
2016-09-28,216.6399994,185.4689636,216.8200073,214.7100067,87411000,12.39000034,87.20999908,51.31471634,112.0899963,88.65515137,24.67000008,20.60933495
2016-09-29,214.6799927,183.7909851,216.8699951,214.0399933,128070600,14.02000046,86.87999725,51.12053299,112.1600037,88.71054077,24.69000053,20.62604141
2016-09-30,216.3000031,185.1779175,217.1199951,215.3600006,117202900,13.28999996,87.26000214,51.34413528,111.8799973,88.48908997,24.68000031,20.61768723
2016-10-03,215.7799988,184.7327576,216.0399933,215.0399933,83512100,13.56999969,86.81999969,51.31221771,111.4700012,88.28312683,24.72999954,20.65945625
2016-10-04,214.6799927,183.7909851,216.1699982,213.9900055,119948100,13.63000011,86.66999817,51.22357559,110.9599991,87.87926483,24.84000015,20.7513485
2016-10-05,215.6300049,184.6042938,216.1300049,215.3300018,72816000,12.98999977,86.90000153,51.3595047,110.7099991,87.68126678,24.87000084,20.77641487
2016-10-06,215.7799988,184.7327576,216.0399933,214.7400055,62927400,12.84000015,86.94999695,51.38905334,110.4800034,87.49909973,25,20.88501549
2016-10-07,215.0399933,184.0992279,216.3000031,214.1900024,89788300,13.47999954,87.15000153,51.50723648,110.6399994,87.62577057,24.95999908,20.85159683
2016-10-10,216.1600037,185.0580444,216.6999969,215.9900055,51855000,13.38000011,87.40000153,51.65501404,110.3499985,87.39611816,25.05999947,20.9351368
2016-10-11,213.4299927,182.7208099,215.7400055,212.5800018,130367400,15.35999966,86.91000366,51.36542511,110.3199997,87.37238312,25.25,21.09386444
2016-10-12,213.7100067,182.9605713,214.3200073,213.0099945,73866100,15.90999985,86.87999725,51.34769821,110.3199997,87.37238312,25.31999969,21.15234375
2016-10-13,213.0099945,182.3612518,213.5899963,211.2100067,101357000,16.69000053,86.66000366,51.21765137,110.5500031,87.55451965,25.22999954,21.07715607
2016-10-14,213.1199951,182.4554291,214.6900024,213.0299988,93346200,16.12000084,86.86000061,51.33585739,110.2099991,87.28528595,25.36000061,21.18575859
2016-10-17,212.3800049,181.8219147,213.3899994,212.1699982,58275700,16.20999908,86.73999786,51.26491547,110.4499969,87.47531891,25.29999924,21.13563347
2016-10-18,213.7100067,182.9605713,214.3099976,213.2700043,76869700,15.27999973,87.08999634,51.4718399,110.6699982,87.6496048,25.31999969,21.15234375
2016-10-19,214.2799988,183.4485321,214.6399994,213.6000061,66519200,14.40999985,87.33999634,51.61954498,110.7200012,87.6891861,25.32999992,21.16069412
2016-10-20,213.8800049,183.1060944,214.5299988,213.1100006,73639800,13.75,87.34999847,51.62544632,110.6200027,87.61000824,25.40999985,21.22752953
2016-10-21,213.9799957,183.1916809,214.0800018,212.7599945,89089100,13.34000015,87.37000275,51.63729477,110.7399979,87.70500946,25.5,21.3027153
2016-10-24,214.8899994,183.9707947,215.3200073,214.4799957,60146600,13.02000046,87.41999817,51.66684341,110.5899963,87.58623505,25.53000069,21.32777596
2016-10-25,214.1699982,183.3543854,214.9799957,213.9799957,66542300,13.46000004,87.37000275,51.63729477,110.5699997,87.57038879,25.52000046,21.31942368
2016-10-26,213.7400055,182.9862213,214.4199982,212.9299927,75705500,14.23999977,87.01999664,51.43041611,110.3300018,87.38028717,25.51000023,21.31106949
2016-10-27,213.1699982,182.4982605,214.6199951,213.0800018,77220200,15.35999966,86.69999695,51.24129105,109.9499969,87.07931519,25.55999947,21.35283852
2016-10-28,212.5399933,181.9589233,213.9299927,211.7100067,140623200,16.19000053,86.27999878,50.99309921,109.9700012,87.09516144,25.40999985,21.22752953
2016-10-31,212.5500031,181.9674835,213.1900024,212.3600006,61272500,17.05999947,86.01999664,50.83942032,110.0599976,87.16643524,25.42000008,21.23588371
2016-11-01,211.0099945,180.6491089,212.9900055,209.6000061,122781800,18.55999947,85.30000305,50.64110947,109.9100037,87.16958618,25.29000092,21.1272831
2016-11-02,209.7400055,179.5617981,211.1000061,209.2299957,103330800,19.31999969,84.91999817,50.41553879,110.2399979,87.43135834,25.20000076,21.05209541
2016-11-03,208.7799988,178.7399292,210.2400055,208.4600067,88939300,22.07999992,84.94000244,50.42739105,110.1699982,87.37582397,25.12999916,20.9936142
2016-11-04,208.5500031,178.5430298,209.8899994,208.3800049,109122100,22.51000023,84.98000336,50.45114136,110.5100021,87.64547729,25.05999947,20.9351368
2016-11-07,213.1499939,182.4811401,213.1900024,208.5500031,109794900,18.70999908,86.16999817,51.15762711,110.0500031,87.28068542,25.27000046,21.11057281
2016-11-08,214.1100006,183.3030396,214.7700043,212.3800049,106772100,18.73999977,85.98000336,51.04482269,109.6600037,86.97138977,25.34000015,21.16905212
2016-11-09,216.3800049,185.2463684,217.1000061,212.3399963,258429000,14.38000011,85.37999725,50.68859863,107.9899979,85.64689636,25.5,21.3027153
2016-11-10,216.9199982,185.7086487,218.3099976,215.2200012,172113300,14.73999977,84.26000214,50.02368927,107.3399963,85.13131714,25.54999924,21.34448242
2016-11-11,216.4199982,185.2806244,216.6999969,215.3200073,100552700,14.17000008,83.47000122,49.55465698,107.1200027,84.95690155,25.59000015,21.37790108
2016-11-14,216.5899963,185.4261627,217.2700043,215.7200012,94580000,14.47999954,84.08999634,49.92276764,106.5,84.46515656,25.84000015,21.58675194
2016-11-15,218.2799988,186.8729706,218.2799988,216.8000031,91652600,13.36999989,85.19999695,50.58175278,106.5,84.46515656,25.87999916,21.62016678
2016-11-16,217.8699951,186.5219727,218.1399994,217.4199982,65617700,13.72000027,84.86000061,50.37991333,106.5999985,84.54443359,25.95000076,21.67864418
2016-11-17,218.9900055,187.4808502,219.0599976,217.9199982,69797200,13.35000038,84.62999725,50.24335098,106.1299973,84.17171478,26.10000038,21.80395699
2016-11-18,218.5,187.0613098,219.2700043,218.2899933,86265800,12.85000038,84.62999725,50.24335098,105.6600037,83.79895782,26.19000053,21.87914085
2016-11-21,220.1499939,188.4739227,220.1799927,219,72402600,12.42000008,85.30999756,50.64704895,105.75,83.87031555,26.09000015,21.7956028
2016-11-22,220.5800018,188.8421021,220.7899933,219.7299957,67429000,12.40999985,85.94000244,51.02106476,105.8499985,83.94960022,26.12999916,21.82901573
2016-11-23,220.6999969,188.944809,220.7599945,219.75,56620200,12.43000031,85.62000275,50.83110809,105.4700012,83.64827728,26.29000092,21.96268463
2016-11-25,221.5200043,189.6468353,221.5599976,221.0099945,37872300,12.34000015,85.73000336,50.89639664,105.3799973,83.57692719,26.23999977,21.92090988
2016-11-28,220.4799957,188.7564545,221.4799957,220.3600006,76572500,13.14999962,85.72000122,50.89046097,105.8600006,83.95755768,26.17000008,21.86243057
2016-11-29,220.9100037,189.124588,221.4400024,220.1699982,69886700,12.89999962,85.61000061,50.82514954,105.9700012,84.04483032,26.11000061,21.81231308
2016-11-30,220.3800049,188.6708679,221.8200073,220.3099976,113291800,13.32999992,85.65000153,50.84889221,105.2600021,83.48171234,26.25,21.92926598
2016-12-01,219.5700073,187.9774475,220.7299957,219.1499939,79040500,14.06999969,84.87000275,50.61099243,104.7099991,83.1632309,26.11000061,21.81231308
2016-12-02,219.6799927,188.0715332,220.25,219.2599945,74840300,14.11999989,85.37999725,50.91509628,105.1800003,83.53652954,26.04999924,21.76218605
2016-12-05,221,189.2016754,221.3999939,220.4199982,67837800,12.14000034,85.59999847,51.04628372,105.1399994,83.50475311,25.87999916,21.62016678
2016-12-06,221.6999969,189.8009186,221.7400055,220.6600037,59877400,11.78999996,86.02999878,51.30271912,105.1800003,83.53652954,25.97999954,21.70370865
2016-12-07,224.6000061,192.2836914,224.6699982,221.3800049,110738100,12.22000027,86.45999908,51.55916595,105.5299988,83.81446075,25.89999962,21.63687515
2016-12-08,225.1499939,192.7545319,225.6999969,224.2599945,99714400,12.64000034,86.44999695,51.55315399,105.1299973,83.49680328,26.12999916,21.82901573
2016-12-09,226.5099945,193.9188385,226.5299988,225.3699951,88005800,11.75,86.48999786,51.57701874,104.5899963,83.06795502,26.23999977,21.92090988
2016-12-12,226.25,193.6962891,226.9600067,225.7599945,102016100,12.64000034,86.37000275,51.50547791,104.6100006,83.08379364,26.09000015,21.7956028
2016-12-13,227.7599945,194.9889832,228.3399963,227,110477500,12.72000027,86.58000183,51.63072586,104.6699982,83.13145447,26.12000084,21.82066345
2016-12-14,225.8800049,193.3795166,228.2299957,225.3699951,142501800,13.18999958,85.93000031,51.2430687,103.8000031,82.44047546,26.37000084,22.02951431
2016-12-15,226.8099976,194.1756744,227.8099976,225.8899994,124972600,12.78999996,85.97000122,51.26694489,103.5100021,82.2101593,26.65999985,22.27177811
2016-12-16,225.0399933,193.7959137,226.0800018,224.6699982,156420200,12.19999981,86.05000305,51.31466293,103.6399994,82.31335449,26.56999969,22.19659233
2016-12-19,225.5299988,194.217926,226.0200043,225.0800018,90341100,11.71000004,86.26999664,51.44585037,104.1200027,82.694664,26.64999962,22.26342583
2016-12-20,226.3999939,194.9670563,226.5700073,225.8800049,89838800,11.44999981,86.38999939,51.51737213,103.9000015,82.51987457,26.70000076,22.30519867
2016-12-21,225.7700043,194.4246063,226.4499969,225.7700043,67909000,11.27000046,86.54000092,51.60684967,104.0699997,82.65493774,26.62000084,22.23836136
2016-12-22,225.3800049,194.0887146,225.7400055,224.9199982,56219100,11.43000031,86.44000244,51.71813202,103.8600006,82.61916351,26.64999962,22.26342583
2016-12-23,225.7100067,194.372879,225.7200012,225.2100067,36697800,11.43999958,86.59999847,51.81388474,103.9599991,82.69867706,26.62999916,22.24671745
2016-12-27,226.2700043,194.8551331,226.7299957,226,42672500,11.98999977,86.51999664,51.76602554,103.8099976,82.57929993,26.62000084,22.23836136
2016-12-28,224.3999939,193.2447662,226.5899963,224.2700043,64095000,12.94999981,86.40000153,51.69419479,104.1900024,82.88161469,26.69000053,22.29684448
2016-12-29,224.3500061,193.2017059,224.8899994,223.8399963,48696100,13.36999989,86.51999664,51.76602554,104.5100021,83.13621521,26.54000092,22.17153358
2016-12-30,223.5299988,192.495575,224.8300018,222.7299957,108998300,14.03999996,86.55000305,51.78396225,104.8199997,83.38278198,26.45999908,22.10469818
2017-01-03,225.2400055,193.9681549,225.8300018,223.8800049,91366500,12.85000038,86.91000366,51.99934769,104.7699966,83.34300232,26.70000076,22.30519867
2017-01-04,226.5800018,195.1220703,226.75,225.6100006,78744400,11.85000038,87.37999725,52.28055573,104.8899994,83.43849945,26.5,22.13811684
2017-01-05,226.3999939,194.9670563,226.5800018,225.4799957,78379000,11.67000008,87.25,52.20277786,105.5699997,83.97942352,26.21999931,21.90420151
2017-01-06,227.2100067,195.6646423,227.75,225.8999939,71559900,11.31999969,87.23000336,52.1908226,105.0899963,83.59755707,26.40999985,22.06292915
2017-01-09,226.4600067,195.0187683,227.0700073,226.4199982,46939700,11.56000042,87.20999908,52.17885208,105.4899979,83.91574097,26.34000015,22.00445366
2017-01-10,226.4600067,195.0187683,227.4499969,226.0099945,63771900,11.48999977,87.22000122,52.18482971,105.4400024,83.87600708,26.35000038,22.01280594
2017-01-11,227.1000061,195.5699158,227.1000061,225.5899963,74650000,11.26000023,87.26999664,52.21473312,105.5599976,83.97144318,26.29000092,21.96268463
2017-01-12,226.5299988,195.079071,226.75,224.9600067,72113200,11.53999996,87.29000092,52.22671127,105.6200027,84.0192337,26.19000053,21.87914085
2017-01-13,227.0500031,195.5268555,227.3999939,226.6900024,62717900,11.22999954,87.31999969,52.24465561,105.3899994,83.83618927,26.15999985,21.8540802
2017-01-17,226.25,194.8379364,226.7799988,225.8000031,61240800,11.86999989,87.23000336,52.1908226,105.9199982,84.25782776,25.92000008,21.65358353
2017-01-18,226.75,195.2684937,226.8000031,225.8999939,54793300,12.47999954,87.30999756,52.23865891,105.1699982,83.66125488,26.15999985,21.8540802
2017-01-19,225.9100037,194.5451202,227,225.4100037,66608800,12.77999973,87.02999878,52.07114029,104.7699966,83.34300232,26.12000084,21.82066345
2017-01-20,226.7400055,195.2599182,227.3099976,225.9700012,129168600,11.53999996,87.19999695,52.17285156,104.8199997,83.38278198,26.03000069,21.74547768
2017-01-23,226.1499939,194.7518616,226.8099976,225.2700043,75061600,11.77000046,87.19999695,52.17285156,105.3700027,83.82033539,25.88999939,21.62852478
2017-01-24,227.6000061,196.0005341,228.0800018,226.2700043,95555300,11.06999969,87.26000214,52.20875168,104.9700012,83.50214386,25.89999962,21.63687515
2017-01-25,229.5700073,197.696991,229.5700073,228.5099945,84437700,10.81000042,87.56999969,52.39425659,104.4499969,83.08848572,25.80999947,21.56168747
2017-01-26,229.3300018,197.4902649,229.7100067,229.0099945,59970700,10.63000011,87.52999878,52.37030411,104.5899963,83.19982147,25.97999954,21.70370865
2017-01-27,228.9700012,197.1802673,229.5899963,228.7599945,59711100,10.57999992,87.61000061,52.4181366,104.7200012,83.30323029,25.98999977,21.71206093
2017-01-30,227.5500031,195.9574127,228.1999969,226.4100037,79737300,11.88000011,87.43000031,52.31046295,104.6900024,83.27941132,25.94000053,21.67028999
2017-01-31,227.5299988,195.9402008,227.6000061,226.3200073,75880800,11.98999977,87.33999634,52.2566185,105.0500031,83.56574249,25.72999954,21.49485588
2017-02-01,227.6199951,196.0177002,228.5899963,226.9400024,79117700,11.81000042,87.27999878,52.45012283,104.6900024,83.40561676,25.75,21.51156235
2017-02-02,227.7700043,196.1468964,228.1000061,226.8200073,69657600,11.93000031,87.33000183,52.48018646,104.7300034,83.43747711,25.79000092,21.54498482
2017-02-03,229.3399963,197.4989014,229.5500031,228.4600067,80563200,10.97000027,87.48000336,52.57032013,104.8099976,83.5011673,25.78000069,21.53662872
2017-02-06,228.9299927,197.1458435,229.3300018,228.5399933,57790100,11.36999989,87.41999817,52.53427505,105.3099976,83.89956665,25.79999924,21.5533371
2017-02-07,228.9400024,197.1544189,229.6600037,228.7200012,57931200,11.28999996,87.29000092,52.45613861,105.5,84.05094147,25.93000031,21.66193771
2017-02-08,229.2400055,197.412796,229.3899994,228.3099976,51566200,11.44999981,87.34999847,52.49217987,105.9300003,84.39348602,25.89999962,21.63687515
2017-02-09,230.6000061,198.5839539,230.9499969,229.2400055,65955200,10.88000011,87.47000122,52.56429291,105.3000031,83.89160156,26,21.72041512
2017-02-10,231.5099945,199.3676453,231.7700043,230.6199951,66015900,10.85000038,87.52999878,52.60035706,105.2300034,83.8358078,26.03000069,21.74547768
2017-02-13,232.7700043,200.4526825,233.0700073,232.0500031,55182100,11.06999969,87.66000366,52.67848587,105.0699997,83.70836639,26.09000015,21.7956028
2017-02-14,233.6999969,201.2535858,233.7100067,232.1600037,71109000,10.73999977,87.72000122,52.71453857,104.6900024,83.40561676,26.14999962,21.84572411
2017-02-15,234.9199982,202.3041534,235.1399994,233.3899994,86785800,11.97000027,87.75,52.73257065,104.4899979,83.24628448,26.10000038,21.80395699
2017-02-16,234.7200012,202.131958,235.1600037,233.8500061,84722400,11.76000023,87.68000031,52.69052505,104.9100037,83.58090973,25.95000076,21.67864418
2017-02-17,235.0899963,202.4505463,235.0899963,233.9299927,77204100,11.48999977,87.76999664,52.74459839,105.1900024,83.80397797,26.07999992,21.78724861
2017-02-21,236.4900055,203.65625,236.6900024,235.5099945,88946100,11.56999969,88.05999756,52.91884613,105.1399994,83.76409149,26.20000076,21.88749695
2017-02-22,236.2799988,203.4753571,236.5399933,235.8300018,62115200,11.73999977,88.09999847,52.94289017,105.3099976,83.89956665,26.13999939,21.83736992
2017-02-23,236.4400024,203.6131897,236.8999939,235.5599976,74615900,11.71000004,88.18000031,52.99093628,105.5899963,84.12261963,26.07999992,21.78724861
2017-02-24,236.7400055,203.8715515,236.7899933,235.4100037,82381600,11.47000027,88.25,53.03302765,106.0800018,84.51298523,26.12999916,21.82901573
2017-02-27,237.1100006,204.1901398,237.3099976,236.3500061,56515400,12.09000015,88.36000061,53.09915161,105.6999969,84.210289,26.12999916,21.82901573
2017-02-28,236.4700012,203.6389771,236.9499969,236.0200043,96961900,12.92000008,88.29000092,53.05708694,105.6500015,84.17045593,26.11000061,21.81231308
2017-03-01,239.7799988,206.4894104,240.3200073,238.3699951,149158200,12.53999996,88.23000336,53.25263596,104.7699966,83.58403015,26.29000092,21.96268463
2017-03-02,238.2700043,205.1890869,239.5700073,238.2100067,70246000,11.81000042,87.94999695,53.08361816,104.4700012,83.34473419,26.39999962,22.05457687
2017-03-03,238.4199982,205.3182678,238.6100006,237.7299957,81974300,10.96000004,87.98999786,53.10777283,104.5699997,83.42447662,26.17000008,21.86243057
2017-03-06,237.7100067,204.7068634,238.1199951,237.0099945,55391500,11.23999977,87.70999908,52.93874741,104.5500031,83.40853119,26.26000023,21.93761826
2017-03-07,237,204.0954285,237.7700043,236.7599945,65103700,11.44999981,87.13999939,52.59471512,104.4000015,83.28889465,26.29000092,21.96268463
2017-03-08,236.5599976,203.7164764,237.6399994,236.3999939,78168800,11.85999966,86.55999756,52.24467087,104.0500031,83.00968933,26.37999916,22.0378685
2017-03-09,236.8600006,203.974823,237.2400055,235.7400055,90683900,12.30000019,86.33000183,52.10582733,103.7600021,82.77828979,26.32999992,21.99609756
2017-03-10,237.6900024,204.6895752,238.0200043,236.5899963,81991700,11.65999985,86.30000305,52.08776855,103.9800034,82.95380402,26.14999962,21.84572411
2017-03-13,237.8099976,204.7929688,237.8600006,237.2400055,57256800,11.35000038,86.37000275,52.12997818,103.7200012,82.74639893,26.19000053,21.87914085
2017-03-14,236.8999939,204.0092316,237.2400055,236.1900024,59880800,12.30000019,86.11000061,51.97306442,103.8300018,82.83415222,26.28000069,21.95433044
2017-03-15,238.9499969,205.7746735,239.4400024,237.2899933,96081800,11.63000011,87.30000305,52.69130707,104.7399979,83.56013489,25.96999931,21.69535065
2017-03-16,238.4799957,205.3699646,239.1999969,238.1000061,78344000,11.21000004,87.05000305,52.54040527,104.4499969,83.32880402,25.87999916,21.62016678
2017-03-17,237.0299988,205.0092926,237.9700012,237.0299988,89002100,11.27999973,87.08000183,52.55851364,104.7300034,83.55216217,25.88999939,21.62852478
2017-03-20,236.7700043,204.7843628,237.3600006,236.3200073,52537000,11.34000015,86.91000366,52.4559288,104.9800034,83.75164032,25.89999962,21.63687515
2017-03-21,233.7299957,202.1550446,237.6100006,233.5800018,131809300,12.47000027,86.29000092,52.08169937,105.3300018,84.0308075,25.73999977,21.50321198
2017-03-22,234.2799988,202.6307678,234.6100006,233.0500031,97569200,12.81000042,86.5,52.20847321,105.5299988,84.19035339,25.71999931,21.48649979
2017-03-23,234.0299988,202.4145508,235.3399963,233.6000061,100410300,13.11999989,86.52999878,52.22656631,105.4199982,84.1026535,25.75,21.51156235
2017-03-24,233.8600006,202.2674713,235.0399933,232.9600067,112504900,12.96000004,86.83000183,52.40763092,105.4800034,84.1505127,25.73999977,21.50321198
2017-03-27,233.6199951,202.0599213,233.9199982,231.6100006,87454500,12.5,86.73999786,52.35326767,105.7399979,84.35791016,25.60000038,21.38625717
2017-03-28,235.3200073,203.5302582,235.8099976,233.1399994,93483900,11.52999973,87.22000122,52.64303207,105.3799973,84.07072449,25.73999977,21.50321198
2017-03-29,235.5399933,203.7205658,235.8099976,234.7299957,61950400,11.42000008,87.40000153,52.75167847,105.6800003,84.31006622,25.79000092,21.54498482
2017-03-30,236.2899933,204.3692322,236.5200043,235.2700043,56737900,11.53999996,87.80999756,52.9991684,105.3799973,84.07072449,25.95999908,21.68699837
2017-03-31,235.7400055,203.8935394,236.5099945,235.6799927,73733100,12.36999989,87.77999878,52.98100662,105.5899963,84.23822021,25.95000076,21.67864418
2017-04-03,235.3300018,203.5388947,236.0299988,233.9100037,85546500,12.38000011,87.36000061,52.95252991,105.9499969,84.65291595,25.95000076,21.67864418
2017-04-04,235.4799957,203.6686554,235.5800018,234.5599976,56466200,11.78999996,87.38999939,52.97072601,105.8000031,84.53309631,25.97999954,21.70370865
2017-04-05,234.7799988,203.0632477,237.3899994,234.5399933,108800600,12.89000034,87.31999969,52.92828751,106,84.69290161,25.96999931,21.69535065
2017-04-06,235.4400024,203.6340332,236.0399933,234.4299927,69135800,12.39000034,87.43000031,52.99499893,105.9300003,84.63697052,26.03000069,21.74547768
2017-04-07,235.1999969,203.4264832,236,234.6399994,74412300,12.86999989,87.38999939,52.97072601,105.6100006,84.38124084,26.14999962,21.84572411
2017-04-10,235.3399963,203.5475616,236.2599945,234.7299957,67615300,14.05000019,87.51000214,53.04346466,105.8000031,84.53309631,26.10000038,21.80395699
2017-04-11,235.0599976,203.3053741,235.1799927,233.3399963,88045300,15.06999969,87.33999634,52.94041443,106.2900009,84.92453766,26.02000046,21.73712349
2017-04-12,234.0299988,202.4145508,234.9600067,233.7700043,81864400,15.77000046,87.40000153,52.97678757,106.6200027,85.18826294,25.88999939,21.62852478
2017-04-13,232.5099945,201.0998688,234.4900055,232.5099945,92880400,15.96000004,87.22000122,52.8676796,106.9400024,85.44392395,25.97999954,21.70370865
2017-04-17,234.5700073,202.8816071,234.5700073,232.8800049,68405400,14.65999985,87.48000336,53.02528381,106.7699966,85.30805969,25.90999985,21.64522934
2017-04-18,233.8699951,202.2761383,234.4900055,233.0800018,83225800,14.42000008,87.45999908,53.01317978,107.3799973,85.79548645,25.69000053,21.46144104
2017-04-19,233.4400024,201.9042664,234.9499969,233.1799927,68699900,14.93000031,87.37999725,52.96466446,107.0999985,85.5717392,25.78000069,21.53662872
2017-04-20,235.3399963,203.5475616,235.8500061,233.7799988,92572200,14.14999962,87.66999817,53.14042664,106.8600006,85.38000488,25.79000092,21.54498482
2017-04-21,234.5899963,202.8988647,235.3099976,234.1300049,110389800,14.63000011,87.59999847,53.09799957,106.9100037,85.41996002,25.80999947,21.56168747
2017-04-24,237.1699982,205.1303864,237.4100037,234.5599976,119209900,10.84000015,88.01000214,53.3465271,106.6900024,85.24416351,25.56999969,21.3611927
2017-04-25,238.5500031,206.3239441,238.9499969,237.8099976,76698300,10.76000023,88.16999817,53.44350052,106.1399994,84.80472565,25.5,21.3027153
2017-04-26,238.3999939,206.1941528,239.5299988,238.3500061,84702500,10.85000038,88.08999634,53.39499664,106.4199982,85.02845001,25.55999947,21.35283852
2017-04-27,238.6000061,206.367157,238.9499969,237.9799957,57410300,10.35999966,88.15000153,53.43141937,106.4899979,85.08436584,25.60000038,21.38625717
2017-04-28,238.0800018,205.9174042,238.9299927,237.9299927,63532800,10.81999969,88.12000275,53.41320801,106.5999985,85.17227173,25.56999969,21.3611927
2017-05-01,238.6799927,206.4364471,239.1699982,238.1999969,66882500,10.10999966,87.79000092,53.4405899,106.2099991,84.98825073,25.59000015,21.37790108
2017-05-02,238.7700043,206.5142059,238.9799957,238.3000031,57375700,10.59000015,87.81999969,53.45886993,106.4300003,85.16426849,25.54999924,21.34448242
2017-05-03,238.4799957,206.2633972,238.8800049,237.6999969,73137700,10.68000031,87.90000153,53.50757217,106.2099991,84.98825073,25.64999962,21.42802429
2017-05-04,238.7599945,206.5055389,238.9199982,237.7799988,61462700,10.46000004,87.43000031,53.22145462,105.9700012,84.79615784,25.48999977,21.29436111
2017-05-05,239.6999969,207.3185272,239.7200012,238.6799927,62001300,10.56999969,87.58000183,53.31277466,105.9899979,84.81218719,25.45000076,21.26094437
2017-05-08,239.6600037,207.2839661,239.9199982,239.1699982,48385700,9.770000458,87.68000031,53.37363434,105.7300034,84.60416412,25.59000015,21.37790108
2017-05-09,239.4400024,207.0936737,240.1900024,239.0399933,51363200,9.960000038,87.62000275,53.33710861,105.6100006,84.50814056,25.71999931,21.48649979
2017-05-10,239.8699951,207.4656219,239.8699951,239.1499939,54293800,10.21000004,88,53.56842422,105.5699997,84.47608185,25.72999954,21.49485588
2017-05-11,239.3800049,207.0417786,239.5700073,238.1300049,62358300,10.60000038,88.01000214,53.57450867,105.6500015,84.54013824,25.73999977,21.50321198
2017-05-12,238.9799957,206.6958313,239.4299927,238.6699982,53912700,10.39999962,87.98000336,53.5562706,106.1900024,84.972229,25.61000061,21.39461136
2017-05-15,240.3000031,207.8375397,240.4400024,239.4499969,61918900,10.42000008,88.18000031,53.67799377,106.1200027,84.91623688,25.54000092,21.33613205
2017-05-16,240.0800018,207.6472931,240.6699982,239.6300049,51241800,10.64999962,88.30999756,53.75715256,106.2600021,85.02822113,25.35000038,21.1774044
2017-05-17,235.8200073,203.962738,240.0800018,235.75,172174100,15.59000015,87.91999817,53.5197258,107.1100006,85.70845032,25.18000031,21.03538895
2017-05-18,236.7700043,204.7843628,237.75,235.4299927,107047700,14.65999985,88.01999664,53.58057785,107.0800018,85.68434906,25.27000046,21.11057281
2017-05-19,238.3099976,206.1163025,239.0800018,237.2700043,115011400,12.03999996,88.18000031,53.67799377,107.0500031,85.66043091,25.09000015,20.96020126
2017-05-22,239.5200043,207.1628723,239.7100067,238.8200073,61010600,10.93000031,88.44999695,53.84235764,106.9300003,85.56434631,25.04999924,20.92678452
2017-05-23,240.0500031,207.6213226,240.2400055,239.5099945,48341700,10.72000027,88.44000244,53.83628082,106.6500015,85.34033203,25.15999985,21.01867867
2017-05-24,240.6100006,208.1056366,240.7299957,239.9299927,46927700,10.02000046,88.58999634,53.92757797,106.8700027,85.5164032,25.07999992,20.95184517
2017-05-25,241.7599945,209.1002808,242.0800018,240.9600067,64071700,9.989999771,88.51999664,53.88497543,106.9300003,85.56434631,25.11000061,20.97690964
2017-05-26,241.7100067,209.0570526,241.8999939,241.4499969,46629900,9.81000042,88.56999969,53.91544342,107,85.62033081,25.17000008,21.02703476
2017-05-30,241.5,208.8754272,241.7899933,241.1600037,35201900,10.38000011,88.66000366,53.9701767,107.2699966,85.83644104,25.13999939,21.00196838
2017-05-31,241.4400024,208.8235321,241.8800049,240.6399994,91796000,10.40999985,88.65000153,53.96409988,107.3199997,85.87644958,25.07999992,20.95184517
2017-06-01,243.3600006,210.4841156,243.3800049,241.6399994,68962000,9.890000343,88.52999878,54.12123489,107.0999985,85.83155823,25.11000061,20.97690964
2017-06-02,244.1699982,211.1846771,244.3500061,243.0800018,88666100,9.75,88.58000183,54.15176773,107.5699997,86.20821381,24.98999977,20.8766613
2017-06-05,243.9900055,211.0290222,244.3000031,243.7599945,44698800,10.06999969,88.5,54.10287476,107.3899994,86.06397247,25.01000023,20.89336777
2017-06-06,243.2100067,210.3544006,243.9799957,243.1199951,50375400,10.44999981,88.36000061,54.0173378,107.7300034,86.3364563,24.95000076,20.84324455
2017-06-07,243.6600037,210.7436066,243.9199982,242.8300018,54144300,10.39000034,88.18000031,53.90723801,107.5299988,86.17620087,24.97999954,20.86830711
2017-06-08,243.7799988,210.8473511,244.3300018,243.1699982,65950700,10.15999985,88.25,53.95002365,107.3600006,86.03992462,25.06999969,20.9434948
2017-06-09,243.4100037,210.5274353,245.0099945,241.9499969,132256400,10.69999981,88.31999969,53.99284363,107.2600021,85.95979309,25.14999962,21.01032448
2017-06-12,243.3600006,210.4841156,243.4199982,242.3800049,86108100,11.46000004,88.47000122,54.08452988,107.2399979,85.94377136,25.11000061,20.97690964
2017-06-13,244.5500031,211.513382,244.6100006,243.5800018,60067000,10.42000008,88.62999725,54.18235016,107.2799988,85.97581482,25.07999992,20.95184517
2017-06-14,244.2400055,211.2452393,244.8699951,243.2899933,78602300,10.64000034,88.63999939,54.18842697,107.8399963,86.42464447,25.05999947,20.9351368
2017-06-15,243.7700043,210.8387604,243.9100037,242.3600006,66464900,10.89999962,88.30000305,53.98061371,107.6500015,86.27231598,25.20999908,21.0604496
2017-06-16,242.6399994,210.8848267,242.8300018,241.6300049,84553100,10.38000011,88.15000153,53.88891983,107.7099991,86.32044983,25.12000084,20.98526573
2017-06-19,244.6600037,212.6404419,244.7299957,243.4799957,65123800,10.36999989,88.41999817,54.05395889,107.4100037,86.08000183,25.22999954,21.07715607
2017-06-20,243.0099945,211.2064209,244.2599945,242.9900055,56906400,10.85999966,88.11000061,53.86447906,107.6800003,86.29642487,25.27000046,21.11057281
2017-06-21,242.9499969,211.1542358,243.5899963,242.4100037,55977600,10.75,87.59999847,53.55266571,107.6699982,86.28837585,25.21999931,21.06880188
2017-06-22,242.8399963,211.058609,243.5299988,242.6399994,44148100,10.47999954,87.83999634,53.69940567,107.7699966,86.3685379,25.22999954,21.07715607
2017-06-23,243.1300049,211.3107147,243.5099945,242.4700012,66986800,10.02000046,88.19999695,53.9194603,107.8000031,86.39260101,25.14999962,21.01032448
2017-06-26,243.2899933,211.4497375,244.3800049,243.0500031,56700500,9.899999619,88.31999969,53.99284363,107.8899994,86.46469879,25.19000053,21.04374313
2017-06-27,241.3300018,209.7462616,243.3800049,241.3099976,82247700,11.06000042,88.04000092,53.82165909,107.3600006,86.03992462,24.90999985,20.8098278
2017-06-28,243.4900055,211.6235962,243.7200012,242.2299957,70042600,10.02999973,88.40000153,54.04174423,107.2600021,85.95979309,24.82999992,20.74299622
2017-06-29,241.3500061,209.7636719,243.7200012,239.9600067,106949700,11.43999958,88.18000031,53.90723801,106.8600006,85.63924408,24.70999908,20.64274979
2017-06-30,241.8000031,210.1547546,242.7100067,241.5800018,86820700,11.18000031,88.38999939,54.03560257,106.6100006,85.43884277,24.75,20.67616463
2017-07-03,242.2100067,210.5111084,243.3800049,242.2100067,39153800,11.22000027,87.97000122,54.00923157,106.0599976,85.12504578,24.89999962,20.80147552
2017-07-05,242.7700043,210.9977875,243.0099945,241.6999969,54427600,11.06999969,87.90000153,53.96626282,106.1399994,85.1892395,24.90999985,20.8098278
2017-07-06,240.5500031,209.0683136,242.0299988,240.3399963,65400800,12.53999996,87.68000031,53.83116531,105.9400024,85.02877045,24.79999924,20.71793556
2017-07-07,242.1100006,210.4241791,242.2799988,240.5599976,57972300,11.18999958,87.59999847,53.7820816,105.7699966,84.89229584,24.84000015,20.7513485
2017-07-10,242.3699951,210.6501312,242.8000031,241.7599945,36663300,11.10999966,87.69999695,53.84345245,105.9100037,85.00468445,24.85000038,20.75970459
2017-07-11,242.1900024,210.4936676,242.5500031,240.8500061,50354600,10.89000034,87.63999939,53.80660248,106.0500031,85.11704254,24.76000023,20.68452072
2017-07-12,244.0099945,212.0755615,244.1999969,243.3000031,59610400,10.30000019,88.20999908,54.15655899,106.3600006,85.36580658,24.76000023,20.68452072
2017-07-13,244.4199982,212.4318542,244.5500031,243.7599945,39471600,9.899999619,88.27999878,54.19953156,106.25,85.277565,24.77000046,20.692873
2017-07-14,245.5599976,213.4226685,245.9700012,244.3099976,60262700,9.510000229,88.52999878,54.35302734,106.4000015,85.39796448,24.62000084,20.5675621
2017-07-17,245.5299988,213.3965759,245.9100037,245.3300018,33531900,9.819999695,88.55999756,54.37145996,106.5299988,85.50229645,24.62000084,20.5675621
2017-07-18,245.6600037,213.5095367,245.7200012,244.6699982,42742500,9.890000343,88.59999847,54.39601898,106.9199982,85.81529999,24.48999977,20.45896149
2017-07-19,246.9900055,214.6655426,247,246.0099945,51034300,9.789999962,88.75,54.48812866,106.9199982,85.81529999,24.54999924,20.50908089
2017-07-20,247.1000061,214.7611847,247.4199982,246.4700012,47135200,9.579999924,88.80000305,54.51880264,106.9499969,85.83935547,24.39999962,20.38377571
2017-07-21,246.8800049,214.569931,246.9100037,246.1799927,82340800,9.359999657,88.73000336,54.47585678,107.1399994,85.99188995,24.31999969,20.31694031
2017-07-24,246.8200073,214.5177765,246.9799957,246.2799988,46622300,9.430000305,88.80000305,54.51880264,107.0699997,85.93571472,24.32999992,20.32529449
2017-07-25,247.4199982,215.0392151,247.8000031,247.1600037,54915600,9.430000305,88.83999634,54.54336929,106.4700012,85.45413208,24.37000084,20.35871124
2017-07-26,247.4299927,215.0479431,247.7899933,247.1300049,47575400,9.600000381,88.97000122,54.62316895,106.8099976,85.727005,24.22999954,20.24175453
2017-07-27,247.1999969,214.8479919,248,245.6799927,70766600,10.10999966,88.90000153,54.58018875,106.6399994,85.59055328,24.31999969,20.31694031
2017-07-28,246.9100037,214.595993,247.0599976,246.1300049,50088400,10.28999996,88.91000366,54.58633423,106.8199997,85.7350235,24.17000008,20.19163132
2017-07-31,246.7700043,214.4742889,247.4799957,246.5299988,65838700,10.26000023,88.91000366,54.58633423,106.8499985,85.75913239,24.06999969,20.10809326
2017-08-01,247.3200073,214.952301,247.5,246.7200012,55050400,10.09000015,88.62999725,54.64062119,106.9499969,85.97212219,24.11000061,20.1415081
2017-08-02,247.4400024,215.0565796,247.6000061,246.3699951,47211200,10.27999973,88.65000153,54.6529274,106.8499985,85.89176941,24.07999992,20.11644554
2017-08-03,246.9600067,214.6394806,247.3399963,246.6399994,40856000,10.43999958,88.48000336,54.54812622,107.2200012,86.18917847,24.02000046,20.06632233
2017-08-04,247.4100037,215.0305481,247.7899933,246.9700012,60191800,10.02999973,88.5,54.56045151,106.9300003,85.95606232,24.22999954,20.24175453
2017-08-07,247.8699951,215.4303131,247.8699951,247.3699951,31995000,9.930000305,88.45999908,54.5357666,106.9899979,86.00428772,24.21999931,20.23340225
2017-08-08,247.2599945,214.900177,248.9100037,246.8300018,61719400,10.96000004,88.08000183,54.30152893,106.9000015,85.9319458,24.26000023,20.26682091
2017-08-09,247.25,214.89151,247.3099976,246.0599976,62632600,11.10999966,87.73999786,54.09188843,107.0299988,86.03643036,24.23999977,20.25010681
2017-08-10,243.7599945,211.8582001,246.4400024,243.6999969,120479500,16.04000092,87.18000031,53.74668884,107.4300003,86.35800171,24.20000076,20.21669579
2017-08-11,244.1199951,212.1711426,244.8000031,243.75,74869900,15.51000023,87.33000183,53.83915329,107.5500031,86.45443726,24.11000061,20.1415081
2017-08-14,246.5399933,214.2743988,246.7899933,245.5500031,73291900,12.32999992,87.79000092,54.122715,107.2900009,86.24541473,24.20999908,20.22504807
2017-08-15,246.5099945,214.2483063,247,246.1600037,55242700,12.03999996,87.81999969,54.1412468,106.9700012,85.98825073,24.31999969,20.31694031
2017-08-16,246.9400024,214.6220551,247.5700073,246.4499969,56715500,11.73999977,87.83000183,54.14739227,107.1699982,86.14898682,24.23999977,20.25010681
2017-08-17,243.0899963,211.2759094,246.6000061,243.0899963,128490400,15.55000019,87.33999634,53.8453064,107.5500031,86.45443726,24.29000092,20.29188156
2017-08-18,242.7100067,210.9456177,244.1900024,242.1999969,136748000,14.26000023,87.47000122,53.92543411,107.5699997,86.47053528,24.20999908,20.22504807
2017-08-21,242.8999939,211.1107635,243.1999969,241.8300018,65469700,13.18999958,87.55999756,53.98096085,107.6399994,86.52687073,24.13999939,20.16656876
2017-08-22,245.4400024,213.3184052,245.6199951,243.5500031,63140100,11.35000038,87.91999817,54.20288849,107.4300003,86.35800171,24.23999977,20.25010681
2017-08-23,244.5599976,212.5535278,245.0500031,244.1600037,50203800,12.25,87.93000031,54.20906067,107.8000031,86.65539551,24.13999939,20.16656876
2017-08-24,243.9900055,212.058136,245.1799927,243.75,50741700,12.22999954,88.05999756,54.2891655,107.6299973,86.51876068,24.19000053,20.20833969
2017-08-25,244.5599976,212.5535278,245.6100006,244.3899994,64445900,11.27999973,88.22000122,54.38781357,107.8099976,86.66344452,23.98999977,20.04125977
2017-08-28,244.5700073,212.5622406,245.1999969,244.0899963,40565600,11.31999969,88.23000336,54.3940239,107.9100037,86.74385834,23.92000008,19.98277855
2017-08-29,244.8500061,212.805603,245.1499939,242.9299927,51135700,11.69999981,88.12000275,54.3261795,108.1600037,86.94482422,23.95000076,20.00784302
2017-08-30,246.0099945,213.8138123,246.3200073,244.6199951,62030800,11.22000027,88.36000061,54.47415161,108.0699997,86.87245178,24.10000038,20.13315201
2017-08-31,247.4900055,215.1000671,247.7700043,246.0500031,103803900,10.59000015,88.59999847,54.62210083,108.2399979,87.00911713,24.03000069,20.07467842
2017-09-01,247.8399963,215.4042511,248.3300018,247.6699982,62007000,10.13000011,88.31999969,54.67783356,107.7600021,86.75305939,24.07999992,20.11644554
2017-09-05,246.0599976,213.8572693,247.5200043,244.9499969,91398800,12.22999954,88.12000275,54.5540123,108.5100021,87.35690308,23.95000076,20.00784302
2017-09-06,246.8999939,214.5872803,247.2799988,246.2299957,57916900,11.63000011,88.05999756,54.51684189,108.25,87.14752197,23.93000031,19.99113464
2017-09-07,246.8699951,214.561142,247.2700043,246.3999939,58034700,11.55000019,88.06999969,54.5230484,108.7200012,87.52598572,23.76000023,19.84911919
2017-09-08,246.5800018,214.3091888,247.1100006,246.3000031,63832800,12.11999989,87.79000092,54.34968185,108.6399994,87.461586,23.70000076,19.79899406
2017-09-11,249.2100067,216.5949707,249.3000031,248.0200043,71364800,10.72999954,88.06999969,54.5230484,108.0199966,86.96240234,23.86000061,19.93265915
2017-09-12,250.0500031,217.3250732,250.0899963,249.4199982,56896000,10.57999992,88.18000031,54.5911293,107.7600021,86.75305939,23.85000038,19.92430496
2017-09-13,250.1699982,217.4293365,250.2100067,249.5899963,59228000,10.5,88.20999908,54.60971832,107.5400009,86.5759964,23.98999977,20.04125977
2017-09-14,250.0899963,217.3598175,250.3200073,249.6000061,95446300,10.43999958,88.33000183,54.68399811,107.5599976,86.59207153,23.92000008,19.98277855
2017-09-15,249.1900024,217.6524506,249.2899933,248.5700073,95432400,10.17000008,88.41000366,54.7335434,107.6900024,86.69674683,23.84000015,19.91595078
2017-09-18,249.7200012,218.1153412,250.1199951,249.2799988,46235200,10.14999962,88.37000275,54.70878601,107.2699966,86.35864258,23.89999962,19.96607399
2017-09-19,249.9700012,218.3336945,250.0700073,249.6000061,47108100,10.18000031,88.45999908,54.76449585,107.1500015,86.26203156,23.82999992,19.90759659
2017-09-20,250.0599976,218.4123077,250.1900024,248.9199982,59574100,9.779999733,88.44999695,54.7583046,106.9400024,86.09293365,24.02000046,20.06632233
2017-09-21,249.3899994,217.8270874,249.9799957,249.1900024,48211400,9.670000076,88.33999634,54.69020462,106.8000031,85.98026276,23.95000076,20.00784302
2017-09-22,249.4400024,217.8707581,249.6300049,249.0200043,51214000,9.590000153,88.43000031,54.74590683,106.9899979,86.1332016,23.93000031,19.99113464
2017-09-25,248.9299927,217.4253082,249.5500031,248.0800018,57064400,10.21000004,88.48000336,54.77687454,107.3099976,86.39082336,24.06999969,20.10809326
2017-09-26,249.0800018,217.5563354,249.6999969,248.8099976,54082000,10.17000008,88.58999634,54.84496307,107.2200012,86.31832886,24.14999962,20.17492294
2017-09-27,250.0500031,218.4036102,250.4900055,248.8699951,81001400,9.869999886,88.62999725,54.86971664,106.6699982,85.87558746,24.27000046,20.27517509
2017-09-28,250.3500061,218.6656036,250.4400024,249.6300049,44778800,9.550000191,88.62999725,54.86971664,106.6500015,85.85951996,24.20000076,20.21669579
2017-09-29,251.2299957,219.4342194,251.3200073,250.1300049,85578000,9.510000229,88.76000214,54.95022202,106.5199966,85.75481415,24.18000031,20.19998932
2017-10-02,252.3200073,220.3862915,252.3200073,251.2899933,59023000,9.449999809,88.34999847,54.92223358,106.2399979,85.65726471,24.31999969,20.31694031
2017-10-03,252.8600006,220.8579712,252.8899994,252.2299957,66810200,9.510000229,88.51000214,55.02167892,106.3899994,85.77822113,24.30999947,20.30858994
2017-10-04,253.1600037,221.1200256,253.4400024,252.5599976,55953600,9.630000114,88.41999817,54.96576309,106.3600006,85.75401306,24.28000069,20.28352928
2017-10-05,254.6600037,222.4301605,254.6799927,253.1999969,63522800,9.18999958,88.52999878,55.03414536,106.25,85.66532135,24.40999985,20.39212608
2017-10-06,254.3699951,222.1768341,254.6999969,253.8500061,80646000,9.649999619,88.40000153,54.95336151,106.1200027,85.56054688,24.37000084,20.35871124
2017-10-09,253.9499969,221.8100128,254.6999969,253.6499939,35803100,10.32999992,88.41000366,54.95954895,106.2399979,85.65726471,24.32999992,20.32529449
2017-10-10,254.6199951,222.3952179,255.0500031,253.9799957,43057400,10.07999992,88.48000336,55.00307465,106.2799988,85.68947601,24.20000076,20.21669579
2017-10-11,255.0200043,222.7445526,255.0200043,254.3200073,47674300,9.850000381,88.38999939,54.94710922,106.4000015,85.78630066,24.12999916,20.15821457
2017-10-12,254.6399994,222.4127197,255.0599976,254.3699951,47065100,9.909999847,88.29000092,54.88493729,106.5,85.86687469,24.18000031,20.19998932
2017-10-13,254.9499969,222.6834412,255.2700043,254.6399994,54800400,9.609999657,88.33000183,54.9098053,106.8600006,86.15713501,24.18000031,20.19998932
2017-10-16,255.2899933,222.9804077,255.5099945,254.8200073,38221700,9.909999847,88.37999725,54.94087219,106.6800003,86.0120163,24.23999977,20.25010681
2017-10-17,255.4700012,223.1376038,255.5200043,254.9799957,31561000,10.31000042,88.51000214,55.02167892,106.6399994,85.97976685,24.29999924,20.30023384
2017-10-18,255.7200012,223.3559418,255.9499969,255.5,40888300,10.06999969,88.59999847,55.07764435,106.3700027,85.76207733,24.27000046,20.27517509
2017-10-19,255.7899933,223.4170685,255.8300018,254.3500061,61903800,10.05000019,88.61000061,55.08388138,106.4800034,85.85077667,24.20999908,20.22504807
2017-10-20,257.1099854,224.5700073,257.1400146,255.7700043,89176400,9.970000267,88.69000244,55.13361359,106.0400009,85.49599457,24.35000038,20.34200287
2017-10-23,256.1099854,223.6965942,257.5100098,256.019989,63915300,11.06999969,88.58999634,55.07142639,106.1399994,85.5766449,24.37999916,20.36706734
2017-10-24,256.5599976,224.0896912,256.8299866,256.1499939,66935900,11.15999985,88.58999634,55.07142639,105.8199997,85.31861877,24.42000008,20.40048027
2017-10-25,255.2899933,222.9804077,256.3099976,254,103715300,11.22999954,88.33999634,54.9160347,105.6500015,85.18157196,24.36000061,20.35035896
2017-10-26,255.6199951,223.2686157,256.2999878,255.4799957,69798000,11.30000019,88.23000336,54.84766006,105.5100021,85.06871796,24.62000084,20.5675621
2017-10-27,257.7099915,225.0941162,257.8900146,255.6300049,85562500,9.800000191,88.47000122,54.9968605,105.8499985,85.3427887,24.68000031,20.61768723
2017-10-30,256.75,224.255661,257.6000061,256.4100037,54285700,10.5,88.44999695,54.98441315,106.2300034,85.64919281,24.55999947,20.51743698
2017-10-31,257.1499939,224.60495,257.4400024,256.8099976,60304800,10.18000031,88.47000122,54.9968605,106.1600037,85.5927887,24.57999992,20.53414917
2017-11-01,257.4899902,224.901947,258.4299927,257.0700073,54202700,10.19999981,88.01999664,54.94444275,106.0599976,85.64441681,24.62999916,20.5759182
2017-11-02,257.5899963,224.9893036,257.75,256.1900024,56449500,9.930000305,87.97000122,54.91320419,106.1999969,85.75745392,24.62999916,20.5759182
2017-11-03,258.4500122,225.7404633,258.5,257.2999878,59589700,9.140000343,87.98000336,54.91945648,106.3700027,85.89476776,24.69000053,20.62604141
2017-11-06,258.8500061,226.0897827,259,258.2200012,49652600,9.399999619,87.98999786,54.92567062,106.5,85.99973297,24.62999916,20.5759182
2017-11-07,258.6700134,225.9326172,259.3500061,258.0899963,57502200,9.890000343,87.73999786,54.76961136,106.5400009,86.03205109,24.67000008,20.60933495
2017-11-08,259.1099854,226.3168945,259.2200012,258.1499939,50469600,9.779999733,87.34999847,54.52614975,106.4100037,85.92704773,24.65999985,20.60097694
2017-11-09,258.1700134,225.4959412,258.3900146,256.3599854,95085500,10.5,86.91999817,54.25774384,106.3700027,85.89476776,24.55999947,20.51743698
2017-11-10,258.0899963,225.4260101,258.2900085,257.3699951,59984700,11.28999996,87.11000061,54.37635422,105.8300018,85.45871735,24.54000092,20.50073051
2017-11-13,258.3299866,225.6356049,258.5899963,257.269989,50228600,11.5,87.05000305,54.33890915,105.7799988,85.41838074,24.55999947,20.51743698
2017-11-14,257.730011,225.111618,257.8500061,256.519989,61315200,11.59000015,86.68000031,54.10794449,105.9300003,85.53951263,24.38999939,20.37541962
2017-11-15,256.4400024,223.9848633,257.2200012,255.6300049,80811500,13.13000011,86.68000031,54.10794449,106.3099976,85.84631348,24.37999916,20.36706734
2017-11-16,258.6199951,225.8889465,259.0400085,257.4700012,67777000,11.76000023,87.52999878,54.63852692,106.0400009,85.62826538,24.40999985,20.39212608
2017-11-17,257.8599854,225.2251434,258.5899963,257.769989,75756800,11.43000031,87.47000122,54.60108566,106.1800003,85.74134064,24.34000015,20.33364868
2017-11-20,258.2999878,225.609436,258.519989,257.8599854,48075500,10.64999962,87.48999786,54.61353302,106.0100021,85.60405731,24.45999908,20.43389702
2017-11-21,259.9899902,227.0855255,260.2000122,258.2600098,69176800,9.729999542,87.66999817,54.72589874,106.0299988,85.62021637,24.43000031,20.40883636
2017-11-22,259.7600098,226.884613,260.1499939,259.5700073,45033400,9.880000114,87.80999756,54.81330872,106.3700027,85.89476776,24.23999977,20.25010681
2017-11-24,260.3599854,227.4087067,260.480011,260.1600037,27856500,9.670000076,87.87000275,54.85077667,106.2799988,85.82206726,24.12999916,20.15821457
2017-11-27,260.230011,227.295166,260.75,260,52274900,9.869999886,87.59999847,54.6822319,106.3499985,85.87862396,24.15999985,20.18328094
2017-11-28,262.8699951,229.6010742,262.8999939,260.6499939,98971700,10.02999973,87.87000275,54.85077667,106.3700027,85.89476776,24.26000023,20.26682091
2017-11-29,262.7099915,229.461319,263.6300049,262.2000122,77512100,10.69999981,87.76000214,54.78211975,106.0299988,85.62021637,24.25,20.25846481
2017-11-30,265.0100098,231.4701996,266.0499878,263.6700134,127894400,11.27999973,87.77999878,54.79460144,105.6999969,85.35375977,24.19000053,20.20833969
2017-12-01,264.4599915,230.9898376,265.3099976,260.7600098,164390900,11.43000031,87.37999725,54.77706528,105.9300003,85.66918182,24.17000008,20.19163132
2017-12-04,264.1400146,230.7103577,266.7999878,264.0799866,94040600,11.68000031,87.34999847,54.75820923,105.8799973,85.62867737,24.25,20.25846481
2017-12-05,263.1900024,229.8805237,265.1499939,263.0400085,77994500,11.32999992,87.30000305,54.72688675,105.9599991,85.69339752,24.29000092,20.29188156
2017-12-06,263.2399902,229.9242096,263.730011,262.7099915,75898600,11.02000046,87.22000122,54.67673492,106.1800003,85.87138367,24.35000038,20.34200287
2017-12-07,264.0700073,230.6491852,264.4299927,262.9400024,77218600,10.15999985,87.26000214,54.70182037,105.9899979,85.71767426,24.39999962,20.38377571
2017-12-08,265.5100098,231.9069824,265.519989,264.0299988,76563900,9.579999924,87.34999847,54.75820923,105.9100037,85.65299225,24.44000053,20.41719055
2017-12-11,266.3099976,232.6057129,266.3800049,265.480011,83077500,9.340000153,87.37000275,54.7707901,105.8399963,85.59638214,24.44000053,20.41719055
2017-12-12,266.7799988,233.0162201,267.3200073,266.3500061,85195800,9.920000076,87.33000183,54.74567795,105.75,85.52359009,24.47999954,20.4506073
2017-12-13,266.75,232.9899902,267.5599976,266.6499939,102905400,10.18000031,87.37999725,54.77706528,106.1800003,85.87138367,24.30999947,20.30858994
2017-12-14,265.6600037,232.0379486,267.2200012,265.6000061,100666700,10.48999977,87.19999695,54.66420746,106.1399994,85.83895111,24.32999992,20.32529449
2017-12-15,266.5100098,233.9702454,267.0400085,265.3900146,144610300,9.420000076,87.20999908,54.67047882,106.1200027,85.82284546,24.43000031,20.40883636
2017-12-18,268.2000122,235.4539032,268.6000061,267.980011,83653600,9.529999733,87.30000305,54.72688675,105.8799973,85.62867737,24.37000084,20.37789726
2017-12-19,267.1700134,234.5496063,268.5299988,267.0899963,82382900,10.02999973,87.12000275,54.61405182,105.4000015,85.2405014,24.29999924,20.31936455
2017-12-20,267.0299988,234.426712,268.3299866,266.6900024,76751500,9.720000267,87.19000244,54.65792465,105.0899963,84.98979187,24.27000046,20.29428101
2017-12-21,267.5799866,234.9096222,268.3900146,267.2999878,67032300,9.619999886,86.91999817,54.71520233,105,85.04974365,24.26000023,20.28591919
2017-12-22,267.5100098,234.8482056,267.6400146,266.8999939,78720900,9.899999619,87,54.76556396,105.0400009,85.08214569,24.27000046,20.29428101
2017-12-26,267.1900024,234.5672302,267.4400024,266.8900146,45244400,10.25,87.12999725,54.84740067,105.0800018,85.11456299,24.25,20.27755547
2017-12-27,267.3200073,234.6813354,267.730011,267.0100098,57751000,10.47000027,87.16999817,54.87255478,105.5299988,85.47902679,24.20000076,20.23574638
2017-12-28,267.8699951,235.1641846,267.9200134,267.4500122,45116100,10.18000031,87.12999725,54.84740067,105.4000015,85.37373352,24.12999916,20.17721176
2017-12-29,266.8599854,234.2774506,268.5499878,266.6400146,96007400,11.03999996,87.26000214,54.929245,105.5699997,85.51142883,24.03000069,20.0935955
2018-01-02,268.769989,235.9542999,268.8099976,267.3999939,86655700,9.770000458,87.33999634,54.97957993,105.2200012,85.22798157,23.93000031,20.00997353
2018-01-03,270.4700012,237.4467316,270.6400146,268.9599915,90070400,9.149999619,87.76000214,55.24399567,105.3300018,85.3170166,24.02000046,20.08523178
2018-01-04,271.6099854,238.4475403,272.1600037,270.5400085,80636400,9.220000267,87.91000366,55.33839417,105.2799988,85.27653503,23.94000053,20.01833725
2018-01-05,273.4200134,240.0365753,273.5599976,271.9500122,83524000,9.220000267,87.97000122,55.37618637,105.1500015,85.17121124,23.95999908,20.03506088
2018-01-08,273.9200134,240.4755249,274.1000061,272.980011,57319200,9.520000458,87.90000153,55.33211517,105.0999985,85.13075256,24.06999969,20.12704086
2018-01-09,274.5400085,241.0198059,275.25,274.0799866,57254000,10.07999992,87.62999725,55.1621666,104.5999985,84.7257309,24.12000084,20.16884995
2018-01-10,274.1199951,240.6510773,274.4200134,272.9200134,69574300,9.819999695,87.44000244,55.04255676,104.5699997,84.70145416,24.05999947,20.11868095
2018-01-11,276.1199951,242.4068451,276.1199951,274.5599976,62361500,9.880000114,87.73000336,55.22507858,104.6399994,84.75815582,23.95999908,20.03506088
2018-01-12,277.9200134,243.9871826,278.1099854,276.0799866,90816100,10.15999985,87.58000183,55.1306572,104.5699997,84.70145416,23.70999908,19.82601166
2018-01-16,276.9700012,243.1531067,280.0899963,276.1799927,106555100,11.65999985,87.52999878,55.09922409,104.6200027,84.74195099,23.57999992,19.71730995
2018-01-17,279.6099854,245.4707031,280.0499878,276.9700012,113258800,11.90999985,87.54000092,55.10549927,104.3899994,84.55566406,23.63999939,19.76748085
2018-01-18,279.1400146,245.0581818,279.9599915,278.5799866,100728000,12.22000027,87.44999695,55.04885864,104.0599976,84.28832245,23.61000061,19.74239349
2018-01-19,280.4100037,246.173111,280.4100037,279.1400146,140920100,11.27000046,87.54000092,55.10549927,103.7900009,84.06964874,23.64999962,19.77584076
2018-01-22,282.6900024,248.1747742,282.6900024,280.1099854,91322400,11.02999973,87.62000275,55.15587997,103.75,84.03722382,23.56999969,19.70894814
2018-01-23,283.2900085,248.7014465,283.6199951,282.3699951,97084700,11.10000038,87.87999725,55.31951904,104.0500031,84.28023529,23.51000023,19.65877533
2018-01-24,283.1799927,248.6048737,284.7000122,281.8399963,134816100,11.47000027,87.75,55.23769379,103.8499985,84.1182785,23.28000069,19.46645546
2018-01-25,283.2999878,248.7102203,284.269989,282.3999939,84587300,11.57999992,87.69000244,55.1999321,104.0800018,84.3045578,23.30999947,19.49153709
2018-01-26,286.5799866,251.589798,286.6300049,283.9599915,107743100,11.07999992,87.76000214,55.24399567,103.7699966,84.05345154,23.26000023,19.44972992
2018-01-29,284.6799927,249.9217834,286.4299927,284.5,90118300,13.84000015,87.44999695,55.04885864,103.5100021,83.8428421,23.31999969,19.49990082
2018-01-30,281.7600098,247.3582306,284.7399902,281.2200012,131796400,14.78999996,87.15000153,54.86000824,103.2699966,83.64845276,23.28000069,19.46645546
2018-01-31,281.8999939,247.4812164,283.2999878,280.6799927,108364800,13.53999996,87.30000305,54.95443726,103.3000031,83.67274475,23.25,19.4413662
2018-02-01,281.5799866,247.2003021,283.0599976,280.6799927,90102500,13.47000027,86.76999664,54.85074234,102.5999985,83.2411499,23.12999916,19.34102249
2018-02-02,275.4500122,241.8187103,280.230011,275.4100037,173174800,17.30999947,86.22000122,54.50309372,102.2200012,82.93281555,23.27000046,19.45809174
2018-02-05,263.9299927,231.7052155,275.8500061,263.3099976,294681800,37.31999969,85.73999786,54.19966125,103.0599976,83.61431122,23.37000084,19.54171181
2018-02-06,269.1300049,236.2703247,269.7000122,258.7000122,355026800,29.97999954,86.26000214,54.52836609,102.6100006,83.24922943,23.42000008,19.58351707
2018-02-07,267.6700134,234.9886627,272.3599854,267.5799866,167376100,27.72999954,85.94000244,54.32607269,102.3099976,83.00585175,23.60000038,19.73403168
2018-02-08,257.6300049,226.1744843,268.1700134,257.5899963,246449500,33.45999908,85.19000244,53.85194016,102.4000015,83.07888794,23.60000038,19.73403168
2018-02-09,261.5,229.5719452,263.6099854,252.9199982,283565300,29.05999947,84.94999695,53.70022202,102.2200012,82.93281555,23.62000084,19.75075531
2018-02-12,265.3399963,232.9430084,267.0100098,261.6600037,143736000,25.61000061,85.52999878,54.0668869,102.1900024,82.90851593,23.54000092,19.68386269
2018-02-13,266,233.5225067,266.6199951,263.3099976,81223600,24.96999931,85.26000214,53.89622498,102.3600006,83.04644775,23.40999985,19.57515717
2018-02-14,269.5899963,236.6741486,270,264.2999878,120735700,19.26000023,85.41000366,53.99105072,101.7399979,82.543396,23.22999954,19.42464256
2018-02-15,273.0299988,239.6941528,273.0400085,268.769989,111200300,19.12999916,86.09999847,54.42722702,101.7699966,82.56770325,23.12999916,19.34102249
2018-02-16,273.1099854,239.7644348,275.3200073,272.269989,160420100,19.45999908,86.44999695,54.64848328,102.0100021,82.76249695,23.29000092,19.47481537
2018-02-20,271.3999939,238.2631989,273.6700134,270.5,86369700,20.60000038,86.15000153,54.45882034,101.9000015,82.67318726,23.44000053,19.60024261
2018-02-21,270.0499878,237.0780334,274.7200012,269.9400024,98883700,20.02000046,85.76000214,54.21227264,101.5999985,82.4298172,23.53000069,19.67549896
2018-02-22,270.3999939,237.3852539,273.0499878,269.6400146,110511300,18.71999931,85.81999969,54.25023651,101.7399979,82.543396,23.45000076,19.60860634
2018-02-23,274.7099915,241.1690521,274.7099915,271.25,92766400,16.48999977,86.38999939,54.61054993,102.1299973,82.85980988,23.5,19.65041351
2018-02-26,277.8999939,243.9695587,278.0100098,275.2600098,86491400,15.80000019,86.54000092,54.70535278,102.25,82.95718384,23.46999931,19.62532616
2018-02-27,274.4299927,240.9232025,278.9200134,274.3599854,99099200,18.59000015,86.30999756,54.55995941,101.9300003,82.69754791,23.62000084,19.75075531
2018-02-28,271.6499939,238.4826965,276.1900024,271.2900085,121907800,19.85000038,86.18000031,54.47779465,102.1699982,82.89226532,23.69000053,19.80928993
2018-03-01,267.7000122,235.0149536,273.1700134,266,176855100,22.46999931,85.26999664,54.11664963,102.4499969,83.2489624,23.61000061,19.74239349
2018-03-02,269.0799866,236.2264404,269.7200012,264.8200073,139083200,19.59000015,85.75,54.42128754,102.0699997,82.94022369,23.51000023,19.65877533
2018-03-05,272.1900024,238.9567261,272.8900146,267.6099854,97307400,18.72999954,85.75,54.42128754,101.9400024,82.83452606,23.51000023,19.65877533
2018-03-06,272.8800049,239.5625458,273.3900146,271.1799927,79213200,18.36000061,85.87000275,54.4974823,101.9300003,82.82641602,23.45000076,19.60860634
2018-03-07,272.7799988,239.4746857,273.1799927,270.2000122,87063500,17.76000023,85.66000366,54.36418533,101.9300003,82.82641602,23.43000031,19.59187889
2018-03-08,274.1000061,240.6335297,274.2399902,272.4200134,66901200,16.54000092,85.76000214,54.42763519,102.1399994,82.9970932,23.57999992,19.71730995
2018-03-09,278.8699951,244.8211823,278.8699951,275.3399963,113625300,14.64000034,86.06999969,54.62440491,101.9199982,82.81832123,23.54999924,19.6922245
2018-03-12,278.519989,244.5138245,279.9100037,278.0799866,71924800,15.77999973,85.93000031,54.53554153,102.1600037,83.01335907,23.52000046,19.66713905
2018-03-13,276.7200012,242.93367,280.4100037,276.0299988,91968900,16.35000038,85.66000366,54.36418533,102.3300018,83.15148163,23.45999908,19.61696625
2018-03-14,275.2999878,241.6869965,278.019989,274.6700134,105895100,17.22999954,85.55999756,54.30070877,102.5299988,83.31400299,23.46999931,19.62532616
2018-03-15,275,241.4236298,276.6099854,274.4299927,83433000,16.59000015,85.62000275,54.3388176,102.4899979,83.28151703,23.55999947,19.70058441
2018-03-16,274.2000122,241.6854248,275.3900146,274.1400146,100343700,15.80000019,85.80000305,54.45304108,102.3700027,83.18400574,23.62000084,19.75075531
2018-03-19,270.4899902,238.4152985,274.3999939,268.6199951,109208400,19.02000046,85.44999695,54.23087311,102.2699966,83.10274506,23.52000046,19.66713905
2018-03-20,270.9500122,238.8208008,271.6700134,270.1799927,59757300,18.20000076,85.62000275,54.3388176,102.0699997,82.94022369,23.65999985,19.78420258
2018-03-21,270.4299927,238.362442,273.269989,270.1900024,78709600,17.86000061,85.65000153,54.35784912,102.1399994,82.9970932,23.46999931,19.62532616
2018-03-22,263.6700134,232.4040833,268.8699951,263.3599854,148785900,23.34000015,85.13999939,54.03417206,102.5599976,83.33835602,23.5,19.65041351
2018-03-23,258.0499878,227.4504242,264.5400085,257.8299866,183534800,24.87000084,84.91999817,53.89454651,102.6999969,83.45215607,23.42000008,19.58351707
2018-03-26,265.1099854,233.6733246,265.4299927,259.4100037,141956100,21.03000069,85.47000122,54.24360275,102.4199982,83.22458649,23.30999947,19.49153709
2018-03-27,260.6000061,229.6981049,266.769989,258.8399963,129941400,22.5,85.38999939,54.19281769,103,83.69590759,23.42000008,19.58351707
2018-03-28,259.8299866,229.0193787,262.6400146,258.5799866,146452300,22.87000084,85.34999847,54.16743469,102.9800034,83.67965698,23.62999916,19.75911522
2018-03-29,263.1499939,231.945694,265.2600098,259.8399963,111601600,19.96999931,85.63999939,54.35150909,103.1900024,83.85029602,23.61000061,19.74239349
2018-04-02,257.4700012,226.9392853,263.1300049,254.6699982,186286300,23.62000084,84.95999908,54.14054871,103.1200027,83.9357605,23.60000038,19.73403168
2018-04-03,260.769989,229.8479614,261.3099976,256.8399963,119956900,21.10000038,85.19999695,54.29349518,102.7900009,83.66714478,23.63999939,19.76748085
2018-04-04,263.5599976,232.3070526,264.3599854,256.6000061,123715300,20.05999947,85.38999939,54.41457748,102.7300034,83.61831665,23.62999916,19.75911522
2018-04-05,265.6400146,234.1405182,266.6400146,264.3200073,82652600,18.94000053,85.45999908,54.45917892,102.4700012,83.40674591,23.71999931,19.83437347
2018-04-06,259.7200012,228.9225006,265.1099854,258,179521200,21.48999977,85.26999664,54.3380928,102.9199982,83.77293396,23.62999916,19.75911522
2018-04-09,261,230.0506897,264.8399963,259.9400024,105442900,21.77000046,85.58999634,54.54202271,102.9400024,83.78925323,23.56999969,19.70894814
2018-04-10,265.1499939,233.7086029,266.0400085,262.980011,103529000,20.46999931,85.90000153,54.73957443,102.7600021,83.64276886,23.51000023,19.65877533
2018-04-11,263.7600098,232.4834137,265.6400146,263.3900146,91140200,20.23999977,85.93000031,54.75870895,102.8600006,83.72415924,23.48999977,19.6420517
2018-04-12,265.9299927,234.3960571,267,265.0599976,68890500,18.48999977,86.23999786,54.95623779,102.4899979,83.42300415,23.54000092,19.68386269
2018-04-13,265.1499939,233.7086029,267.5400085,264.0100098,85079200,17.40999985,86.29000092,54.98809433,102.5800018,83.49621582,23.54000092,19.68386269
2018-04-16,267.3299866,235.6300507,268.2000122,266.0700073,63405300,16.55999947,86.41999817,55.07094574,102.5299988,83.45553589,23.45999908,19.61696625
2018-04-17,270.1900024,238.1509247,270.8699951,268.75,64682000,15.25,86.45999908,55.09644699,102.5899963,83.50436401,23.45999908,19.61696625
2018-04-18,270.3900146,238.3271484,271.2999878,269.8699951,57303900,15.60000038,86.37000275,55.03905487,102.1900024,83.17879486,23.51000023,19.65877533
2018-04-19,268.8900146,237.0050812,269.8800049,267.7200012,77655900,15.96000004,86.09999847,54.86703491,101.9100037,82.95088196,23.57999992,19.71730995
2018-04-20,266.6099854,234.9954681,269.0599976,265.6099854,99953100,16.87999916,85.88999939,54.73321533,101.5699997,82.6741333,23.71999931,19.83437347
2018-04-23,266.5700073,234.9601898,267.8900146,265.3500061,65558000,16.34000015,85.66000366,54.58662415,101.4700012,82.59272003,23.87000084,19.95980263
2018-04-24,262.980011,231.7958832,267.980011,261.2799988,112885500,18.02000046,85.48999786,54.47831345,101.3499985,82.49505615,23.84000015,19.93471909
2018-04-25,263.6300049,232.3688354,264.1300049,260.8500061,103840900,17.84000015,85.5,54.48468781,101.1299973,82.31600189,23.94000053,20.01833725
2018-04-26,266.3099976,234.7310333,267.25,264.2900085,67731900,16.23999977,85.80000305,54.6758461,101.4199982,82.55206299,24.04999924,20.11031532
2018-04-27,266.5599976,234.9513245,267.3399963,265.5,57053600,15.40999985,85.76000214,54.65034866,101.5899963,82.69037628,24.03000069,20.0935955
2018-04-30,264.5100098,233.1445007,267.8900146,264.4299927,82182300,15.93000031,85.69999695,54.61211777,101.6999969,82.77992249,24.12999916,20.17721176
2018-05-01,264.980011,233.5586853,265.1000061,262.1099854,74203400,15.48999977,85.40000153,54.6524353,101.3499985,82.6502533,24.29000092,20.31100273
2018-05-02,263.2000122,231.9898529,265.6799927,262.7600098,86368900,15.97000027,85.37000275,54.63324738,101.3700027,82.66657257,24.39999962,20.40298271
2018-05-03,262.6199951,231.4785919,263.3599854,259.0499878,136311500,15.89999962,85.36000061,54.62681961,101.6299973,82.87860107,24.29999924,20.31936455
2018-05-04,266.019989,234.4753876,266.7900085,261.1499939,91222100,14.77000046,85.41999817,54.66525269,101.6399994,82.8867569,24.32999992,20.34444809
2018-05-07,266.9200134,235.2686768,268.019989,266.1099854,55304900,14.75,85.5,54.71644592,101.5899963,82.8459549,24.37999916,20.38625908
2018-05-08,266.9200134,235.2686768,267.3299866,265.1499939,67499200,14.71000004,85.37000275,54.63324738,101.4199982,82.70735931,24.46999931,20.46151733
2018-05-09,269.5,237.5428009,269.8699951,267.0899963,59666100,13.42000008,85.51000214,54.72286987,101.1900024,82.51979828,24.46999931,20.46151733
2018-05-10,272.019989,239.7639923,272.3900146,270.2200012,72063900,13.22999954,85.76000214,54.88282013,101.4000015,82.69107056,24.36000061,20.36953545
2018-05-11,272.8500061,240.4956207,273.1499939,271.5799866,59871500,12.64999962,85.73000336,54.86363983,101.4100037,82.69919586,24.31999969,20.33608627
2018-05-14,272.980011,240.6101379,274.0799866,272.3599854,54790600,12.93000031,85.75,54.87641907,101.1900024,82.51979828,24.35000038,20.36117363
2018-05-15,271.1000061,238.9530029,271.6099854,270.0299988,87036100,14.63000011,85.33000183,54.60762787,100.6299973,82.06311035,24.5,20.48660088
2018-05-16,272.2399902,239.9578247,272.7600098,271.1099854,53942600,13.42000008,85.44000244,54.67802048,100.4199982,81.89189911,24.55999947,20.53677177
2018-05-17,272.0100098,239.7551422,273.230011,271.1300049,56536400,13.43000031,85.48999786,54.71004486,100.3600006,81.84294128,24.59000015,20.56185722
2018-05-18,271.3299866,239.1557465,272.0299988,270.9299927,64368000,13.42000008,85.40000153,54.6524353,100.75,82.16098022,24.63999939,20.60366631
2018-05-21,273.3699951,240.9538269,273.980011,272.5700073,58025900,13.07999992,85.51999664,54.72924805,100.8199997,82.21808624,24.62000084,20.58694458
2018-05-22,272.6099854,240.2839203,274.25,272.2399902,52966400,13.22000027,85.58000183,54.76762772,100.7799988,82.18544769,24.61000061,20.57858276
2018-05-23,273.3599854,240.9450226,273.3900146,270.9899902,64694200,12.57999992,85.65000153,54.81242752,101.2399979,82.5605545,24.70999908,20.66220093
2018-05-24,272.7999878,240.4514465,273.2200012,270.7799988,76043800,12.52999973,85.69999695,54.84442902,101.5,82.77261353,24.68000031,20.63711739
2018-05-25,272.1499939,239.8785553,272.8599854,271.5799866,56374800,13.22000027,85.55999756,54.75481796,101.9000015,83.09882355,24.79999924,20.73745728
2018-05-29,269.019989,237.1196594,271.1700134,267.7600098,115908600,17.02000046,85.19999695,54.52445221,103,83.99582672,24.96999931,20.87961006
2018-05-30,272.6099854,240.2839203,273.1099854,270.4200134,69678400,14.93999958,85.45999908,54.6908226,102.5599976,83.63703918,24.78000069,20.72073364
2018-05-31,270.9400024,238.8120117,272.4899902,270.2600098,93519900,15.43000031,85.37999725,54.63963699,102.5100021,83.59621429,24.76000023,20.70401192
2018-06-01,273.6000061,241.1565857,273.9400024,272.3299866,71258400,13.46000004,85.19000244,54.76432419,101.9300003,83.28736877,24.79999924,20.73745728
2018-06-04,274.8999939,242.3023682,275.1900024,274.2600098,45385200,12.73999977,85.37000275,54.88008118,101.5699997,82.99321747,24.78000069,20.72073364
2018-06-05,275.1000061,242.4788055,275.5299988,274.1799927,51135000,12.39999962,85.47000122,54.94435883,101.8300018,83.20568085,24.75,20.69564819
2018-06-06,277.3999939,244.5059357,277.519989,275.0899963,62732200,11.64000034,85.68000031,55.0793457,101.4199982,82.8706665,24.68000031,20.63711739
2018-06-07,277.3699951,244.4795685,278.2799988,276.3399963,72969400,12.13000011,85.70999908,55.09865189,101.8499985,83.22200012,24.62999916,20.5953064
2018-06-08,278.1900024,245.2022247,278.25,276.6600037,72139700,12.18000031,85.66000366,55.06649017,101.7099991,83.10764313,24.63999939,20.60366631
2018-06-11,278.5599976,245.5283661,279.3699951,278.3099976,58892500,12.35000038,85.81999969,55.1693573,101.6100006,83.02590942,24.65999985,20.62039185
2018-06-12,278.9200134,245.8457336,279.3299866,278.1900024,72329000,12.34000015,85.88999939,55.2143364,101.5500031,82.97691345,24.70999908,20.66220093
2018-06-13,278.0299988,245.0612793,279.480011,277.7999878,79070600,12.93999958,85.91999817,55.23364258,101.4300003,82.87885284,24.67000008,20.62875557
2018-06-14,278.730011,245.6782379,279.3299866,278.0599976,77097600,12.11999989,86.16999817,55.39434052,101.75,83.14028931,24.98999977,20.89633369
2018-06-15,277.1300049,245.3648682,277.5100098,275.3500061,120041600,11.97999954,86.12000275,55.36220169,101.8300018,83.20568085,24.96999931,20.87961006
2018-06-18,276.5599976,244.860199,276.7000122,274.9500122,52917600,12.31000042,86.11000061,55.3557663,101.8799973,83.24649811,24.96999931,20.87961006
2018-06-19,275.5,243.9216919,275.75,273.5299988,97531500,13.35000038,85.98999786,55.27863693,102.1500015,83.46717072,25.04000092,20.93814087
2018-06-20,275.9700012,244.3378143,276.7200012,275.5899963,53785500,12.78999996,86.08000183,55.33645248,101.8199997,83.1975174,25.05999947,20.9548645
2018-06-21,274.2399902,242.8061371,275.980011,273.6799927,71061400,14.64000034,85.90000153,55.2207756,102.0899963,83.41810608,24.98999977,20.89633369
2018-06-22,274.7399902,243.2488251,275.7900085,274.4899902,54898500,13.77000046,85.91000366,55.22718811,102.1100006,83.4344635,24.89999962,20.82107925
2018-06-25,271,239.937439,273.6199951,269.1000061,137854200,17.32999992,85.70999908,55.09865189,102.25,83.54882812,24.86000061,20.78762817
2018-06-26,271.6000061,240.4686737,272.5599976,270.7900085,68547400,15.92000008,85.69999695,55.09220123,102.3000031,83.58976746,24.98999977,20.89633369
2018-06-27,269.3500061,238.476593,273.8699951,269.1799927,105110700,17.90999985,85.51999664,54.97649002,102.6900024,83.9083786,25.13999939,21.02176094
2018-06-28,270.8900146,239.8401184,271.75,268.4899902,76650500,16.85000038,85.27999878,54.82221222,102.5899963,83.82666779,25.13999939,21.02176094
2018-06-29,271.2799988,240.185379,273.6600037,271.1499939,97592500,16.09000015,85.08000183,54.69364548,102.5100021,83.76129913,24.94000053,20.85452461
2018-07-02,271.8599854,240.6988373,272.0400085,269.2399902,63554800,15.60000038,84.77999878,54.74592972,102.25,83.70394897,25.05999947,20.9548645
2018-07-03,270.8999939,239.8488922,272.980011,270.4200134,42187100,16.13999939,84.79000092,54.75241852,102.5100021,83.91682434,24.97999954,20.88797188
2018-07-05,273.1099854,241.8056335,273.1799927,270.9599915,56925900,14.97000027,85.11000061,54.95903778,102.5199966,83.9250412,24.89999962,20.82107925
2018-07-06,275.4200134,243.8508759,275.8399963,272.7099915,66493700,13.36999989,85.33000183,55.10109711,102.6100006,83.99874115,24.81999969,20.754179
2018-07-09,277.8999939,246.0465851,277.9599915,276.5,50550400,12.68999958,85.45999908,55.18505478,102.3499985,83.78583527,24.82999992,20.76254272
2018-07-10,278.8999939,246.9319153,279.0100098,278.0799866,51966800,12.64000034,85.47000122,55.19152069,102.2699966,83.7203598,24.84000015,20.77090454
2018-07-11,276.8599854,245.1258087,278.0400085,276.519989,77054700,13.63000011,85.33999634,55.10754776,102.4800034,83.8923111,25.01000023,20.91305542
2018-07-12,279.3699951,247.3480988,279.4299927,277.6000061,60124700,12.57999992,85.61000061,55.28190231,102.4400024,83.85952759,25.03000069,20.92978096
2018-07-13,279.5899963,247.5427856,279.9299927,278.6600037,48216000,12.18000031,85.61000061,55.28190231,102.6100006,83.99874115,25,20.90469551
2018-07-16,279.3399963,247.3214417,279.7999878,278.8399963,48201000,12.82999992,85.55000305,55.24316788,102.4400024,83.85952759,24.95999908,20.87124634
2018-07-17,280.4700012,248.3219299,280.9100037,278.4100037,52315500,12.06000042,85.58000183,55.26255035,102.3799973,83.8104248,25.06999969,20.96323013
2018-07-18,281.0599976,248.8443298,281.1799927,280.0599976,44593500,12.10000038,85.62000275,55.28836823,102.3000031,83.74497223,25.10000038,20.98831558
2018-07-19,280,247.905899,280.7399902,279.4599915,61412100,12.86999989,85.58000183,55.26255035,102.5800018,83.9741745,25.14999962,21.03012466
2018-07-20,279.6799927,247.6226044,280.480011,279.5,82337700,12.85999966,85.62000275,55.28836823,102.2200012,83.67944336,24.95000076,20.86288643
2018-07-23,280.2000122,248.0829926,280.4299927,279.0599976,47047600,12.61999989,85.58999634,55.26900864,101.7200012,83.2700882,24.98999977,20.89633369
2018-07-24,281.6099854,249.3312683,282.5599976,280.6300049,68026900,12.40999985,85.76999664,55.38521576,101.7900009,83.32744598,25,20.90469551
2018-07-25,284.0100098,251.4562378,284.3699951,281.2799988,78882900,12.28999996,85.93000031,55.48854065,101.7200012,83.2700882,24.87999916,20.80435181
2018-07-26,283.3399963,250.8630676,284.1099854,283.0899963,57919500,12.14000034,85.94000244,55.49501038,101.6100006,83.1800766,25.04999924,20.94650459
2018-07-27,281.4200134,249.163147,283.8200073,280.3800049,76768700,13.02999973,85.91000366,55.47561646,101.7699966,83.31104279,25.02000046,20.92142105
2018-07-30,279.9500122,247.861618,281.6900024,279.3599854,63742500,14.26000023,85.94000244,55.49501038,101.6399994,83.20463562,24.93000031,20.8461628
2018-07-31,281.3299866,249.0833435,282.019989,280.3800049,68570500,12.82999992,86.12000275,55.61122513,101.7799988,83.31925964,24.97999954,20.88797188
2018-08-01,280.8599854,248.6672668,282.1300049,280.1300049,53853300,13.14999962,85.83000183,55.66115952,101.3399963,83.12239075,25.01000023,20.91305542
2018-08-02,282.3900146,250.0220337,282.5799866,279.1600037,63426400,12.18999958,85.87999725,55.69363022,101.4599991,83.22086334,25.14999962,21.03012466
2018-08-03,283.6000061,251.0932159,283.6600037,282.3299866,53935400,11.64000034,85.94999695,55.73898315,101.7200012,83.4340744,25.17000008,21.0468502
2018-08-06,284.6400146,252.0141144,284.9899902,283.2000122,39400900,11.27000046,86.11000061,55.84273148,101.7699966,83.47510529,25.20999908,21.08029556
2018-08-07,285.5799866,252.8463593,286.0100098,285.2399902,43196600,10.93000031,86.15000153,55.86870956,101.5599976,83.30282593,25.18000031,21.05521011
2018-08-08,285.4599915,252.740036,285.9100037,284.9400024,42114600,10.85000038,86.09999847,55.83625412,101.6500015,83.37667847,25.14999962,21.03012466
2018-08-09,285.0700073,252.3947906,285.9700012,284.9200134,35717000,11.27000046,86.04000092,55.79735565,101.9300003,83.60631561,25.29999924,21.15555
2018-08-10,283.1600037,250.7036896,284.0599976,282.3599854,77076000,13.15999985,85.88999939,55.70008087,102.3700027,83.96724701,25.47999954,21.30606651
2018-08-13,282.1000061,249.7650909,284.1600037,281.769989,65732900,14.77999973,85.83000183,55.66115952,102.3399963,83.94262695,25.48999977,21.31442642
2018-08-14,283.8999939,251.3588867,284.1700134,282.480011,43842000,13.31000042,85.98000336,55.75843811,102.2399979,83.86058044,25.59000015,21.39804649
2018-08-15,281.7799988,249.4818726,282.5400085,280.1600037,102925400,14.64000034,85.83000183,55.66115952,102.4899979,84.06568146,25.59000015,21.39804649
2018-08-16,284.0599976,251.500473,285.0400085,283.3599854,69967900,13.44999981,85.94000244,55.73248672,102.4599991,84.04104614,25.56999969,21.38132286
2018-08-17,285.0599976,252.3858643,285.5599976,283.3699951,65618500,12.64000034,86.04000092,55.79735565,102.5,84.07387543,25.44000053,21.27262115
2018-08-20,285.6700134,252.9259338,285.9700012,285.0599976,39807500,12.48999977,86.08000183,55.82329559,102.8199997,84.33633423,25.37999916,21.22244644
2018-08-21,286.3399963,253.519165,287.3099976,285.7099915,67272000,12.85999966,86.20999908,55.90758896,102.6800003,84.22151947,25.22999954,21.09701729
2018-08-22,286.1700134,253.3686371,286.7600098,285.5799866,44993300,12.25,86.23999786,55.92705536,102.8700027,84.37732697,25.15999985,21.03848457
2018-08-23,285.7900085,253.032196,286.9400024,285.4299927,49204900,12.40999985,86.23000336,55.92058563,102.8600006,84.369133,25.31999969,21.17227554
2018-08-24,287.5100098,254.5550537,287.6700134,286.3800049,57487400,11.98999977,86.37999725,56.01784897,102.8899994,84.39373779,25.20000076,21.07193375
2018-08-27,289.7799988,256.5648804,289.8999939,288.6799927,57072400,12.15999985,86.41000366,56.03730392,102.6600037,84.20509338,25.10000038,20.98831558
2018-08-28,289.9200134,256.6888123,290.4200134,289.3999939,46943500,12.5,86.37000275,56.01134872,102.4300003,84.0164566,25.10000038,20.98831558
2018-08-29,291.480011,258.0699768,291.7399902,289.8900146,61485500,12.25,86.31999969,55.97893524,102.4000015,83.99182129,25.05999947,20.9548645
2018-08-30,290.2999878,257.0252686,291.3599854,289.6300049,61229500,13.52999973,86.25,55.93354416,102.5899963,84.1476593,25.07999992,20.97159004
2018-08-31,290.3099976,257.0341797,290.8099976,289.2900085,66140800,12.85999966,86.36000061,56.00486374,102.6100006,84.16412354,25.19000053,21.06357384
2018-09-04,289.8099976,256.5914307,290.2099915,288.6799927,57594400,13.15999985,85.80999756,55.88829422,102.1699982,83.97174835,25.29999924,21.15555
2018-09-05,289.0299988,255.9008331,289.6400146,287.8900146,72452400,13.90999985,85.72000122,55.82969284,102.1600037,83.96354675,25.20999908,21.08029556
2018-09-06,288.1600037,255.1305389,289.4899902,287,65909900,14.64999962,85.79000092,55.87526703,102.3700027,84.1361618,25.20999908,21.08029556
2018-09-07,287.6000061,254.6346741,288.7000122,286.7099915,73524800,14.88000011,85.69999695,55.81664658,101.9100037,83.75810242,25.28000069,21.13882828
2018-09-10,288.1000061,255.0773926,289.0400085,287.8800049,50210900,14.15999985,85.87000275,55.92739487,101.9700012,83.80737305,25.22999954,21.09701729
2018-09-11,289.0499878,255.9184723,289.5499878,286.980011,50530500,13.22000027,85.88999939,55.94039536,101.5999985,83.50331116,25.25,21.11374092
2018-09-12,289.1199951,255.9804688,289.7999878,288.230011,59810800,13.14000034,86.08999634,56.07068253,101.7200012,83.60190582,25.15999985,21.03848457
2018-09-13,290.8299866,257.4944763,291.0400085,290,51034200,12.36999989,86.25,56.17487335,101.7099991,83.59368134,25.09000015,20.97995186
2018-09-14,290.8800049,257.5387573,291.269989,290,55079900,12.06999969,86.33000183,56.22697449,101.5199966,83.43752289,25.18000031,21.05521011
2018-09-17,289.3399963,256.175415,290.8599854,289.0299988,68244000,13.68000031,86.26999664,56.18789673,101.5400009,83.45397186,25.05999947,20.9548645
2018-09-18,290.9100037,257.5653687,291.5799866,289.5499878,61930400,12.78999996,86.26000214,56.18138504,101.1200027,83.10875702,25.10000038,20.98831558
2018-09-19,291.2200012,257.8397827,291.6900024,290.8299866,49080600,11.75,86.09999847,56.07715607,100.9499969,82.96906281,25.09000015,20.97995186
2018-09-20,293.5799866,259.9292908,293.9400024,291.2399902,100360600,11.80000019,86.22000122,56.15533066,100.9599991,82.97727203,24.90999985,20.82943726
2018-09-21,291.9899902,259.691803,293.2200012,291.8099976,105479700,11.68000031,86.23999786,56.16835785,101,83.01014709,24.98999977,20.89633369
2018-09-24,291.019989,258.8291931,291.5,290.3699951,53409600,12.19999981,86.19999695,56.14229584,100.8899994,82.91976166,24.98999977,20.89633369
2018-09-25,290.75,258.5889893,291.6499939,290.480011,44370000,12.42000008,86.12999725,56.09671021,100.7900009,82.83760071,25.01000023,20.91305542
2018-09-26,289.8800049,257.8152466,292.2399902,289.4100037,79739700,12.89000034,86.22000122,56.15533066,101.1200027,83.10875702,25.02000046,20.92142105
2018-09-27,290.6900024,258.535614,291.9100037,290.1000061,59249500,12.40999985,86.37999725,56.25953293,101.1200027,83.10875702,25.20000076,21.07193375
2018-09-28,290.7200012,258.5622864,291.2799988,289.9500122,70091400,12.11999989,86.44000244,56.29861832,101.1699982,83.14990997,25.26000023,21.12210274
2018-10-01,291.730011,259.4606018,292.9299927,290.980011,62078900,12,86.30000305,56.4615097,100.7099991,82.9390564,25.29999924,21.15555
2018-10-02,291.5599976,259.3093567,292.3599854,291.1400146,47258200,12.05000019,86.23000336,56.41573715,100.9700012,83.15319061,25.34000015,21.18900108
2018-10-03,291.7200012,259.4516907,293.2099915,291.3200073,64694600,11.60999966,86,56.26522446,100.2200012,82.5355072,25.42000008,21.25589561
2018-10-04,289.4400024,257.4239197,291.2399902,287.6600037,111545900,14.22000027,85.68000031,56.05587387,99.95999908,82.32136536,25.43000031,21.26425743
2018-10-05,287.8200073,255.983139,290.269989,286.2200012,105951700,14.81999969,85.30000305,55.80727005,99.72000122,82.12375641,25.39999962,21.23916817
2018-10-08,287.8200073,255.983139,288.2200012,285.5,87742200,15.68999958,85.11000061,55.68297958,99.76000214,82.15670776,25.43000031,21.26425743
2018-10-09,287.3999939,255.6095886,288.8599854,286.769989,74339000,15.94999981,85.23999786,55.76800919,99.94999695,82.31316376,25.42000008,21.25589561
2018-10-10,278.2999878,247.5161438,286.9100037,277.8800049,214731000,22.95999908,84.62999725,55.36892319,100,82.3543396,25.38999939,21.23081017
2018-10-11,272.1700134,242.0641937,278.8999939,270.3599854,274840500,24.97999954,84.69999695,55.41474533,100.4100037,82.69200134,25.25,21.11374092
2018-10-12,275.9500122,245.4261627,277.0899963,272.3699951,183186500,21.30999947,85.15000153,55.70916367,100.2900009,82.59320831,25.32999992,21.18063545
2018-10-15,274.3999939,244.0475311,277.0400085,274.2999878,102263700,21.29999924,85.08999634,55.66987991,100.3499985,82.64257812,25.27000046,21.13046646
2018-10-16,280.3999939,249.3838654,280.8200073,276.0700073,118255800,17.62000084,85.37999725,55.85961914,100.3399963,82.63436127,25.28000069,21.13882828
2018-10-17,280.4500122,249.428299,281.1499939,277.5599976,110626000,17.39999962,85.20999908,55.74839783,100.0500031,82.39553833,25.40999985,21.2475338
2018-10-18,276.3999939,245.8262634,280.0700073,274.9700012,134557500,20.05999947,84.84999847,55.51286316,100.2300034,82.54372406,25.52000046,21.33951378
2018-10-19,276.25,245.6929932,279.2999878,275.4700012,139901600,19.88999939,84.90000153,55.54557419,100.1100006,82.44494629,25.46999931,21.2977047
2018-10-22,275.0100098,244.5900726,277.3599854,274.4100037,82415800,19.63999939,84.94000244,55.57175064,100.1299973,82.46143341,25.55999947,21.37295914
2018-10-23,273.6099854,243.3449097,274.8699951,268.6099854,146352700,20.70999908,84.86000061,55.51939011,100.3899994,82.67549896,25.52000046,21.33951378
2018-10-24,265.3200073,235.9719391,273.7600098,264.7000122,177806700,25.22999954,84.44000244,55.24462128,100.9300003,83.12019348,25.64999962,21.44821739
2018-10-25,270.0799866,240.205307,271.8099976,266.230011,138061500,24.21999931,84.61000061,55.35585022,100.6900024,82.92259216,25.71999931,21.5067482
2018-10-26,265.3299866,235.9808044,271,262.2900085,201574600,24.15999985,84.23000336,55.10724258,101.1399994,83.29315948,25.64999962,21.44821739
2018-10-29,263.8599854,234.6733551,270.25,259.8500061,160749100,24.70000076,84.15000153,55.05487061,101.1299973,83.28494263,25.71999931,21.5067482
2018-10-30,267.769989,238.1509094,268.1199951,263.1199951,157116000,23.35000038,84.34999847,55.18571854,100.9100037,83.10375977,25.82999992,21.59873199
2018-10-31,270.6300049,240.6946411,273.230011,270.1199951,128296300,21.22999954,84.34999847,55.18571854,100.6600037,82.89789581,25.81999969,21.59036827
2018-11-01,273.5100098,243.2559509,273.730011,270.3800049,99495000,19.34000015,84.31999969,55.43887329,100.5299988,82.96884918,25.64999962,21.44821739
2018-11-02,271.8900146,241.8152008,275.230011,269.5899963,122634100,19.51000023,84.26999664,55.40601349,99.97000122,82.50670624,25.70999908,21.49838829
2018-11-05,273.3900146,243.1492767,274.0100098,271.3500061,65622500,19.95999908,84.33999634,55.45202255,100.0299988,82.55615234,25.70000076,21.49002838
2018-11-06,275.1199951,244.6879578,275.2999878,273.25,60085900,19.90999985,84.55999756,55.59667587,99.91999817,82.46541595,25.63999939,21.43985558
2018-11-07,281.0100098,249.9264221,281.1000061,277.0799866,102752100,16.36000061,85.05000305,55.91884613,99.91999817,82.46541595,25.59000015,21.39804649
2018-11-08,280.5,249.4727325,281.2200012,279.2200012,65584900,16.71999931,84.83999634,55.7807579,99.77999878,82.34985352,25.73999977,21.52347374
2018-11-09,277.7600098,247.0358734,279.2399902,276.1799927,98812600,17.36000061,84.36000061,55.46517181,100.1699982,82.67176056,25.79000092,21.56528664
2018-11-12,272.5700073,242.4199982,277.4599915,271.9899902,99673600,20.45000076,83.83999634,55.12327576,100.4700012,82.91931915,26.02000046,21.75760841
2018-11-13,272.0599976,241.9663086,275.3299866,271.25,98176600,20.02000046,83.69999695,55.0312233,100.5500031,82.98539734,25.93000031,21.68235016
2018-11-14,270.2000122,240.3121948,274.6099854,268.4500122,125335900,21.25,83.54000092,54.92604828,100.7600021,83.15866852,25.84000015,21.60709381
2018-11-15,273.019989,242.8201141,273.5400085,267.0100098,135101400,19.97999954,83.51999664,54.9128685,100.8300018,83.21646118,25.89999962,21.65726471
2018-11-16,273.730011,243.4517059,274.75,271.2099915,126668000,18.13999939,83.26999664,54.7485199,101.1399994,83.47229004,25.70999908,21.49838829
2018-11-19,269.1000061,239.3338013,273.3800049,268.0700073,103061700,20.10000038,83.01000214,54.57759094,101.2900009,83.59606934,25.69000053,21.48166466
2018-11-20,264.1199951,234.9046021,267,263.1499939,136021300,22.47999954,82.75,54.4066391,101.2699966,83.57958984,25.81999969,21.59036827
2018-11-21,265.019989,235.7050476,267.1499939,265.0100098,75563700,20.79999924,83.16999817,54.68275833,101.25,83.5630722,25.81999969,21.59036827
2018-11-23,263.25,234.1309052,264.8200073,263.0700073,42807900,21.52000046,82.70999908,54.38033295,101.3099976,83.61264038,25.87000084,21.63217926
2018-11-26,267.5,237.9107513,267.75,265.3399963,79981400,18.89999962,83.09999847,54.63676834,101.2300034,83.54660034,25.92000008,21.67398834
2018-11-27,268.3999939,238.7112274,268.3999939,265.6600037,75502400,19.02000046,83.05999756,54.61044693,101.3300018,83.62911987,25.98999977,21.73252106
2018-11-28,274.5799866,244.2076874,274.5799866,268.3299866,127629600,18.48999977,83.75,55.06412125,101.3199997,83.62084961,25.86000061,21.62381744
2018-11-29,273.980011,243.6740417,275.5499878,272.4299927,82346400,18.79000092,83.76999664,55.07727051,101.5800018,83.83545685,25.81999969,21.59036827
2018-11-30,275.6499939,245.1592865,276.2799988,273.4500122,98204200,18.06999969,83.59999847,54.96548462,101.7799988,84.0005188,25.92000008,21.67398834
2018-12-03,279.2999878,248.4055328,280.3999939,277.5100098,103176300,16.44000053,83.80000305,55.34590912,101.7900009,84.18412018,25.93000031,21.68235016
2018-12-04,270.25,240.3565826,278.8500061,269.8999939,177986000,20.73999977,83.27999878,55.00247955,102.2600021,84.57279968,25.87999916,21.64054108
2018-12-06,269.8399963,239.9919128,269.9700012,262.4400024,204185400,21.19000053,82.98999786,54.81093216,102.5199966,84.78785706,25.87000084,21.63217926
2018-12-07,263.5700073,234.4154663,271.2200012,262.6300049,161018900,23.22999954,82.83000183,54.70526123,102.8199997,85.03594208,25.79999924,21.57364655
2018-12-10,264.0700073,234.8601532,265.1600037,258.6199951,151445900,22.63999939,82.88999939,54.74488831,102.8799973,85.08557129,25.96999931,21.71579552
2018-12-11,264.1300049,234.913559,267.8699951,262.480011,121504400,21.76000023,83.04000092,54.84394455,102.6200027,84.87055969,26.04000092,21.77433014
2018-12-12,265.4599915,236.0964355,269,265.3699951,97976700,21.45999908,83.30999756,55.02229691,102.3399963,84.63896942,25.94000053,21.69071198
2018-12-13,265.3699951,236.0163727,267.4899902,264.1199951,96662700,20.64999962,83.51000214,55.15436554,102.4000015,84.688591,25.94000053,21.69071198
2018-12-14,260.4700012,231.6583405,264.0299988,259.8500061,116961100,21.62999916,83.16000366,54.92320251,102.5599976,84.82092285,26.04000092,21.77433014
2018-12-17,255.3600006,227.1136169,260.6499939,253.5299988,165492300,24.52000046,82.62000275,54.56658936,102.8600006,85.0690155,25.96999931,21.71579552
2018-12-18,255.0800018,226.8646088,257.9500122,253.2799988,134515100,25.57999992,82.08000183,54.46770859,102.9000015,85.27867126,25.95999908,21.7074337
2018-12-19,251.2599945,223.4671478,259.3999939,249.3500061,214992800,25.57999992,81.33999634,53.97659683,103.2600021,85.57704163,25.96999931,21.71579552
2018-12-20,247.1699982,219.8295441,251.6199951,244.6499939,252053400,28.37999916,80.62999725,53.50548553,103.1299973,85.4693222,25.77000046,21.54855919
2018-12-21,240.6999969,215.3253632,249.7100067,239.9799957,255345600,30.11000061,80.23000336,53.2400589,103.2200012,85.54390717,25.94000053,21.69071198
2018-12-24,234.3399963,209.6357727,240.8399963,234.2700043,147311600,36.06999969,79.62999725,52.84190369,103.4800034,85.75938416,25.54999924,21.59436035
2018-12-26,246.1799927,220.2276459,246.1799927,233.7599945,218485400,30.40999985,80.97000122,53.73112106,102.9899979,85.35334015,25.68000031,21.70423698
2018-12-27,248.0700073,221.9184265,248.2899933,238.9600067,186267300,29.95999908,80.91999817,53.69792175,103.25,85.56878662,25.56999969,21.61126518
2018-12-28,247.75,221.6321259,251.3999939,246.4499969,153100200,28.34000015,81.04000092,53.77753448,103.8099976,86.03289795,25.5,21.55210304
2018-12-31,249.9199982,223.5733185,250.1900024,247.4700012,144299400,25.42000008,81.09999847,53.81735992,104.1999969,86.35610962,25.45000076,21.50984192
2019-01-02,250.1799927,223.805954,251.2100067,245.9499969,126925200,23.21999931,80.98999786,53.74437332,104.4199982,86.53844452,25.63999939,21.67042732
2019-01-03,244.2100067,218.4653473,248.5700073,243.6699982,144140700,25.45000076,81.02999878,53.77090836,105.25,87.22628784,25.5,21.55210304
2019-01-04,252.3899994,225.782959,253.1100006,247.1699982,142628800,21.37999916,82.38999939,54.67342377,104.4000015,86.5218277,25.45999908,21.51829338
2019-01-07,254.3800049,227.5631714,255.9499969,251.6900024,103139100,21.39999962,83.19000244,55.20427322,104.1100006,86.28146362,25.35000038,21.42532349
2019-01-08,256.769989,229.7012634,257.3099976,254,102512600,20.46999931,83.73000336,55.56261444,103.8499985,86.06600952,25.43000031,21.492939
2019-01-09,257.9700012,230.7747498,258.9100037,256.1900024,95006600,19.97999954,83.83000183,55.6289978,103.9100037,86.11573792,25.19000053,21.29009819
2019-01-10,258.8800049,231.5887604,259.1600037,255.5,96823900,19.5,84.16000366,55.84798813,103.8600006,86.07431793,25.34000015,21.41687393
2019-01-11,258.980011,231.6782379,259.0100098,257.0299988,73858100,18.19000053,83.88999939,55.6687851,104.1699982,86.33123016,25.36000061,21.43377686
2019-01-14,257.3999939,230.2648315,258.2999878,256.4100037,70908200,19.06999969,83.62000275,55.48963165,104.1100006,86.28146362,25.36000061,21.43377686
2019-01-15,260.3500061,232.9038696,260.7000122,257.8099976,85208300,18.60000038,83.90000153,55.67541885,104.0100021,86.19859314,25.45000076,21.50984192
2019-01-16,260.980011,233.467453,261.9700012,260.6000061,77636700,19.04000092,84.02999878,55.76170731,103.9499969,86.14891815,25.47999954,21.53519821
2019-01-17,262.9599915,235.238678,263.9200134,259.9599915,96118400,18.05999947,84.26000214,55.91430664,103.7600021,85.99145508,25.47999954,21.53519821
2019-01-18,266.4599915,238.3696747,266.980011,263,127900300,17.79999924,84.5,56.07357788,103.4300003,85.71796417,25.55999947,21.60281181
2019-01-22,262.8599854,235.1491699,265.0599976,261.0599976,115531200,20.79999924,83.94000244,55.70198059,103.7900009,86.01631927,25.55999947,21.60281181
2019-01-23,263.4100037,235.6412201,264.7900085,260.6600037,86030300,19.52000046,84.11000061,55.81479263,103.7399979,85.97486115,25.5,21.55210304
2019-01-24,263.5499878,235.7665253,264.2000122,262.0799866,59204100,18.88999939,84.19999695,55.87452698,104.0699997,86.24836731,25.64999962,21.67887878
2019-01-25,265.7799988,237.7614136,266.7000122,263.6600037,96883400,17.42000008,84.41000366,56.01383591,103.8300018,86.04946899,25.44000053,21.50139236
2019-01-28,263.7600098,235.9543304,263.8299866,261.7900085,85613700,18.87000084,84.27999878,55.9275856,103.8600006,86.07431793,25.45999908,21.51829338
2019-01-29,263.4100037,235.6412201,264.5499878,262.480011,66136300,19.12999916,84.23000336,55.8944397,104.1600037,86.3229599,25.46999931,21.52674675
2019-01-30,267.5799866,239.3715668,268.519989,264.25,92473700,17.65999985,84.90000153,56.33903503,104.4000015,86.5218277,25.34000015,21.41687393
2019-01-31,269.9299927,241.4739532,270.4700012,267.269989,104012100,16.56999969,85.11000061,56.47836685,104.8799973,86.9196701,25.38999939,21.45913124
2019-02-01,270.0599976,241.5902252,271.2000122,269.1799927,85782500,16.13999939,84.68000031,56.45103455,104.0999985,86.45458221,25.38999939,21.45913124
2019-02-04,271.9599915,243.2898407,272.0299988,269.3599854,60744800,15.72999954,84.87999725,56.5843544,103.8700027,86.26351929,25.45999908,21.51829338
2019-02-05,273.1000061,244.3097687,273.4400024,271.8800049,79552800,15.56999969,85.18000031,56.78437042,104.0500031,86.41303253,25.53000069,21.57745743
2019-02-06,272.7399902,243.9876862,273.3399963,271.9200134,58347800,15.38000011,85.09999847,56.73103333,104.1299973,86.47948456,25.62999916,21.66197395
2019-02-07,270.1400146,241.6617889,271.5499878,268.2900085,95482000,16.37000084,84.80999756,56.53770828,104.4700012,86.76187134,25.69000053,21.71268654
2019-02-08,270.4700012,241.9569397,270.5799866,267.8299866,75788900,15.72000027,84.79000092,56.52439117,104.6100006,86.87812805,25.71999931,21.73804092
2019-02-11,270.6199951,242.091156,271.4899902,270.0299988,68021400,15.97000027,84.83000183,56.55105972,104.4499969,86.74523926,25.81999969,21.82256126
2019-02-12,274.1000061,245.2042542,274.519989,272.3399963,72270200,15.43000031,85.23999786,56.82433319,104.3099976,86.62897491,25.72999954,21.74649429
2019-02-13,274.9899902,246.000473,275.9299927,274.5599976,65277200,15.64999962,85.12000275,56.74436951,104.0500031,86.41303253,25.87000084,21.86481857
2019-02-14,274.3800049,245.4547577,275.6400146,272.8699951,83234400,16.21999931,85.12999725,56.75099182,104.5400009,86.81996155,25.84000015,21.83946419
2019-02-15,277.3699951,248.1295776,277.4100037,276.1300049,97088700,14.90999985,85.40000153,56.93103409,104.4400024,86.7368927,25.79000092,21.79720688
2019-02-19,277.8500061,248.5589905,278.5799866,276.4700012,59120800,14.88000011,85.43000031,56.95103455,104.6200027,86.8864212,25.69000053,21.71268654
2019-02-20,278.4100037,249.0599365,278.9200134,277.25,76610800,14.02000046,85.5,56.99769592,104.5999985,86.86980438,25.70999908,21.72958946
2019-02-21,277.4200134,248.1743164,278.1000061,276.3500061,64214700,14.46000004,85.41999817,56.94437408,104.2900009,86.61235809,25.72999954,21.74649429
2019-02-22,279.1400146,249.7129974,279.3599854,277.3999939,78114600,13.51000023,85.58999634,57.05769348,104.5999985,86.86980438,25.71999931,21.73804092
2019-02-25,279.519989,250.052887,281.3099976,279.4299927,69030700,14.85000038,85.66000366,57.10436249,104.4400024,86.7368927,25.70000076,21.72113991
2019-02-26,279.3200073,249.8740234,280.2999878,278.8999939,56844100,15.17000008,85.76999664,57.17766953,104.75,86.99442291,25.60000038,21.63662148
2019-02-27,279.2000122,249.7667236,279.5899963,277.480011,56921600,14.69999981,85.80000305,57.1977005,104.3799973,86.68708801,25.62000084,21.6535244
2019-02-28,278.6799927,249.3014679,279.4500122,278.3200073,69268300,14.77999973,85.75,57.16434479,104.1100006,86.46287537,25.63999939,21.67042732
2019-03-01,280.4200134,250.8580322,280.8800049,278.8200073,78880500,13.56999969,85.61000061,57.32636642,103.5699997,86.17915344,25.73999977,21.75494576
2019-03-04,279.3999939,249.9455566,281.8699951,276.8399963,106494600,14.63000011,85.48000336,57.23934174,103.8899994,86.44540405,25.77000046,21.78030014
2019-03-05,279.019989,249.6056213,279.7600098,278.4100037,59114600,14.73999977,85.44000244,57.21254349,103.9499969,86.49533844,25.84000015,21.83946419
2019-03-06,277.3299866,248.0937195,279.1600037,276.9700012,75039800,15.73999977,85.30000305,57.11882782,104.2399979,86.73660278,25.84000015,21.83946419
2019-03-07,275.0100098,246.0183563,276.9899902,274.0700073,94885100,16.59000015,85.23999786,57.07860184,104.5899963,87.02785492,26.06999969,22.03385353
2019-03-08,274.4599915,245.5263977,274.6499939,272.4200134,85795800,16.04999924,85.09999847,56.98488235,104.7399979,87.15266418,25.98999977,21.96623993
2019-03-11,278.4400024,249.086792,278.6199951,275.230011,65098900,14.32999992,85.37999725,57.1723671,104.6600037,87.08609772,25.93000031,21.91552925
2019-03-12,279.4899902,250.026062,280.0700073,278.8500061,79667500,13.77000046,85.52999878,57.27283096,104.9499969,87.32743835,25.87999916,21.87327194
2019-03-13,281.3399963,251.6811066,282.3800049,280.2999878,80639200,13.40999985,85.76000214,57.42683029,104.9100037,87.29412079,25.76000023,21.77185059
2019-03-14,281.1600037,251.5200043,281.8399963,280.6700134,67518400,13.5,85.69999695,57.38669586,104.7600021,87.16931915,25.84000015,21.83946419
2019-03-15,281.3099976,252.7626953,282.2099915,280.3299866,81309000,12.88000011,85.77999878,57.44021988,105.0899963,87.4438858,25.79999924,21.80565643
2019-03-18,282.3299866,253.6791534,282.6600037,281.2999878,62199800,13.10000038,85.75,57.42014313,104.9499969,87.32743835,25.77000046,21.78030014
2019-03-19,282.3999939,253.7420654,284.3599854,281.4100037,90268100,13.56000042,85.80000305,57.45363998,104.8799973,87.26915741,25.73999977,21.75494576
2019-03-20,281.5499878,252.978363,283.5,280.3200073,84609200,13.90999985,86.16999817,57.70138168,105.6100006,87.8765564,25.59000015,21.62816811
2019-03-21,284.730011,255.8355255,285.1799927,280.5899963,79550400,13.63000011,86.15000153,57.68799591,105.5599976,87.83499908,25.75,21.76339531
2019-03-22,279.25,250.9117584,283.7999878,279.1799927,122659300,16.47999954,85.83999634,57.4804306,106.3399963,88.48399353,25.79999924,21.80565643
2019-03-25,279.0400085,250.7230225,280.1900024,277.6400146,85575200,16.32999992,85.80999756,57.4603157,106.6100006,88.70867157,25.79999924,21.80565643
2019-03-26,281.1199951,252.5920105,282.1799927,279.5599976,68125900,14.68000031,86.01999664,57.600914,106.5199966,88.6337738,25.87999916,21.87327194
2019-03-27,279.6499939,251.2711487,281.7600098,277.9299927,72224700,15.14999962,86.08000183,57.64111328,106.8300018,88.891716,25.90999985,21.89862633
2019-03-28,280.7099915,252.2235413,281.2099915,279.0700073,56238500,14.43000031,86.25,57.75495529,106.8399963,88.9000473,26,21.97469521
2019-03-29,282.480011,253.8140106,282.8399963,281.1400146,82186800,13.71000004,86.47000122,57.90227127,106.6699982,88.75861359,26.03000069,22.00004959
2019-04-01,285.8299866,256.8240356,286.1600037,284.3999939,77617900,13.39999962,86.06999969,57.88814926,105.7200012,88.14826202,26.01000023,21.98314476
2019-04-02,285.9700012,256.9497681,286.230011,285.0899963,40070400,13.35999966,86.11000061,57.91506577,105.9000015,88.29838562,26.04000092,22.00850105
2019-04-03,286.4200134,257.354187,287.7600098,285.75,68243200,13.73999977,86.13999939,57.93521881,105.5699997,88.02320099,26,21.97469521
2019-04-04,287.1799927,258.0370789,287.4599915,286.0100098,48997500,13.57999992,86.26999664,58.02261734,105.6800003,88.11489105,26.03000069,22.00004959
2019-04-05,288.5700073,259.2858582,288.6300049,287.6000061,58621700,12.81999969,86.43000031,58.1302681,105.7300034,88.15658569,26.05999947,22.02540398
2019-04-08,288.7900085,259.4836121,288.9100037,287.3699951,53566300,13.18000031,86.37999725,58.0966568,105.5599976,88.01486206,25.96999931,21.94933701
2019-04-09,287.3099976,258.1538391,288.0799866,286.7000122,66142300,14.27999973,86.31999969,58.05629349,105.75,88.17327118,25.97999954,21.95779037
2019-04-10,288.2900085,259.0343323,288.3900146,287.3099976,52601500,13.30000019,86.69999695,58.31186295,106,88.38166809,25.94000053,21.92398262
2019-04-11,288.2099915,258.9624634,288.8399963,287.5799866,55093100,13.02000046,86.83000183,58.39931107,105.7600021,88.18166351,26.02000046,21.99159622
2019-04-12,290.1600037,260.7145691,290.4700012,288.2600098,69727800,12.01000023,86.95999908,58.48673248,105.2699966,87.7730484,25.95999908,21.94088364
2019-04-15,289.9700012,260.5438843,290.3500061,289.0799866,49596700,12.31999969,86.90000153,58.44639206,105.4100037,87.88978577,25.95000076,21.93243408
2019-04-16,290.1600037,260.7145691,291.0100098,289.5,52153200,12.18000031,86.84999847,58.41272736,105.0500031,87.58959961,26.01000023,21.98314476
2019-04-17,289.4500122,260.0765991,291.4299927,288.9899902,58268300,12.60000038,86.63999939,58.27153397,105.0699997,87.60627747,25.98999977,21.96623993
2019-04-18,290.019989,260.5888062,290.3200073,288.6600037,68708500,12.09000015,86.68000031,58.29841995,105.3199997,87.8147049,26.12999916,22.08456612
2019-04-22,290.269989,260.8134766,290.4400024,289.0700073,40160100,12.42000008,86.52999878,58.19755554,105.1699982,87.68967438,26.06999969,22.03385353
2019-04-23,292.8800049,263.1585999,293.1400146,290.4200134,52246600,12.27999973,86.83000183,58.39931107,105.3600006,87.84809875,26.15999985,22.10992241
2019-04-24,292.230011,262.5744629,293.1600037,292.0700073,50392900,13.14000034,86.70999908,58.31859207,105.7600021,88.18166351,26.29000092,22.21979713
2019-04-25,292.0499878,262.4127808,292.7799988,290.730011,57770900,13.25,86.75,58.34550095,105.6299973,88.07321167,26.34000015,22.26205444
2019-04-26,293.4100037,263.6348572,293.4899902,291.2399902,50916400,12.72999954,86.97000122,58.49346542,105.9100037,88.30666351,26.30999947,22.23669815
2019-04-29,293.8699951,264.0480957,294.4500122,293.4100037,57197700,13.10999966,86.93000031,58.46655273,105.6900024,88.12324524,26.25,22.18598747
2019-04-30,294.019989,264.1829224,294.3399963,291.9200134,81111700,13.11999989,86.94000244,58.47330093,105.9000015,88.29838562,26.17000008,22.11837196
2019-05-01,291.8099976,262.1971741,294.9500122,291.7999878,71671900,14.80000019,86.29000092,58.2814827,105.6399994,88.25822449,26.20000076,22.14373016
2019-05-02,291.1799927,261.631073,292.7000122,289.519989,65030200,14.42000008,86.34999847,58.32198334,105.3399963,88.00757599,26.26000023,22.19443893
2019-05-03,294.0299988,264.191864,294.3399963,291.2999878,56543700,12.86999989,86.56999969,58.4705658,105.4800034,88.12453461,26.15999985,22.10992241
2019-05-06,292.8200073,263.1046448,293.3099976,288.8999939,107198100,15.43999958,86.61000061,58.49760056,105.75,88.35015106,26.18000031,22.12682724
2019-05-07,287.9299927,258.7108765,290.8099976,285.8099976,144729900,19.31999969,86.08999634,58.14639664,106.1100006,88.65090179,26.20000076,22.14373016
2019-05-08,287.5299988,258.3514404,289.4299927,286.8699951,91568300,19.39999962,86.12000275,58.16664124,105.9100037,88.48381805,26.20999908,22.15218163
2019-05-09,286.6600037,257.5697021,287.3299866,283.2999878,103471100,19.10000038,85.98999786,58.07883835,106.1900024,88.71773529,26.15999985,22.10992241
2019-05-10,288.1000061,258.8636169,288.9400024,282.2999878,112429300,16.04000092,86.23000336,58.24095917,106.1200027,88.65925598,26.14999962,22.10146904
2019-05-13,280.8599854,252.3583527,283.4899902,279.9299927,127290500,20.54999924,85.44000244,57.70734787,106.6500015,89.10207367,26.14999962,22.10146904
2019-05-14,283.3999939,254.6404877,285.1000061,281.8500061,77003200,18.05999947,85.62999725,57.83570862,106.5500031,89.01851654,26.20999908,22.15218163
2019-05-15,285.0599976,256.1321106,285.769989,281.3599854,73956400,16.44000053,85.70999908,57.88973618,106.8899994,89.30258942,26.21999931,22.16063309
2019-05-16,287.7000122,258.504303,289.2099915,285.7600098,76749600,15.28999996,85.97000122,58.06535339,106.6800003,89.12711334,26.29000092,22.21979713
2019-05-17,285.8399963,256.8329468,288.6000061,285.1199951,100353000,15.96000004,85.94000244,58.04507065,106.7300034,89.16890717,26.35000038,22.27050591
2019-05-20,283.9500122,255.1347961,285.9599915,283.1199951,62877600,16.30999947,85.86000061,57.99105453,106.5500031,89.01851654,26.32999992,22.25360298
2019-05-21,286.5100098,257.4350586,286.9299927,285.5499878,46847100,14.94999981,86.12999725,58.17338562,106.4300003,88.91823578,26.37000084,22.28741074
2019-05-22,285.6300049,256.6442871,286.6900024,285.1000061,49482500,14.75,86.19999695,58.2206955,106.75,89.18558502,26.38999939,22.30431366
2019-05-23,282.1400146,253.5085449,283.2099915,280.5700073,98733800,16.92000008,85.76999664,57.93026352,107.4000015,89.72864532,26.34000015,22.26205444
2019-05-24,282.7799988,254.0834656,284.2000122,282.0899963,55268100,15.85000038,85.65000153,57.84924316,107.3700027,89.70358276,26.25,22.18598747
2019-05-28,280.1499939,251.7202911,284.1499939,280.1300049,70029400,17.5,85.56999969,57.79516602,107.8399963,90.09624481,26.36000061,22.27895927
2019-05-29,278.269989,250.0311279,279.3599854,276.7099915,104972900,17.89999962,85.33999634,57.63980484,107.8000031,90.06283569,26.42000008,22.32966805
2019-05-30,279.0299988,250.7140656,280.0400085,277.8099976,62523800,17.29999924,85.51999664,57.76141739,108.1900024,90.3886795,26.43000031,22.33812141
2019-05-31,275.269989,247.3356171,277.1199951,275.2399902,86862800,18.70999908,84.90000153,57.34265518,108.9100037,90.9901886,26.31999969,22.24515152
2019-06-03,274.5700073,246.706665,276.5499878,273.0899963,96428000,18.86000061,84.65000153,57.43492126,109.2200012,91.42800903,26.18000031,22.12682724
2019-06-04,280.5299988,252.0618744,280.6799927,276.6199951,77231900,16.96999931,85.5,58.01165009,108.8199997,91.09317017,26.14999962,22.10146904
2019-06-05,282.9599915,254.2452393,282.9899902,280.3200073,71169700,16.09000015,85.69999695,58.14736938,108.8199997,91.09317017,26.23999977,22.17753792
2019-06-06,284.7999878,255.8986511,285.5499878,282.5700073,69430400,15.93000031,85.87999725,58.26948166,108.8000031,91.07641602,26.14999962,22.10146904
2019-06-07,287.6499939,258.459259,288.8500061,285.7399902,74272200,16.29999924,86.09999847,58.41873932,109.2300034,91.43638611,26.04000092,22.00850105
2019-06-10,288.9700012,259.6454163,290.8200073,288.8699951,60799100,15.93999958,86.23000336,58.50696564,108.6900024,90.98433685,26.06999969,22.03385353
2019-06-11,288.8999939,259.5825195,291.3999939,288.1799927,58641300,15.98999977,86.34999847,58.58835983,108.6900024,90.98433685,26.07999992,22.04230881
2019-06-12,288.3900146,259.1242065,289.2600098,287.8200073,47096300,15.90999985,86.15000153,58.45266724,108.9700012,91.21875,26.14999962,22.10146904
2019-06-13,289.5799866,260.1934509,289.980011,288.6199951,48945200,15.81999969,86.34999847,58.58835983,109.2399979,91.44475555,26.17000008,22.11837196
2019-06-14,289.2600098,259.9058838,289.9299927,288.4100037,52324700,15.27999973,86.29000092,58.54767609,109.3199997,91.51174164,26.30999947,22.23669815
2019-06-17,289.3699951,260.0048218,290.2200012,289.1799927,39205700,15.35000038,86.16000366,58.45946884,109.3000031,91.49494171,26.31999969,22.24515152
2019-06-18,292.3999939,262.7272644,293.5700073,290.9899902,85434800,15.14999962,86.76000214,58.86655045,109.5100021,91.67075348,26.36000061,22.27895927
2019-06-19,293.0599976,263.320343,293.6499939,291.4700012,78674400,14.32999992,87.16999817,59.14474106,109.8099976,91.92188263,26.23999977,22.17753792
2019-06-20,295.8599854,265.8361511,296.3099976,293.1300049,116570000,14.75,87.61000061,59.44326401,109.9899979,92.07253265,26.07999992,22.04230881
2019-06-21,294,265.4497375,295.519989,293.7600098,83309500,15.39999962,87.33000183,59.25329971,109.5400009,91.69589996,25.95000076,21.93243408
2019-06-24,293.6400146,265.1247559,294.5799866,293.4700012,47582700,15.26000023,87.31999969,59.24650574,109.9199982,92.01394653,25.90999985,21.89862633
2019-06-25,290.7600098,262.5243225,293.730011,290.6400146,82028700,16.28000069,86.94999695,58.99546432,110.0899963,92.15629578,25.96999931,21.94933701
2019-06-26,290.4700012,262.2625427,292.3099976,290.3500061,51584900,16.20999908,86.91000366,58.9683075,109.6399994,91.77959442,25.98999977,21.96623993
2019-06-27,291.5,263.1924438,292.0599976,290.8900146,40355200,15.81999969,87.15000153,59.13118362,109.9700012,92.05582428,25.98999977,21.96623993
2019-06-28,293,264.5467834,293.5499878,292.0100098,59350900,15.07999992,87.18000031,59.15153122,110.0199966,92.09767914,25.96999931,21.94933701
2019-07-01,295.6600037,266.9485168,296.9200134,294.3299866,78705600,14.06000042,86.81999969,59.16923904,109.6900024,91.98197937,26.15999985,22.10992241
2019-07-02,296.4299927,267.6437988,296.4899902,294.6799927,61504500,12.93000031,87.01000214,59.29875946,110.0800018,92.30898285,26.13999939,22.09301758
2019-07-03,298.7999878,269.7835083,298.8200073,297.019989,40898900,12.56999969,87.33999634,59.52365112,110.2900009,92.48513794,26.13999939,22.09301758
2019-07-05,298.4599915,269.476593,298.6400146,296.0100098,51677300,13.27999973,86.98999786,59.28507233,109.5899963,91.89807129,26.28000069,22.21134377
2019-07-08,296.8200073,267.9958191,298.2600098,296.2200012,45841800,13.96000004,86.81999969,59.16923904,109.4800034,91.80584717,26.32999992,22.25360298
2019-07-09,297.1900024,268.3299561,297.519989,295.480011,41101300,14.09000015,86.72000122,59.10109711,109.4100037,91.74718475,26.35000038,22.27050591
2019-07-10,298.6099854,269.6121216,299.6600037,297.7799988,58448500,13.02999973,86.95999908,59.26464844,109.4700012,91.79745483,26.23999977,22.17753792
2019-07-11,299.3099976,270.2440796,299.5799866,298.2000122,50826100,12.93000031,86.79000092,59.14878845,108.9300003,91.34463501,26.23999977,22.17753792
2019-07-12,300.6499939,271.45401,300.730011,299.5100098,40326000,12.39000034,86.93000031,59.24420166,109.0500031,91.44529724,26.19000053,22.1352787
2019-07-15,300.75,271.5443115,301.1300049,300.1900024,33900000,12.68000031,86.98999786,59.28507233,109.2799988,91.63815308,26.22999954,22.16908264
2019-07-16,299.7799988,270.668396,300.8800049,299.4400024,36650100,12.85999966,86.80999756,59.16241837,109.0400009,91.43688202,26.35000038,22.27050591
2019-07-17,297.7399902,268.8265686,299.9299927,297.7399902,36036300,13.97000027,86.69999695,59.08746719,109.5500031,91.86457825,26.29999924,22.2282486
2019-07-18,298.8299866,269.8106995,299.25,296.7000122,51392600,13.52999973,86.73999786,59.11471939,109.8199997,92.0909729,26.15999985,22.10992241
2019-07-19,297.1700134,268.3119812,300.0700073,296.980011,58678600,14.44999981,86.58999634,59.01246643,109.6200027,91.92325592,26.29000092,22.21979713
2019-07-22,297.8999939,268.9709473,298.5,297.0400085,43638100,13.52999973,86.87999725,59.21015167,109.6699982,91.9651947,26.34000015,22.26205444
2019-07-23,300.0299988,270.8942261,300.0299988,298.2200012,44564500,12.60999966,87.02999878,59.3123703,109.4899979,91.81424713,26.45999908,22.3634758
2019-07-24,301.4400024,272.1672363,301.4400024,299.0899963,47213200,12.06999969,87.09999847,59.36004257,109.6500015,91.94841766,26.45999908,22.3634758
2019-07-25,300,270.8671265,301,299.1099854,55394100,12.73999977,86.98000336,59.27824402,109.4599991,91.78913116,26.51000023,22.40573692
2019-07-26,302.0100098,272.6818542,302.230011,300.6199951,45084100,12.15999985,87.16999817,59.40777206,109.4400024,91.77232361,26.54999924,22.43954086
2019-07-29,301.4599915,272.1853333,302.0100098,300.8500061,38126500,12.82999992,87.04000092,59.31920242,109.5400009,91.85618591,26.56999969,22.45644569
2019-07-30,300.7200012,271.5171814,301.1700134,299.4899902,45849000,13.93999958,87.08000183,59.34645462,109.5899963,91.89807129,26.56999969,22.45644569
2019-07-31,297.4299927,268.5466614,301.2000122,295.2000122,104245200,16.12000084,86.93000031,59.24420166,109.8700027,92.13290405,26.72999954,22.5916748
2019-08-01,294.8399963,266.2081909,300.8699951,293.9599915,142646600,17.87000084,86.51999664,59.21479416,110.9199982,93.17792511,26.64999962,22.5240593
2019-08-02,292.6199951,264.2037048,294.1199951,290.8999939,116749700,17.61000061,86.38999939,59.12581253,111.1500015,93.37110901,26.59000015,22.47335052
2019-08-05,283.8200073,256.2583313,288.2099915,281.7200012,178745400,24.59000015,85.48999786,58.50984192,112.1100006,94.17760468,26.45999908,22.3634758
2019-08-06,287.7999878,259.8518372,288.0400085,284.2799988,120711700,20.17000008,86.04000092,58.88628769,112.2900009,94.32876587,26.48999977,22.38883209
2019-08-07,287.9700012,260.0052795,288.8200073,282.0400085,140572300,19.48999977,86.02999878,58.87944031,112.2900009,94.32876587,26.46999931,22.37192535
2019-08-08,293.6199951,265.1066589,293.6199951,289.0100098,87713900,16.90999985,86.37000275,59.1121254,112.3000031,94.33719635,26.48999977,22.38883209
2019-08-09,291.6199951,263.3009338,293.2399902,289.6499939,93730000,17.96999931,86.25,59.02997208,112.1299973,94.19438171,26.45999908,22.3634758
2019-08-12,288.0700073,260.0956421,291.6099854,287.019989,65527600,21.09000015,85.94999695,58.82466125,112.8399963,94.79077148,26.44000053,22.34657097
2019-08-13,292.5499878,264.1405334,294.1499939,287.3599854,94299800,17.52000046,86.33000183,59.08475494,112.4400024,94.45474243,26.55999947,22.44799232
2019-08-14,283.8999939,256.3305054,288.7399902,283.7600098,135622100,22.10000038,85.55999756,58.55776215,113.1900024,95.0848465,26.62000084,22.49870491
2019-08-15,284.6499939,257.0076599,285.6400146,282.3900146,99556600,21.18000031,85.80999756,58.72885513,113.9100037,95.68967438,26.63999939,22.51560783
2019-08-16,288.8500061,260.7998047,289.3299866,284.7099915,83018300,18.46999931,86.09999847,58.92733383,113.6100006,95.4376297,26.65999985,22.53251266
2019-08-19,292.3299866,263.9418945,293.0799866,291.4400024,53571800,16.87999916,86.34999847,59.09844589,113.0699997,94.98402405,26.71999931,22.58322334
2019-08-20,290.0899963,261.9194641,292.3599854,289.9500122,51596400,17.5,86.41999817,59.14635086,113.5699997,95.40405273,26.65999985,22.53251266
2019-08-21,292.4500122,264.0502319,292.8599854,291.7200012,49524700,15.80000019,86.79000092,59.39958572,113.2699966,95.15203094,26.69000053,22.55787086
2019-08-22,292.3599854,263.9689636,293.9299927,290.3999939,51666400,16.68000031,86.94999695,59.50906754,113.0199966,94.94200897,26.67000008,22.54096413
2019-08-23,284.8500061,257.188324,292.7600098,283.4700012,149161500,19.87000084,86.55000305,59.23532104,113.7799988,95.58046722,26.52000046,22.41418648
2019-08-26,288,260.0324402,288,285.5799866,72423800,19.31999969,86.98000336,59.52961731,113.6699982,95.48804474,26.65999985,22.53251266
2019-08-27,286.8699951,259.012085,289.9500122,286.0299988,66668900,20.30999947,86.94000244,59.5022316,114.1600037,95.89969635,26.63999939,22.51560783
2019-08-28,288.8900146,260.835968,289.0700073,285.25,59696700,19.35000038,87.15000153,59.64595032,114.1999969,95.93326569,26.70000076,22.56632042
2019-08-29,292.5799866,264.1676331,293.1600037,290.6099854,57899400,17.87999916,87.23999786,59.70757294,113.9800034,95.74845123,26.77000046,22.62548256
2019-08-30,292.4500122,264.0502319,294.2399902,291.4200134,62901200,18.97999954,87.16000366,59.65280533,114.0100021,95.77364349,26.87000084,22.71000099
2019-09-03,290.7399902,262.5063782,291.5799866,289.269989,69101400,19.65999985,86.54000092,59.48167419,114.0699997,95.98402405,26.93000031,22.76071358
2019-09-04,294.0400085,265.4858704,294.0599976,292.3099976,46887300,17.32999992,86.72000122,59.60536957,114.25,96.13549042,26.76000023,22.61702919
2019-09-05,297.8200073,268.8988342,298.8299866,294,83258100,16.27000046,87.05999756,59.83905029,113.3300018,95.36136627,26.77000046,22.62548256
2019-09-06,298.0499878,269.1064148,298.7600098,297.4200134,49584300,15,87.13999939,59.89406204,113.4000015,95.42024994,26.78000069,22.63393402
2019-09-09,298.2000122,269.2418518,299.2399902,297.1600037,51260300,15.27000046,87.23000336,59.95591354,112.6999969,94.83123779,26.72999954,22.5916748
2019-09-10,298.1300049,269.1786804,298.2000122,295.9700012,57947100,15.19999981,87.27999878,59.99028778,111.8799973,94.14124298,26.76000023,22.61702919
2019-09-11,300.25,271.092804,300.3399963,297.75,68821100,14.60999966,87.26999664,59.98339462,111.7699966,94.04868317,26.84000015,22.6846447
2019-09-12,301.2900085,272.0317993,302.4599915,300.4100037,72908700,14.22000027,87.31999969,60.01777267,111.5199966,93.83834076,26.76000023,22.61702919
2019-09-13,301.0899963,271.8511963,302.1700134,300.6799927,62104800,13.73999977,87.16000366,59.90780258,110.5,92.98005676,26.71999931,22.58322334
2019-09-16,300.1600037,271.0115662,301.1400146,299.4500122,58191200,14.67000008,87.47000122,60.12086487,110.9800034,93.38396454,26.84000015,22.6846447
2019-09-17,300.9200134,271.6976929,301.019989,299.75,41475500,14.43999958,87.51999664,60.15523911,111.2699966,93.62796021,26.71999931,22.58322334
2019-09-18,301.1000061,271.8602905,301.2200012,298.2399902,73375800,13.94999981,87.47000122,60.12086487,111.3099976,93.66163635,26.81999969,22.66774178
2019-09-19,301.0799866,271.8421936,302.6300049,300.7099915,76560500,14.05000019,87.37000275,60.05215454,111.3600006,93.70371246,26.76000023,22.61702919
2019-09-20,298.2799988,270.5577393,300.6700134,297.4100037,89565000,15.31999969,87.48000336,60.12775803,112,94.24223328,26.82999992,22.67619324
2019-09-23,298.2099915,270.4943237,299,297.269989,43476800,14.90999985,87.44000244,60.10026169,112.1600037,94.37686157,26.87000084,22.71000099
2019-09-24,295.8699951,268.3717041,299.8399963,294.8099976,94869400,17.04999924,87.31999969,60.01777267,112.7200012,94.84804535,26.77000046,22.62548256
2019-09-25,297.6199951,269.959137,298.1099854,294.3299866,71854000,15.96000004,87.23000336,59.95591354,111.9800034,94.2253952,26.97999954,22.80296898
2019-09-26,297,269.3966675,297.8599854,295.4500122,56179700,16.06999969,87.16999817,59.91464996,112.2200012,94.42735291,27.04999924,22.86213303
2019-09-27,295.3999939,267.9454651,297.9500122,293.6900024,84746600,17.21999931,87.06999969,59.84595871,112.3799973,94.56198883,27.01000023,22.82832718
2019-09-30,296.769989,269.1881409,297.5499878,295.9200134,51662400,16.23999977,87.16999817,59.91464996,112.4700012,94.63774109,27.10000038,22.90439224
2019-10-01,293.2399902,265.9862061,298.4599915,293,88242400,18.55999947,86.62000275,59.7766571,112.6100006,94.89980316,27.01000023,22.82832718
2019-10-02,288.0599976,261.2876892,291.5100098,286.6400146,122539500,20.55999947,86.11000061,59.42468262,113,95.22844696,26.98999977,22.81142426
2019-10-03,290.4200134,263.4283447,290.4500122,284.8200073,85278800,19.12000084,86.16000366,59.459198,113.5899963,95.72566223,26.97999954,22.80296898
2019-10-04,294.3500061,266.992981,294.6300049,291.0799866,65091200,17.04000092,86.43000031,59.64554596,113.8099976,95.91110229,26.95999908,22.78606606
2019-10-07,293.0799866,265.8410034,295.2600098,292.769989,59610500,17.86000061,86.36000061,59.59722137,113.4300003,95.59080505,27.01000023,22.82832718
2019-10-08,288.5299988,261.7139282,291.8500061,288.4899902,95708100,20.28000069,86.04000092,59.37640762,113.6699982,95.79309845,27.04999924,22.86213303
2019-10-09,291.269989,264.1992493,292.2999878,290.0599976,62359400,18.63999939,86.30000305,59.55582809,113.3799973,95.54871368,27.03000069,22.8452301
2019-10-10,293.2399902,265.9862061,294.2099915,291,55296300,17.56999969,86.41000366,59.63173676,112.6699982,94.9503479,26.92000008,22.7522583
2019-10-11,296.2799988,268.7437134,298.7399902,296.1400146,98720400,15.57999992,86.76999664,59.88017273,111.9000015,94.30147552,26.81999969,22.66774178
2019-10-14,295.9500122,268.4443665,296.6700134,295.5700073,40394800,14.56999969,86.83000183,59.9215889,112.2099991,94.56267548,26.89999962,22.73535728
2019-10-15,298.8800049,271.1019592,299.7000122,296.9700012,46754500,13.53999996,87.01999664,60.05268097,111.6699982,94.10765076,26.81999969,22.66774178
2019-10-16,298.3999939,270.666626,299.1600037,297.9200134,48928200,13.68000031,86.94999695,60.00439835,111.8899994,94.29302979,26.75,22.60857964
2019-10-17,299.2799988,271.4647522,300.2399902,298.519989,45736600,13.78999996,87.06999969,60.08720398,111.8499985,94.25932312,26.64999962,22.5240593
2019-10-18,297.9700012,270.2766113,299.3999939,297.0299988,64304000,14.25,87.08999634,60.10097885,111.9499969,94.34357452,26.54999924,22.43954086
2019-10-21,299.9899902,272.1088562,300.2099915,298.9400024,39048600,14,87.12000275,60.12170792,111.5400009,93.99807739,26.56999969,22.45644569
2019-10-22,299.0100098,271.2199402,300.8999939,298.9100037,48594700,14.46000004,87.13999939,60.13546753,111.8000031,94.2171936,26.62999916,22.50715637
2019-10-23,299.8800049,272.0091248,299.9400024,298.5,34352200,14.01000023,87.22000122,60.19070053,111.8399963,94.2509079,26.62000084,22.49870491
2019-10-24,300.3699951,272.4536133,301.0700073,299.4599915,35453100,13.71000004,87.31999969,60.25971222,111.8199997,94.23403931,26.70000076,22.56632042
2019-10-25,301.6000061,273.5692139,302.2000122,299.6799927,45205400,12.64999962,87.38999939,60.30803299,111.5800018,94.03181458,26.72999954,22.5916748
2019-10-28,303.2999878,275.1112366,303.8500061,302.9100037,42147000,13.10999966,87.37999725,60.30113983,111.1600037,93.67781067,26.70999908,22.57476997
2019-10-29,303.2099915,275.0295105,304.230011,302.8599854,44284900,13.19999981,87.22000122,60.19070053,111.2600021,93.76211548,26.70000076,22.56632042
2019-10-30,304.1400146,275.8731689,304.5499878,301.9899902,49643900,12.32999992,87.11000061,60.11475754,111.8000031,94.2171936,26.63999939,22.51560783
2019-10-31,303.3299866,275.1384277,304.1300049,301.730011,69053800,13.22000027,86.80999756,59.90776825,112.5100021,94.81552887,26.59000015,22.47335052
2019-11-01,306.1400146,277.6873474,306.1900024,304.7399902,71141500,12.30000019,86.81999969,60.16485977,112.1299973,94.63661194,26.57999992,22.46489716
2019-11-04,307.3699951,278.8029785,308,306.9599915,60606900,12.82999992,87,60.28960419,111.5599976,94.1555481,26.68000031,22.54941368
2019-11-05,307.0299988,278.4945984,307.9200134,306.7099915,42933200,13.10000038,86.91000366,60.22724152,110.9599991,93.6491394,26.78000069,22.63393402
2019-11-06,307.1000061,278.5580139,307.3999939,306.0599976,46487100,12.61999989,86.80999756,60.15793991,111.2799988,93.91923523,26.78000069,22.63393402
2019-11-07,308.1799927,279.5376892,309.6499939,307.6600037,54272300,12.72999954,86.76999664,60.13021088,110.3899994,93.16809845,26.84000015,22.6846447
2019-11-08,308.9400024,280.2270203,309,307.0299988,49032100,12.06999969,86.84999847,60.18564224,110.2399979,93.04146576,26.89999962,22.73535728
2019-11-11,308.3500061,279.691864,308.5400085,307.269989,35797300,12.68999958,86.80000305,60.15099716,110.3600006,93.14274597,26.86000061,22.70154762
2019-11-12,309,280.2814026,309.9899902,308.1499939,46484600,12.68000031,86.81999969,60.16485977,110.4100037,93.18495941,26.89999962,22.73535728
2019-11-13,309.1000061,280.3721008,309.5400085,307.6600037,53917700,13,86.73000336,60.10251236,110.7099991,93.43813324,26.88999939,22.72690392
2019-11-14,309.5499878,280.780365,309.6400146,308.0899963,51219900,13.05000019,86.68000031,60.06783295,111.2699966,93.91075134,26.87000084,22.71000099
2019-11-15,311.7900085,282.8121643,311.8399963,310.2600098,62023600,12.05000019,86.94000244,60.24803925,111.1800003,93.83485413,26.80999947,22.65929031
2019-11-18,312.019989,283.020752,312.2799988,311.0299988,49228000,12.46000004,86.83000183,60.17181396,111.3700027,93.99518585,26.76000023,22.61702919
2019-11-19,311.9299927,282.9392395,312.6900024,311.2200012,67804700,12.85999966,86.51999664,59.95694351,111.5800018,94.17240906,26.79000092,22.64238739
2019-11-20,310.769989,281.8869934,311.8500061,309.0599976,79406200,12.77999973,86.33999634,59.83220673,111.9899979,94.51844788,26.79000092,22.64238739
2019-11-21,310.269989,281.4333496,311.0100098,309.3900146,54664700,13.13000011,86.36000061,59.84608841,111.7099991,94.28212738,26.82999992,22.67619324
2019-11-22,310.9599915,282.0593567,311.2399902,309.8500061,44850200,12.34000015,86.69000244,60.07479858,111.6900024,94.2652359,26.90999985,22.74380875
2019-11-25,313.3699951,284.2453613,313.3699951,311.980011,48647200,11.86999989,86.91999817,60.23416519,111.7399979,94.3074646,26.93000031,22.76071358
2019-11-26,314.0799866,284.8893433,314.2799988,313.0599976,37569000,11.53999996,87.01999664,60.30347061,111.9499969,94.48467255,26.89999962,22.73535728
2019-11-27,315.480011,286.1592407,315.480011,314.3699951,44444600,11.75,87.12999725,60.37971115,111.6600037,94.23992157,26.94000053,22.76916313
2019-11-29,314.3099976,285.0979309,315.1300049,314.0599976,36592700,12.61999989,86.94000244,60.24803925,111.5699997,94.16396332,26.90999985,22.74380875
2019-12-02,311.6400146,282.676178,314.6600037,311.1700134,75767800,14.90999985,86.54000092,60.20696259,111.0100021,93.82587433,26.79999924,22.65083694
2019-12-03,309.5499878,280.780365,309.6400146,307.1300049,73941700,15.96000004,86.41999817,60.12347412,112,94.66262054,26.77000046,22.62548256
2019-12-04,311.4599915,282.5128479,312.1199951,310.3200073,49080000,14.80000019,86.68000031,60.30437088,111.5699997,94.29919434,26.73999977,22.60012627
2019-12-05,312.019989,283.020752,312.25,310.5799866,40709000,14.52000046,86.80999756,60.39480591,111.3099976,94.07944489,26.68000031,22.54941368
2019-12-06,314.8699951,285.605957,315.3099976,314.1099854,48927000,13.61999989,86.93000031,60.4783287,110.9700012,93.79210663,26.78000069,22.63393402
2019-12-09,313.8800049,284.7078857,315.1799927,313.7999878,34838500,15.85999966,86.93000031,60.4783287,111.0599976,93.86815643,26.75,22.60857964
2019-12-10,313.5299988,284.3904419,314.5499878,312.8099976,52649800,15.68000031,87.13999939,60.62441254,110.9300003,93.75830841,26.71999931,22.58322334
2019-12-11,314.4200134,285.1978149,314.7000122,313.4400024,53429100,14.98999977,87.31999969,60.74960709,111.3899994,94.1470871,26.62000084,22.49870491
2019-12-12,317.1300049,287.6559753,317.9899902,314.1700134,96389600,13.93999958,87.51999664,60.88878632,110.5100021,93.40325928,26.65999985,22.53251266
2019-12-13,317.3200073,287.8282166,318.6700134,316.019989,81503900,12.63000011,87.61000061,60.95135117,111.1600037,93.95265961,26.65999985,22.53251266
2019-12-16,319.5,289.805542,320.1499939,317.25,82749700,12.14000034,87.77999878,61.0696373,110.6399994,93.51314545,26.61000061,22.49025536
2019-12-17,319.5700073,289.8691101,320.25,319.480011,61097700,12.28999996,88.05000305,61.25751877,110.6500015,93.52161407,26.65999985,22.53251266
2019-12-18,319.5899963,289.8872375,320.25,319.5299988,48133000,12.57999992,88.20999908,61.36878967,110.3499985,93.26804352,26.70999908,22.57476997
2019-12-19,320.8999939,291.07547,320.980011,319.519989,85310500,12.5,87.84999847,61.33669281,110.2799988,93.34083557,26.70999908,22.57476997
2019-12-20,320.730011,292.3516541,321.9700012,319.3900146,147142100,12.51000023,87.72000122,61.24595261,110.2799988,93.34083557,26.79999924,22.65083694
2019-12-23,321.2200012,292.7982788,321.6499939,321.0599976,52990000,12.60999966,87.76000214,61.27388,110.1800003,93.25623322,26.26000023,22.63876915
2019-12-24,321.230011,292.807373,321.519989,320.8999939,20270000,12.67000008,87.83000183,61.32274246,110.3700027,93.41699219,26.26000023,22.63876915
2019-12-26,322.9400024,294.3660278,322.9500122,321.6400146,30911200,12.64999962,87.95999908,61.413517,110.5299988,93.55245209,26.21999931,22.60428429
2019-12-27,322.8599854,294.2931519,323.7999878,322.2799988,42528800,13.43000031,87.91999817,61.38557434,110.6900024,93.68787384,26.09000015,22.49221039
2019-12-30,321.0799866,292.6705933,323.1000061,320.5499878,49729100,14.81999969,87.86000061,61.34367371,110.6200027,93.62863922,26.04000092,22.44910622
2019-12-31,321.8599854,293.3816223,322.1300049,320.1499939,57077300,13.77999973,87.94000244,61.39951706,110.2200012,93.29006195,25.96999931,22.38875771
2020-01-02,324.8699951,296.1253662,324.8900146,322.5299988,59151200,12.47000027,88.30999756,61.65789032,110.7300034,93.72171021,26.05999947,22.46634674
2020-01-03,322.4100037,293.8829651,323.6400146,321.1000061,77709700,14.02000046,88.22000122,61.59500122,111.4700012,94.34806061,26.09000015,22.49221039
2020-01-06,323.6400146,295.0041199,323.730011,320.3599854,55653900,13.85000038,88.12999725,61.53222656,111.3499985,94.24650574,26.03000069,22.440485
2020-01-07,322.730011,294.1746216,323.5400085,322.2399902,40496400,13.78999996,88.05000305,61.47635269,111.1900024,94.11106873,26.12000084,22.51807404
2020-01-08,324.4500122,295.7424927,325.7799988,322.6700134,68296000,13.44999981,88.12999725,61.53222656,110.9300003,93.89099121,26.19000053,22.57842064
2020-01-09,326.6499939,297.7478027,326.730011,325.519989,48473300,12.53999996,88.36000061,61.69277573,111.0100021,93.9586792,26.23999977,22.62152481
2020-01-10,325.7099915,296.8909302,327.4599915,325.2000122,53029300,12.56000042,88.38999939,61.71372223,111.25,94.16188049,26.21999931,22.60428429
2020-01-13,327.9500122,298.9327698,327.9599915,325.9200134,47086800,12.31999969,88.38999939,61.71372223,111.1200027,94.05184174,26.21999931,22.60428429
2020-01-14,327.4500122,298.4770203,328.6199951,326.8399963,62832800,12.39000034,88.37999725,61.70671844,111.3399963,94.23801422,26.22999954,22.6129055
2020-01-15,328.1900024,299.1515808,329.019989,327.2600098,72056600,12.42000008,88.40000153,61.72074509,111.6200027,94.47504425,26.19000053,22.57842064
2020-01-16,330.9200134,301.6399536,330.9200134,329.4500122,54050300,12.31999969,88.43000031,61.7416687,111.3899994,94.28038025,26.22999954,22.6129055
2020-01-17,331.9500122,302.5787964,332.1799927,330.8500061,95846000,12.10000038,88.36000061,61.69277573,111.3000031,94.20417023,26.31999969,22.69049454
2020-01-21,331.2999878,301.9863281,332.1799927,330.8200073,77742400,12.85000038,88.16999817,61.56013107,111.7399979,94.5765686,26.29999924,22.6732502
2020-01-22,331.3399963,302.0228577,332.9500122,331.1700134,48914900,12.90999985,88.33000183,61.67184067,111.7600021,94.59352875,26.28000069,22.65600967
2020-01-23,331.7200012,302.3692017,332.1700134,329.4100037,51963000,12.97999954,88.05999756,61.48332596,112.0400009,94.83052063,26.35000038,22.71635818
2020-01-24,328.769989,299.6802063,332.5299988,327.3599854,87578400,14.56000042,87.69000244,61.22497177,112.4400024,95.16903687,26.38999939,22.75084114
2020-01-27,323.5,294.8765869,325.1199951,322.6600037,84062500,18.22999954,87.09999847,60.81304932,113.1999969,95.81234741,26.43000031,22.7853241
2020-01-28,326.8900146,297.9665833,327.8500061,323.6000061,63834000,16.28000069,87.84999847,61.33669281,112.8199997,95.49069977,26.43000031,22.7853241
2020-01-29,326.6199951,297.7204285,328.6300049,326.3999939,53888900,16.38999939,87.80000305,61.30179977,113.3600006,95.94773865,26.46999931,22.81980896
2020-01-30,327.6799927,298.686676,327.9100037,323.5400085,75491800,15.48999977,87.88999939,61.36463928,113.4700012,96.04084778,26.38999939,22.75084114
2020-01-31,321.730011,293.2631836,327.1700134,320.730011,113845600,18.84000015,87.52999878,61.11327744,114.0400009,96.52332306,26.28000069,22.65600967
2020-02-03,324.1199951,295.4416199,326.1600037,323.2200012,69083000,17.96999931,87.15000153,61.10347748,113.7900009,96.44110107,26.40999985,22.76808357
2020-02-04,329.0599976,299.9445496,330.0100098,327.7200012,62573200,16.04999924,87.66999817,61.46805191,113.1299973,95.8817215,26.45000076,22.80256844
2020-02-05,332.8599854,303.4083252,333.0899963,330.6700134,65951100,15.14999962,88.02999878,61.72043991,112.6399994,95.46639252,26.54999924,22.88877487
2020-02-06,333.980011,304.4292603,334.1900024,332.7999878,50359700,14.96000004,88.09999847,61.76954269,112.7200012,95.53421783,26.60000038,22.93188286
2020-02-07,332.2000122,302.8067322,333.9899902,331.6000061,64139400,15.47000027,87.97000122,61.67841339,113.2600021,95.99188995,26.65999985,22.98360825
2020-02-10,334.6799927,305.0672302,334.75,331.1900024,42070000,15.03999996,88.08999634,61.76251221,113.4800034,96.17838287,26.70000076,23.0180912
2020-02-11,335.2600098,305.5960999,337.019989,334.6799927,54864500,15.18000031,88.15000153,61.80459213,113.2099991,95.94950104,26.67000008,22.99223137
2020-02-12,337.4200134,307.5648804,337.6499939,336.4299927,43992700,13.73999977,88.37999725,61.9658432,112.9199982,95.70374298,26.73999977,23.05257607
2020-02-13,337.0599976,307.2366943,338.1199951,335.5599976,54501900,14.14999962,88.41000366,61.98693466,113.0199966,95.78850555,26.77000046,23.07843971
2020-02-14,337.6000061,307.7288818,337.730011,336.2000122,64582200,13.68000031,88.40000153,61.9798851,113.3000031,96.0258255,26.76000023,23.0698204
2020-02-18,336.730011,306.9359436,337.6700134,335.2099915,57226200,14.82999992,88.22000122,61.8536911,113.4800034,96.17838287,26.86000061,23.15603065
2020-02-19,338.3399963,308.4034729,339.0799866,337.480011,48814700,14.38000011,88.26000214,61.88171768,113.4599991,96.1614151,26.90999985,23.19913483
2020-02-20,336.9500122,307.1364746,338.6400146,333.6799927,74163400,15.56000042,88.41000366,61.98693466,113.7900009,96.44110107,26.98999977,23.26810074
2020-02-21,333.480011,303.9734802,335.8099976,332.5799866,113788200,17.07999992,88.33000183,61.93080902,114.25,96.83094788,26.82999992,23.1301651
2020-02-24,322.4200134,293.8921204,333.5599976,321.2399902,161088400,25.03000069,87.37999725,61.26472092,115.1399994,97.58526611,26.84000015,23.13878441
2020-02-25,312.6499939,284.9865112,324.6099854,311.6900024,218913200,27.85000038,86.76999664,60.83701324,115.4599991,97.85651398,26.76000023,23.0698204
2020-02-26,311.5,283.9382935,318.1099854,310.7000122,194773800,27.55999947,86.86000061,60.90011597,115.4000015,97.80562592,26.78000069,23.08706093
2020-02-27,297.5100098,271.1861572,311.5599976,297.5100098,284353500,39.15999985,85.69000244,60.07980728,115.9599991,98.28028107,26.62000084,22.94912529
2020-02-28,296.2600098,270.0467529,297.8900146,285.5400085,384975800,40.11000061,86.04000092,60.3251915,117.2600021,99.3820343,26.53000069,22.87153625
2020-03-02,309.0899963,281.7414246,309.1600037,294.4599915,238703600,33.41999817,86.30999756,60.78296661,117.0400009,99.31414795,26.38999939,22.75084114
2020-03-03,300.2399902,273.6745605,313.8399963,297.5700073,300139100,36.81999969,85.94000244,60.52238846,118.4000015,100.4681931,26.28000069,22.65600967
2020-03-04,312.8599854,285.178009,313.1000061,303.3299866,176613400,31.98999977,87.12000275,61.35340881,118.1399994,100.2475662,26.37000084,22.73359871
2020-03-05,302.4599915,275.6981201,308.4700012,300.0100098,186366800,39.61999893,86.01999664,60.57872009,119.1900024,101.1385422,26.17000008,22.56118011
2020-03-06,297.4599915,271.140564,298.7799988,290.230011,228667200,41.93999863,85.05000305,59.89559937,120.4000015,102.1652832,26.02000046,22.43186569
2020-03-09,274.230011,249.9659729,284.1900024,273.4500122,309417300,54.45999908,81.38999939,57.31809616,121.4800034,103.081749,25.73999977,22.19047356
2020-03-10,288.4200134,262.9004822,288.519989,273.5,276444100,47.29999924,82.63999939,58.19840622,119.25,101.1894455,26.12000084,22.51807404
2020-03-11,274.3599854,250.0843964,281.9400024,270.8800049,255316300,53.90000153,80.83999634,56.93076706,118.0599976,100.1796951,26.15999985,22.55256081
2020-03-12,248.1100006,226.1570435,266.6600037,247.6799927,392220700,75.47000122,77.61000061,54.65606689,118.1200027,100.2305984,26.44000053,22.79394722
2020-03-13,269.3200073,245.4904022,271.480011,248.5200043,329566100,57.83000183,80.05000305,56.3744278,117.3499985,99.57719421,27.44000053,23.65604591
2020-03-16,239.8500061,218.6278992,256.8999939,237.3600006,297240000,82.69000244,75.65000153,53.27574539,120.4499969,102.2077179,26.55999947,22.89739799
2020-03-17,252.8000031,230.4320984,256.1700134,237.0700073,262070500,75.91000366,76.36000061,53.77577209,117.4300003,99.64506531,27.03000069,23.3025856
2020-03-18,240,218.7646332,248.3699951,228.0200043,327597100,76.44999695,72.98999786,51.40247726,115.8000031,98.26196289,27.44000053,23.65604591
2020-03-19,240.5099945,219.2295532,247.3800049,232.2200012,289322000,72,71.34999847,50.24753189,116.1800003,98.58441162,28.09000015,24.2164135
2020-03-20,228.8000031,209.7819977,244.4700012,228.5,347158800,66.04000092,69.75,49.12073517,119.1399994,101.0960846,28.01000023,24.14744568
2020-03-23,222.9499969,204.4182434,229.6799927,218.2599945,326025200,61.59000015,68.62999725,48.3319931,120.5500031,102.2925491,27.96999931,24.11296082
2020-03-24,243.1499939,222.939209,244.1000061,233.8000031,235494500,61.66999817,71.45999908,50.32499695,119.7300034,101.5967484,27.64999962,23.83708763
2020-03-25,246.7899933,226.2766724,256.3500061,239.75,299430300,63.95000076,73.47000122,51.74052811,119.8000031,101.6561813,27.38999939,23.61294174
2020-03-26,261.2000122,239.4888458,262.7999878,249.0500031,257632800,61,76.83000183,54.10674667,120.0899963,101.9021988,26.95000076,23.23361778
2020-03-27,253.4199982,232.3555908,260.8099976,251.0500031,224341200,65.54000092,77.02999878,54.24760818,120.9800034,102.6574554,26.72999954,23.04395485
2020-03-30,261.6499939,239.9014587,262.4299927,253.5299988,171369500,57.08000183,77.69000244,54.7123909,121.2600021,102.8950195,26.85000038,23.14740944
2020-03-31,257.75,236.3256683,263.3299866,256.2200012,194881100,53.54000092,77.06999969,54.27577972,121.4800034,103.081749,26.82999992,23.1301651
2020-04-01,246.1499939,225.6898346,257.6600037,243.8999939,189554600,57.06000137,74.58000183,52.78591156,121.8300018,103.5013885,27,23.27672195
2020-04-02,251.8300018,230.8977203,252.6799927,244.5899963,177660400,50.90999985,75.16000366,53.19642258,121.8499985,103.5183945,27.13999939,23.39741707
2020-04-03,248.1900024,227.5603333,253.3200073,245.2200012,135561200,46.79999924,73.55000305,52.05690384,121.9400024,103.594841,27.29000092,23.5267334
2020-04-06,264.8599854,242.844635,267,248.1699982,188061200,45.24000168,75.33999634,53.3237915,121.3899994,103.1276169,27.29999924,23.5353508
2020-04-07,265.1300049,243.0922852,275.0299988,264.8900146,201427200,46.70000076,75.33999634,53.3237915,120.8499985,102.6688843,27.04999924,23.31982613
2020-04-08,274.0299988,251.2524872,276,265.25,153774500,43.34999847,77.30000305,54.71108246,120.6999969,102.54142,27.14999962,23.40603638
2020-04-09,278.2000122,255.0758972,281.2000122,275.4700012,189999200,41.66999817,82.36000061,58.29240417,120.9599991,102.762291,26.95000076,23.23361778
2020-04-13,275.6600037,252.7469177,277.5100098,271.4100037,114839100,41.16999817,81.18000031,57.45724106,120.6999969,102.54142,26.90999985,23.19913483
2020-04-14,283.7900085,260.2011414,284.8999939,275.5100098,134143400,37.75999832,81.51999664,57.69787598,120.8600006,102.6773529,26.76000023,23.0698204
2020-04-15,277.7600098,254.6724854,283.9400024,275.4599915,121775000,40.84000015,80.76000214,57.15998077,121.9400024,103.594841,26.95999908,23.242239
2020-04-16,279.1000061,255.9010773,280.0299988,275.7600098,131798300,40.11000061,80.68000031,57.10333633,122.0699997,103.7053452,27.07999992,23.34569168
2020-04-17,286.6400146,262.8143005,287.2999878,282.3999939,146684800,38.15000153,81.08999634,57.39351654,121.75,103.4334869,27.01000023,23.28534508
2020-04-20,281.5899963,258.1840515,286.7900085,281.3500061,100109300,43.83000183,79.87000275,56.5300293,122.0699997,103.7053452,27.10000038,23.36293411
2020-04-21,273.0400085,250.3447266,278.0400085,272.019989,126385700,45.40999985,78.41000366,55.49671555,122.4100037,103.9941635,27.13999939,23.39741707
2020-04-22,279.1000061,255.9010773,281,276.9100037,92951600,41.97999954,79.09999847,55.98506927,122.0299988,103.6713181,27.21999931,23.4663868
2020-04-23,279.0799866,255.8827209,283.9400024,278.75,104709700,41.38000107,79.05999756,55.95677948,122.1100006,103.7392654,27.22999954,23.4750061
2020-04-24,282.9700012,259.4493713,283.7000122,278.5,85063200,35.93000031,78.31999969,55.43299866,122.1399994,103.7647858,27.17000008,23.42328072
2020-04-27,287.0499878,263.1902771,288.269989,284.6199951,77896600,33.29000092,78.63999939,55.65946198,121.4899979,103.2125549,27.10000038,23.36293411
2020-04-28,285.730011,261.9799805,291.3999939,285.3999939,105270000,33.56999969,78.87999725,55.82936096,122.0199966,103.6628494,27.06999969,23.33707047
2020-04-29,293.2099915,268.8381348,294.8800049,290.4100037,118745600,31.22999954,80.26999664,56.81317139,121.9599991,103.611824,26.95999908,23.242239
2020-04-30,290.480011,266.3351135,293.3200073,288.5899963,122901700,34.15000153,80.43000031,56.92643738,121.6699982,103.3654633,26.79000092,23.09568214
2020-05-01,282.7900085,259.2843628,290.6600037,281.519989,125180000,37.18999863,78.68000031,55.94445419,121.7099991,103.5083313,26.81999969,23.12154579
2020-05-04,283.5700073,259.9995117,283.8999939,279.1300049,80873200,35.97000122,78.56999969,55.86626053,121.7300034,103.5253601,26.96999931,23.25086021
2020-05-05,286.1900024,262.4016113,289.25,283.7099915,79569900,33.61000061,79.25,56.34976196,121.6399994,103.4488068,26.98999977,23.26810074
2020-05-06,284.25,260.6229553,288.4599915,283.7799988,73632600,34.11999893,78.80000305,56.02976227,121.1900024,103.0660858,27.12000084,23.38017464
2020-05-07,287.6799927,263.7679138,289.7799988,287.1300049,75250400,31.44000053,79,56.17198944,121.9300003,103.6954422,27.04000092,23.31120872
2020-05-08,292.4400024,268.1322937,292.9500122,289.8599854,76452400,27.97999954,79.75,56.70527649,121.5299988,103.3552628,27.03000069,23.3025856
2020-05-11,292.5,268.1871948,294,289.8800049,79514200,27.56999969,79.38999939,56.44930649,121.1900024,103.0660858,27.12999916,23.38879585
2020-05-12,286.6700134,262.8419189,294.2399902,286.519989,95870800,33.04000092,79.29000092,56.37820816,121.5899963,103.406311,27.07999992,23.34569168
2020-05-13,281.6000061,258.1932678,287.1900024,278.9599915,144721100,35.27999878,78.87000275,56.07956314,121.8399963,103.6189041,27.12999916,23.38879585
2020-05-14,284.9700012,261.2831421,285.1099854,272.9899902,121977900,32.61000061,78.59999847,55.88760757,122.0299988,103.7804871,27.15999985,23.4146595
2020-05-15,286.2799988,262.4842224,286.3299866,281.3399963,111146300,31.88999939,78.70999908,55.96579361,121.9499969,103.7124557,27.18000031,23.43190193
2020-05-18,295,270.4793701,296.75,292.7000122,119703800,29.29999924,80.09999847,56.95414352,121.1999969,103.0746307,26.95999908,23.242239
2020-05-19,291.9700012,267.7012329,296.2099915,291.9500122,95189300,30.53000069,80.19999695,57.02521896,121.5400009,103.3637695,26.94000053,23.22499847
2020-05-20,296.9299927,272.2489624,297.8699951,295.5700073,85861700,27.98999977,81.05000305,57.62960815,121.5699997,103.3892899,26.85000038,23.14740944
2020-05-21,294.8800049,270.3693237,297.6700134,293.6900024,78293900,29.53000069,81.02999878,57.61538315,121.6500015,103.4573364,26.90999985,23.19913483
2020-05-22,295.4400024,270.882843,295.6300049,293.2200012,63958200,28.15999985,81.23000336,57.75761414,121.8799973,103.6529312,26.98999977,23.26810074
2020-05-26,299.0799866,274.2202454,302.1900024,295.4599915,88951400,28.01000023,81.83999634,58.19135284,121.5599976,103.3807907,26.79000092,23.09568214
2020-05-27,303.5299988,278.3003845,303.5700073,296.8699951,104817400,27.62000084,82.01000214,58.31220627,121.6600037,103.4658279,26.78000069,23.08706093
2020-05-28,302.9700012,277.7868958,306.8399963,302.2399902,90405200,28.59000015,82.08999634,58.36909103,121.5500031,103.3722687,26.63999939,22.96636581
2020-05-29,304.3200073,279.0246887,304.9599915,299.4700012,119090800,27.51000023,82.41999817,58.60379791,121.9400024,103.703949,26.60000038,22.93188286
2020-06-01,305.5499878,280.1524658,306.2099915,303.0599976,55758300,28.22999954,82.72000122,59.04705048,121.7699966,103.6630859,26.45000076,22.80256844
2020-06-02,308.0799866,282.4721985,308.1300049,305.1000061,74267200,26.84000015,83.54000092,59.63237762,121.5699997,103.4928436,26.42000008,22.77670479
2020-06-03,312.1799927,286.2313843,313.2200012,309.9400024,92567600,25.65999985,83.93000031,59.91076279,120.8499985,102.8799286,26.26000023,22.63876915
2020-06-04,311.3599854,285.4795837,313,309.0799866,75794400,25.80999947,83.66999817,59.72515106,120.3700027,102.4712524,26.15999985,22.55256081
2020-06-05,319.3399963,292.7962341,321.269989,317.1600037,150524700,24.52000046,84.45999908,60.28906631,119.7699966,101.9604874,26.20999908,22.59566307
2020-06-08,323.2000122,296.3354492,323.4100037,319.6300049,73641200,25.80999947,84.55999756,60.36047363,119.9000015,102.0711441,26.13999939,22.53531456
2020-06-09,320.7900085,294.1257629,323.2799988,319.3599854,77479200,27.56999969,83.90000153,59.88935852,120.3300018,102.4372253,26.05999947,22.46634674
2020-06-10,319,292.4844666,322.3900146,318.2200012,95000800,27.56999969,83.77999878,59.80368423,121.2300034,103.2033844,25.93000031,22.35427475
2020-06-11,300.6099854,275.6230469,312.1499939,300.0100098,209243600,40.79000092,81.62999725,58.26896667,121.6600037,103.5694427,26.19000053,22.57842064
2020-06-12,304.2099915,278.9238281,309.0799866,298.6000061,194678900,36.09000015,82.44000244,58.84715652,121.3899994,103.3396149,26.26000023,22.63876915
2020-06-15,307.0499878,281.5278015,308.2799988,296.7399902,135782700,34.40000153,83.23999786,59.41819382,121.2900009,103.2544785,26.14999962,22.54393578
2020-06-16,312.9599915,286.9465637,315.6400146,307.6700134,137627500,33.66999817,83.58000183,59.66091156,121.0400009,103.041626,26.22999954,22.6129055
2020-06-17,311.6600037,285.7545776,314.3900146,310.8599854,83398900,33.47000122,83.19000244,59.38252258,121.2300034,103.2033844,26.25,22.63014793
2020-06-18,311.7799988,285.8646851,312.2999878,309.5100098,80828700,32.93999863,83.16000366,59.36112213,121.5,103.4332199,26.35000038,22.71635818
2020-06-19,308.6400146,284.2309265,314.3800049,306.5299988,135549600,35.11999893,82.87999725,59.16126251,121.5400009,103.4672852,26.37999916,22.74221992
2020-06-22,310.6199951,286.0543518,311.0499878,306.75,74649400,31.77000046,82.81999969,59.11840057,121.4300003,103.3736572,26.23999977,22.62152481
2020-06-23,312.0499878,287.3713074,314.5,311.6099854,68471200,31.37000084,82.94000244,59.2040863,121.3899994,103.3396149,26.14999962,22.54393578
2020-06-24,304.0899963,280.040802,310.5100098,302.1000061,132813500,33.84000015,82.08999634,58.59730911,121.6200027,103.535347,26.27000046,22.64739037
2020-06-25,307.3500061,283.0429688,307.6400146,301.2799988,89468000,32.22000122,82.12000275,58.61874008,121.6399994,103.5524292,26.30999947,22.68187332
2020-06-26,300.0499878,276.320282,306.3900146,299.4200134,127961000,34.72999954,81.33999634,58.06197357,121.9700012,103.8333359,26.35000038,22.71635818
2020-06-29,304.4599915,280.3815002,304.6099854,298.9299927,79773300,31.78000069,80.87999725,57.73361206,122.0899963,103.9354935,26.36000061,22.7249794
2020-06-30,308.3599854,283.973053,310.2000122,303.8200073,113394800,30.43000031,81.62000275,58.2618103,121.8700027,103.7482071,26.31999969,22.69049454
2020-07-01,310.519989,285.9622498,311.8900146,309.0700073,72396500,28.62000084,81.52999878,58.4431839,121.5699997,103.5863419,26.26000023,22.63876915
2020-07-02,312.230011,287.5369873,315.7000122,311.5100098,69344200,27.68000031,82.12999725,58.87329865,121.7200012,103.7141418,26.28000069,22.65600967
2020-07-06,317.0499878,291.9758606,317.6799927,315.5599976,61713800,27.94000053,82.72000122,59.29623413,121.5400009,103.5607605,26.13999939,22.53531456
2020-07-07,313.7799988,288.9644165,317.519989,313.3699951,82910000,29.43000031,82.16999817,58.90195465,121.9300003,103.8930511,26.20000076,22.58704185
2020-07-08,316.1799927,291.1745605,316.2999878,312.7000122,54638600,28.07999992,82.38999939,59.05966949,121.7399979,103.7311783,26.05999947,22.46634674
2020-07-09,314.3800049,289.5169983,317.1000061,310.6799927,83354200,29.26000023,82.20999908,58.93063354,122.1299973,104.0634613,26.14999962,22.54393578
2020-07-10,317.5899963,292.4730835,317.8800049,312.7600098,57550400,27.29000092,82.48999786,59.13134384,121.8899994,103.8589859,26.11000061,22.50945282
2020-07-13,314.8399963,289.9405823,322.7099915,314.1300049,102997500,32.18999863,82.04000092,58.80875778,122.0199966,103.9697647,26.06999969,22.47496986
2020-07-14,318.9200134,293.6979675,319.7600098,312,93657000,29.52000046,82.73999786,59.31050491,122.0100021,103.9612122,26.02000046,22.43186569
2020-07-15,321.8500061,296.3962708,323.0400085,319.269989,87196500,27.76000023,83.20999908,59.64743042,121.9700012,103.9271622,25.95000076,22.37151718
2020-07-16,320.7900085,295.4200745,321.2799988,319.0899963,54622500,28,83.29000092,59.70481491,122.0599976,104.0038528,26.04000092,22.44910622
2020-07-17,321.7200012,296.2765198,322.5700073,319.7399902,62774900,25.68000031,83.51999664,59.86968613,122.0299988,103.9782791,25.93000031,22.35427475
2020-07-20,324.3200073,298.670929,325.1300049,320.6199951,56308800,24.45999908,84.01999664,60.22808456,122.1100006,104.0464325,25.88999939,22.31978989
2020-07-21,325.0100098,299.3062744,326.9299927,323.9400024,57292200,24.84000015,84.41000366,60.5076828,122.2399979,104.1571884,25.72999954,22.18185425
2020-07-22,326.8599854,301.0100098,327.2000122,324.5,57792900,24.31999969,84.58000183,60.62952042,122.2799988,104.1912766,25.65999985,22.12150955
2020-07-23,322.9599915,297.4184265,327.230011,321.480011,75738000,26.07999992,84.51999664,60.58649063,122.4000015,104.2935333,25.61000061,22.07840347
2020-07-24,320.8800049,295.5028687,321.9899902,319.25,73766600,25.84000015,84.59999847,60.64385986,122.3399963,104.2423859,25.5,21.98357201
2020-07-27,323.2200012,297.6578979,323.4100037,320.769989,48293000,24.73999977,84.80000305,60.78723145,122.1500015,104.0805359,25.30999947,21.81977272
2020-07-28,321.1700134,295.7699585,323.6400146,320.8500061,57495000,25.44000053,84.58000183,60.62952042,122.4400024,104.3276291,25.35000038,21.85425758
2020-07-29,325.1199951,299.4075928,325.730011,322.0799866,48454200,24.10000038,85.05000305,60.96644211,122.5999985,104.4639587,25.22999954,21.75080299
2020-07-30,323.9599915,298.3393555,324.4100037,319.6400146,61861700,24.76000023,85.23000336,61.09548187,122.7699966,104.6087952,25.12999916,21.66459274
2020-07-31,326.519989,300.6968384,326.6300049,321.3299866,84986800,24.45999908,85.38999939,61.21014404,122.8000031,104.6343689,25.28000069,21.79390907
2020-08-03,328.7900085,302.787384,329.6199951,327.730011,53077900,24.28000069,85.06999969,61.22527695,122.6399994,104.5832062,25.28000069,21.79390907
2020-08-04,330.0599976,303.9568787,330.0599976,327.8599854,41917900,23.76000023,85.04000092,61.20366287,123.0599976,104.9413528,25.19000053,21.71632004
2020-08-05,332.1099854,305.8448181,332.3900146,331.1799927,42697700,22.98999977,85.19000244,61.31164932,122.6500015,104.591713,25.07999992,21.62148857
2020-08-06,334.3299866,307.8891907,334.4599915,331.1300049,43679400,22.64999962,85.37999725,61.44834137,122.7900009,104.711113,25.07999992,21.62148857
2020-08-07,334.5700073,308.11026,334.8800049,332.2999878,57308300,22.20999908,85.16999817,61.29720688,122.5299988,104.4893723,25.22999954,21.75080299
2020-08-10,335.5700073,309.0311584,335.769989,332.9599915,44282100,22.12999916,85.20999908,61.32601547,122.4000015,104.3785324,25.27000046,21.78528786
2020-08-11,332.7999878,306.4802551,337.5400085,332.0100098,69601100,24.03000069,84.44000244,60.77185059,121.9800034,104.0203934,25.30999947,21.81977272
2020-08-12,337.4400024,310.7532349,338.2799988,335.4100037,53774400,22.28000069,84.45999908,60.78623962,121.6200027,103.7133331,25.22999954,21.75080299
2020-08-13,336.8299866,310.1914978,338.25,335.8299866,41816100,22.12999916,84.23000336,60.62068939,121.3700027,103.5001755,25.21999931,21.74218369
2020-08-14,336.8399963,310.2007446,337.4200134,335.6199951,47260400,22.04999924,84.08000183,60.51273727,121.4300003,103.5513535,25.18000031,21.70769882
2020-08-17,337.9100037,311.1860657,338.3399963,336.8500061,35481000,21.35000038,84.58000183,60.87260818,121.6299973,103.7219086,25.06999969,21.61286926
2020-08-18,338.6400146,311.858429,339.1000061,336.6099854,38733900,21.51000023,84.70999908,60.96618652,121.8399963,103.9010086,24.93000031,21.49217415
2020-08-19,337.230011,310.559906,339.6099854,336.6199951,68054200,22.54000092,84.47000122,60.79344559,121.6800003,103.7645493,25.12999916,21.66459274
2020-08-20,338.2799988,311.5267639,338.7999878,335.2200012,42207800,22.71999931,84.75,60.99496841,122.0299988,104.0630188,25.05999947,21.60424805
2020-08-21,339.480011,312.6319275,339.7200012,337.5499878,55106600,22.54000092,84.73999786,60.98778534,122.1200027,104.1397552,25.18000031,21.70769882
2020-08-24,342.9200134,315.7998657,343,339.4500122,48588700,22.37000084,85.12999725,61.26844788,121.9499969,103.9948044,25.21999931,21.74218369
2020-08-25,344.1199951,316.9049988,344.2099915,342.269989,38463400,22.03000069,85.22000122,61.33320618,121.6600037,103.7475052,25.12999916,21.66459274
2020-08-26,347.5700073,320.0821838,347.8599854,344.1700134,50790200,23.27000046,85.20999908,61.32601547,121.6100006,103.7048492,25.10000038,21.638731
2020-08-27,348.3299866,320.7820129,349.8999939,346.5299988,58034100,24.46999931,85.08000183,61.23246765,121.1800003,103.33815,25.12999916,21.66459274
2020-08-28,350.5799866,322.8540039,350.7200012,348.1499939,48588900,22.95999908,85.15000153,61.28285217,121.3799973,103.5087433,24.93000031,21.49217415
2020-08-31,349.3099976,321.6845703,351.2999878,349.0599976,66099200,26.40999985,85.02999878,61.19644165,121.5100021,103.619545,24.89999962,21.4663105
2020-09-01,352.6000061,324.7142944,352.7099915,349.2399902,54908700,26.12000084,85.15000153,61.52960587,121.8199997,103.9591904,24.95000076,21.50941658
2020-09-02,357.7000122,329.4110107,358.75,353.4299927,69540000,26.56999969,85.25,61.60186386,121.9899979,104.1042862,25.04000092,21.58700562
2020-09-03,345.3900146,318.0745544,356.3800049,342.5899963,148011100,33.59999847,84.72000122,61.21889877,122.1500015,104.2408295,25.04999924,21.59562492
2020-09-04,342.5700073,315.4775696,347.8299866,334.8699951,139156300,30.75,84.48999786,61.05268478,121.4700012,103.6605072,25.09000015,21.63010979
2020-09-08,333.2099915,306.8577881,342.6400146,332.8800049,114465300,31.45999908,84.01999664,60.71304321,121.7300034,103.8824234,25.21999931,21.74218369
2020-09-09,339.7900085,312.91745,342.4599915,336.6099854,91462300,28.80999947,84.68000031,61.18995285,121.6699982,103.8312149,25.18000031,21.70769882
2020-09-10,333.8900146,307.4840088,342.5299988,332.8500061,90569500,29.70999908,84.27999878,60.90093231,121.8199997,103.9591904,25.22999954,21.75080299
2020-09-11,334.0599976,307.6405945,336.9700012,331,84680200,26.87000084,84.44999695,61.02375031,122.0100021,104.1213379,25.18000031,21.70769882
2020-09-14,338.4599915,311.6925354,340.3800049,334.2200012,65605700,25.85000038,84.36000061,60.95872879,121.9000015,104.0274658,25.12000084,21.65597343
2020-09-15,340.1700134,313.2674255,342.019989,338.4700012,52920900,25.59000015,84.58999634,61.12492752,121.8399963,103.9763031,25.13999939,21.67321205
2020-09-16,338.8200073,312.0241394,343.0599976,338.519989,82096000,26.04000092,84.58999634,61.12492752,121.7699966,103.9165573,25.17000008,21.69907761
2020-09-17,335.8399963,309.2798157,337.7000122,332.9899902,91523300,26.45999908,84.5,61.05992508,121.8099976,103.9507065,25.07999992,21.62148857
2020-09-18,330.6499939,305.7191772,335.4899902,327.9700012,105877900,25.82999992,84.29000092,60.90816498,121.6999969,103.8568344,25.11000061,21.64735413
2020-09-21,326.9700012,302.3166504,327.1300049,321.730011,99450800,27.78000069,83.61000061,60.41679764,121.9199982,104.0445633,25.29000092,21.8025322
2020-09-22,330.2999878,305.3955383,330.8999939,325.8599854,63612100,26.86000061,83.90000153,60.6263237,121.9199982,104.0445633,25.37999916,21.88011932
2020-09-23,322.6400146,298.3130798,331.2000122,322.1000061,93112200,28.57999992,83.05000305,60.01211929,121.9199982,104.0445633,25.52000046,22.00081444
2020-09-24,323.5,299.1081848,326.7999878,319.7999878,76681300,28.51000023,83.09999847,60.04825211,121.9800034,104.095787,25.47999954,21.96632957
2020-09-25,328.730011,303.9439392,329.5799866,321.6400146,71069400,26.37999916,82.94999695,59.93985748,122.0800018,104.1810989,25.54999924,22.02667618
2020-09-28,334.1900024,308.992218,334.9599915,332.1499939,64584600,26.19000053,83.48999786,60.33007812,122.0599976,104.1640472,25.46999931,21.95771027
2020-09-29,332.3699951,307.3095093,334.769989,331.6199951,51304000,26.27000046,83.55999756,60.3806572,122.1500015,104.2408295,25.35000038,21.85425758
2020-09-30,334.8900146,309.6394653,338.2900085,332.8800049,104081100,26.37000084,83.90000153,60.6263237,121.8199997,103.9591904,25.35000038,21.85425758
2020-10-01,337.0400085,311.6273804,338.7399902,335.0100098,88698700,26.70000076,83.83000183,60.8346138,121.8099976,104.0181427,25.30999947,21.81977272
2020-10-02,333.8399963,308.6685486,337.0100098,331.1900024,89431100,27.62999916,83.83000183,60.8346138,121.6900024,103.9156342,25.37000084,21.87149811
2020-10-05,339.7600098,314.1422729,339.9599915,336.0100098,45713100,27.95999908,84.45999908,61.29179764,120.9199982,103.2581482,25.26000023,21.77666855
2020-10-06,334.9299927,309.6764526,342.1700134,334.3800049,90128900,29.47999954,84.26999664,61.15391541,121.1999969,103.4972305,25.32999992,21.83701324
2020-10-07,340.7600098,315.066925,341.6300049,338.0899963,56999600,28.05999947,84.56999969,61.37162018,120.8499985,103.198349,25.29999924,21.8111515
2020-10-08,343.7799988,317.8592224,343.8500061,341.8599854,45242500,26.36000061,84.76000214,61.50951385,121.0699997,103.3862076,25.29000092,21.8025322
2020-10-09,346.8500061,320.6977234,347.3500061,344.8900146,59528600,25,84.94999695,61.64739609,121.0100021,103.3349609,25.13999939,21.67321205
2020-10-12,352.4299927,325.8569336,354.019989,349.0599976,80388500,25.06999969,85.37999725,61.95939636,121.1399994,103.4459915,25.11000061,21.64735413
2020-10-13,350.1300049,323.7304382,352.4700012,349.0899963,73255500,26.06999969,85,61.68369293,121.4100037,103.6765671,25.26000023,21.77666855
2020-10-14,347.9299927,321.6963196,351.9299927,347.1400146,57727900,26.39999962,84.79000092,61.53125381,121.4499969,103.7107086,25.20000076,21.72494316
2020-10-15,347.5,321.2987061,348.019989,343.1300049,60357700,26.96999931,84.73000336,61.4877739,121.3199997,103.5996857,25.31999969,21.82839203
2020-10-16,347.2900085,321.1045532,350.75,347.1000061,89501900,27.40999985,84.62999725,61.41519928,121.25,103.5399475,25.29000092,21.8025322
2020-10-19,342.0100098,316.2225952,349.3299866,341.0400085,68425600,29.18000031,84.33000183,61.19746399,121.0500031,103.3691406,25.20999908,21.73356056
2020-10-20,343.3800049,317.4893494,346.8800049,342.6400146,60051900,29.35000038,84.62999725,61.41519928,120.7900009,103.1471252,25.12999916,21.66459274
2020-10-21,342.730011,316.8883667,345.6700134,342.3999939,63575000,28.64999962,84.62000275,61.40790176,120.6299973,103.0104675,25,21.55252266
2020-10-22,344.6099854,318.6265564,345.2399902,340.6499939,55399300,28.11000061,84.76999664,61.51674652,120.2099991,102.6518478,25.10000038,21.638731
2020-10-23,345.7799988,319.708313,345.9899902,343.1300049,49143900,27.54999924,84.87000275,61.58933258,120.3799973,102.79702,25.04000092,21.58700562
2020-10-26,339.3900146,313.8001709,342.980011,335.6199951,91473000,32.45999908,84.12000275,61.04504395,120.6999969,103.0702591,25.12999916,21.66459274
2020-10-27,338.2200012,312.7183838,340.1199951,337.9899902,65994100,33.34999847,84.16000366,61.07409286,120.9700012,103.3008347,25.07999992,21.62148857
2020-10-28,326.6600037,302.0300293,338.25,326.1300049,127094300,40.27999878,83.45999908,60.56612015,120.9599991,103.2922897,25.23999977,21.75942421
2020-10-29,329.980011,305.0997009,333.3999939,325.0899963,90597700,37.59000015,83.69999695,60.74027252,120.4499969,102.8567734,25.34000015,21.84563446
2020-10-30,326.5400085,301.9190674,329.6900024,322.6000061,120287300,38.02000046,83.87999725,60.87090302,120.0599976,102.5237579,25.37000084,21.87149811
2020-11-02,330.2000122,305.3031006,332.3599854,327.2399902,86068300,37.13000107,83.72000122,61.01593399,120.1900024,102.6997833,25.39999962,21.89736176
2020-11-03,336.0299988,310.6935425,338.25,330.2900085,93294200,35.54999924,84.44000244,61.54066086,119.9199982,102.4690552,25.26000023,21.77666855
2020-11-04,343.5400085,317.6372375,347.9400024,339.5899963,126959700,29.56999969,85.23000336,62.11642838,120.9300003,103.332077,25.21999931,21.74218369
2020-11-05,350.2399902,323.8320923,352.1900024,348.8599854,82039700,27.57999992,85.52999878,62.3350563,120.9100037,103.3150101,24.97999954,21.53527832
2020-11-06,350.1600037,323.7581787,351.5100098,347.6499939,74973000,24.86000061,85.23000336,62.11642838,120.5,102.9646759,24.88999939,21.45768929
2020-11-09,354.5599976,327.826355,364.3800049,354.0599976,172304200,25.75,85.87999725,62.59016037,119.6100006,102.204155,25.04999924,21.59562492
2020-11-10,354.0400085,327.3455505,355.1799927,350.5100098,85552000,24.79999924,85.76000214,62.50270844,119.2699966,101.9136505,25.04999924,21.59562492
2020-11-11,356.6700134,329.7773743,357.5599976,355.0599976,58649000,23.45000076,85.73000336,62.48086548,119.4599991,102.0759964,25.07999992,21.62148857
2020-11-12,353.2099915,326.578125,356.7200012,351.2600098,67546200,25.35000038,85.15000153,62.05814743,120.1399994,102.6570892,25.07999992,21.62148857
2020-11-13,358.1000061,331.0995483,358.8999939,354.7099915,62892200,23.10000038,85.44000244,62.26948547,119.9800034,102.5203171,25.03000069,21.5783844
2020-11-16,362.5700073,335.2324524,362.7799988,359.5899963,74541100,22.45000076,85.91999817,62.61931992,119.8899994,102.4434052,24.96999931,21.52665901
2020-11-17,360.6199951,333.4294739,361.9200134,358.3399963,66111000,22.70999908,85.94999695,62.64118576,120.1999969,102.7083206,24.93000031,21.49217415
2020-11-18,356.2799988,329.4165955,361.5,356.2399902,70591300,23.84000015,85.79000092,62.52455139,120.1600037,102.6741257,24.94000053,21.50079536
2020-11-19,357.7799988,330.8034973,358.1799927,354.1499939,59940900,23.11000061,86.08000183,62.73590088,120.2900009,102.7852554,24.89999962,21.4663105
2020-11-20,355.3299866,328.5382385,357.7200012,355.25,70417300,23.70000076,85.91999817,62.61931992,120.5,102.9646759,24.93000031,21.49217415
2020-11-23,357.4599915,330.5076904,358.8200073,354.8699951,63230600,22.65999985,86.05000305,62.7141037,120.2600021,102.7595978,24.96999931,21.52665901
2020-11-24,363.2200012,335.8334351,363.8099976,359.2900085,62415900,21.63999939,86.30999756,62.9035759,120.0699997,102.5972443,24.85000038,21.42320633
2020-11-25,362.6600037,335.3156433,363.1600037,361.480011,45330900,21.25,86.26999664,62.87438202,120.1100006,102.6314392,24.80999947,21.38872147
2020-11-27,363.6700134,336.2495117,364.1799927,362.5799866,28514100,20.84000015,86.41000366,62.97641754,120.4700012,102.9390564,24.76000023,21.34561729
2020-11-30,362.0599976,334.7608337,363.1199951,359.1700134,83872700,20.56999969,86.31999969,62.91082382,120.3899994,102.8706665,24.81999969,21.39734268
2020-12-01,366.019989,338.4222717,367.6799927,364.9299927,74231400,20.77000046,86.19999695,63.07253265,119.6699982,102.3234329,24.60000038,21.20768356
2020-12-02,366.7900085,339.1342163,366.9599915,364.2000122,45927000,21.17000008,86.44000244,63.24815369,119.4700012,102.1524506,24.56999969,21.18181801
2020-12-03,366.6900024,339.0417786,368.1900024,365.5,62882000,21.28000069,86.48999786,63.28471375,119.7900009,102.4260712,24.44000053,21.06974411
2020-12-04,369.8500061,341.963562,369.8500061,367.2200012,50749900,20.79000092,86.84999847,63.54817963,119.3199997,102.0241699,24.46999931,21.09560776
2020-12-07,369.0899963,341.2607727,369.6199951,367.7200012,48944300,21.29999924,86.80999756,63.51887894,119.6900024,102.3405533,24.51000023,21.13009262
2020-12-08,370.1700134,342.2593384,370.7799988,367.6700134,42458900,20.68000031,86.73999786,63.46768951,119.8099976,102.4431305,24.54000092,21.15595436
2020-12-09,366.8500061,339.1896362,371.0499878,365.9500122,74098300,22.27000046,86.61000061,63.37253952,119.6399994,102.2978058,24.54999924,21.16457558
2020-12-10,366.730011,339.0787354,367.8599854,364.4299927,57735400,22.52000046,86.76999664,63.48960876,119.9100037,102.5286636,24.47999954,21.10422707
2020-12-11,366.2999878,338.6812134,366.7399902,363.2600098,57698600,23.30999947,86.68000031,63.4237709,120.1500015,102.7338638,24.54000092,21.15595436
2020-12-14,364.6600037,337.1647949,369.7999878,364.4700012,69216200,24.71999931,86.69999695,63.43841934,120.0800018,102.6739807,24.46999931,21.09560776
2020-12-15,369.5899963,341.7230225,369.5899963,365.9200134,63865300,22.88999939,86.97000122,63.63593674,119.9599991,102.5714188,24.38999939,21.02663994
2020-12-16,370.1700134,342.2593384,371.1600037,368.8699951,58420500,22.5,86.83999634,63.54083633,119.8600006,102.4858704,24.36000061,21.00077629
2020-12-17,372.2399902,344.1733093,372.4599915,371.0499878,64119500,21.93000031,86.61000061,63.63561249,119.6999969,102.4114456,24.22999954,20.88870239
2020-12-18,369.1799927,342.7990417,371.1499939,367.019989,136542300,21.56999969,86.68000031,63.68703842,119.5999985,102.3258896,24.26000023,20.91456604
2020-12-21,367.8599854,341.5733643,378.4599915,362.0299988,96386700,25.15999985,86.37000275,63.45928574,119.6800003,102.3943634,24.30999947,20.95767212
2020-12-22,367.2399902,340.9977112,368.3299866,366.0299988,47949000,24.22999954,86.48000336,63.54010391,119.8799973,102.5654526,24.44000053,21.06974411
2020-12-23,367.5700073,341.3040771,369.6199951,367.2200012,46201400,23.30999947,86.87000275,63.82666397,119.6299973,102.3515778,24.32999992,20.97491264
2020-12-24,369,342.6319275,369.0299988,367.4500122,26457900,21.53000069,87.05000305,63.95889664,119.8000031,102.4970245,24.35000038,20.99215698
2020-12-28,372.1700134,345.5753784,372.5899963,371.0700073,39000400,21.70000076,87.16000366,64.03971863,119.8099976,102.5055847,24.35000038,20.99215698
2020-12-29,371.4599915,344.9161682,374,370.8299866,53680500,23.07999992,87.05000305,63.95889664,119.7900009,102.4884491,24.27000046,20.92318535
2020-12-30,371.9899902,345.4082947,373.1000061,371.5700073,49455300,22.77000046,87.23000336,64.09117889,119.8700027,102.5569153,24.17000008,20.83697701
2020-12-31,373.8800049,347.163208,374.6600037,371.230011,78520700,22.75,87.30000305,64.14260101,119.9499969,102.625351,24.23999977,20.89732552
2021-01-04,368.7900085,342.4369202,375.4500122,364.8200073,110210800,26.96999931,87.12000275,64.01034546,119.9800034,102.651001,24.26000023,20.91456604
2021-01-05,371.3299866,344.7954102,372.5,368.0499878,66426200,25.34000015,87.15000153,64.03237915,119.6999969,102.4114456,24.12000084,20.79387283
2021-01-06,373.5499878,346.8568115,376.980011,369.1199951,107997700,25.06999969,86.98999786,63.91479111,119,101.8125687,24.09000015,20.76800919
2021-01-07,379.1000061,352.0101624,379.8999939,375.9100037,68766800,22.37000084,87.23999786,64.09848785,118.5800018,101.4532089,24.22999954,20.88870239
2021-01-08,381.2600098,354.0158691,381.4899902,377.1000061,71677200,21.55999947,87.37000275,64.19399261,118.2399979,101.1623459,24.27000046,20.92318535
2021-01-11,378.6900024,351.6294861,380.5799866,377.7200012,51034700,24.07999992,86.90000153,63.84867096,118.0100021,100.9655762,24.42000008,21.05250359
2021-01-12,378.769989,351.7037354,379.8599854,376.3599854,52547700,23.32999992,87.01000214,63.92953873,117.9899979,100.9484558,24.29000092,20.94043159
2021-01-13,379.7900085,352.6508789,380.8599854,377.8500061,45303600,22.20999908,87.26999664,64.12050629,118.4000015,101.2992401,24.37000084,21.00939941
2021-01-14,378.4599915,351.4159241,381.1300049,378.1000061,49989100,23.25,87.25,64.10585022,118.1299973,101.068222,24.31999969,20.96629143
2021-01-15,375.7000122,348.8532104,377.5799866,373.7000122,107160000,24.34000015,87.11000061,64.00299835,118.4499969,101.3419571,24.47999954,21.10422707
2021-01-19,378.6499939,351.5923462,379.230011,376.75,51233300,23.23999977,87.36000061,64.18667603,118.5199966,101.4019089,24.40999985,21.04388046
2021-01-20,383.8900146,356.4579163,384.7900085,380.6900024,61836100,21.57999992,87.51999664,64.30421448,118.5699997,101.4446716,24.39999962,21.03526115
2021-01-21,384.2399902,356.7828369,384.9500122,383.25,47840100,21.31999969,87.47000122,64.26748657,118.4000015,101.2992401,24.29000092,20.94043159
2021-01-22,382.8800049,355.52005,384.1300049,381.8399963,52860500,21.90999985,87.30000305,64.14260101,118.5800018,101.4532089,24.34000015,20.98353577
2021-01-25,384.3900146,356.9221497,384.769989,378.4599915,70402000,23.19000053,87.31999969,64.15724182,119.0599976,101.8639069,24.37000084,21.00939941
2021-01-26,383.7900085,356.3650208,385.8500061,383.5400085,42665300,23.02000046,87.19000244,64.06175995,119.0199966,101.8296814,24.29999924,20.949049
2021-01-27,374.4100037,347.655365,380.3200073,372.0100098,123351100,37.20999908,86.94000244,63.8780365,119.1600037,101.9494705,24.45000076,21.07836533
2021-01-28,377.6300049,350.6452026,381.9299927,375.8900146,94198100,30.20999908,87.19999695,64.0690918,118.8499985,101.6842346,24.38999939,21.02663994
2021-01-29,370.0700073,343.6254883,376.6700134,368.269989,126765100,33.09000015,86.97000122,63.90010452,118.6399994,101.5045319,24.42000008,21.05250359
2021-02-01,376.230011,349.3453064,377.3399963,370.3800049,75817600,30.23999977,86.93000031,64.10512543,118.7099991,101.6312561,24.54000092,21.15595436
2021-02-02,381.5499878,354.2851562,383.2200012,376.3200073,64450700,25.55999947,87.13999939,64.25997162,118.4100037,101.3744354,24.56999969,21.18181801
2021-02-03,381.8500061,354.5637207,383.7000122,380.480011,52427100,22.90999985,87.20999908,64.31161499,118.1200027,101.1261368,24.55999947,21.17319679
2021-02-04,386.1900024,358.5935059,386.2399902,381.9700012,47142600,21.77000046,87.38999939,64.44434357,118.0800018,101.0919266,24.67000008,21.26802635
2021-02-05,387.7099915,360.0049438,388.4700012,386.1400146,48669800,20.87000084,87.51999664,64.54019165,117.8300018,100.8778534,24.53000069,21.14733505
2021-02-08,390.5100098,362.6048584,390.5599976,388.3500061,38365200,21.23999977,87.77999878,64.73191071,117.8799973,100.9206543,24.52000046,21.13871193
2021-02-09,390.25,362.3634338,390.8900146,389.1700134,35551100,21.62999916,87.62000275,64.6139679,117.9700012,100.9977188,24.38999939,21.02663994
2021-02-10,390.0799866,362.2055359,392.2799988,387.5,59154400,21.98999977,87.59999847,64.59921265,118.2699966,101.2545624,24.37999916,21.01801872
2021-02-11,390.7099915,362.7905273,391.6900024,388.1000061,42913300,21.25,87.63999939,64.62870789,118.1800003,101.1775131,24.37000084,21.00939941
2021-02-12,392.6400146,364.5826721,392.8999939,389.769989,50593300,19.96999931,87.77999878,64.73191071,117.7900009,100.8436432,24.38999939,21.02663994
2021-02-16,392.2999878,364.2669373,394.1700134,391.5299988,50972400,21.45999908,87.63999939,64.62870789,116.9400024,100.1159363,24.38999939,21.02663994
2021-02-17,392.3900146,364.3505249,392.6600037,389.3299866,52290600,21.5,87.61000061,64.60659027,117.0199966,100.1844254,24.48999977,21.11285019
2021-02-18,390.7200012,362.7998657,391.519989,387.7399902,59712800,22.48999977,87.48999786,64.51809692,117.0100021,100.1758499,24.40999985,21.04388046
2021-02-19,390.0299988,362.1591797,392.3800049,389.5499878,83241000,22.04999924,87.5,64.52544403,116.5400009,99.77344513,24.35000038,20.99215698
2021-02-22,387.0299988,359.3735657,389.6199951,386.7399902,67414200,23.45000076,87.23000336,64.3263855,116.3499985,99.61081696,24.28000069,20.93181038
2021-02-23,387.5,359.8099976,388.9500122,380.2000122,107284100,23.11000061,87.44000244,64.48122406,116.4400024,99.68785858,24.29999924,20.949049
2021-02-24,391.769989,363.7748108,392.230011,385.269989,72433900,21.34000015,87.52999878,64.54756165,116.2799988,99.55088806,24.26000023,20.91456604
2021-02-25,382.3299866,355.0093384,391.8800049,380.7799988,146670500,28.88999939,86.69999695,63.93553925,114.7300034,98.22386932,24.34000015,20.98353577
2021-02-26,380.3599854,353.1801453,385.5799866,378.230011,152701600,27.95000076,86.44000244,63.74381256,115.7600021,99.10569,24.52000046,21.13871193
2021-03-01,389.5799866,361.7413025,390.9200134,380.5700073,105348800,23.35000038,87.09999847,64.45941925,115.5599976,98.99430847,24.54000092,21.15595436
2021-03-02,386.5400085,358.9185791,390.0700073,386,79595300,24.10000038,86.97000122,64.36321259,115.7699966,99.17421722,24.45000076,21.07836533
2021-03-03,381.4200134,354.1644287,386.8299866,381.3099976,119940200,26.67000008,86.69000244,64.15599823,115.1500015,98.64309692,24.52000046,21.13871193
2021-03-04,376.7000122,349.7817078,384,371.8800049,183433000,28.56999969,86.36000061,63.91180038,114.5800018,98.15477753,24.68000031,21.27664757
2021-03-05,383.6300049,356.2164917,384.7600098,372.6400146,152039600,24.65999985,86.62000275,64.10418701,114.4199982,98.01776123,24.77000046,21.3542366
2021-03-08,381.7200012,354.4429626,387.6799927,381.4200134,123149200,25.46999931,85.98999786,63.63793945,113.9700012,97.63226318,24.90999985,21.47493172
2021-03-09,387.1700134,359.5035706,389.9100037,385.3099976,113633600,24.03000069,86.11000061,63.72676849,114.5100021,98.09484863,24.77000046,21.3542366
2021-03-10,389.5799866,361.7413025,391.3999939,388.1700134,109899400,22.55999947,86.37999725,63.92657089,114.75,98.3004303,24.72999954,21.31975174
2021-03-11,393.5299988,365.4090881,395.6499939,391.7399902,86245000,21.90999985,86.69999695,64.16342926,114.7099991,98.26615906,24.61000061,21.21630287
2021-03-12,394.0599976,365.9012146,394.2099915,391.2000122,64653600,20.69000053,86.45999908,63.98578262,113.8799973,97.55516815,24.69000053,21.28527069
2021-03-15,396.4100037,368.083313,396.6900024,392.0299988,73427200,20.03000069,86.47000122,63.99319458,114.0199966,97.6750412,24.73999977,21.32837296
2021-03-16,395.9100037,367.6190186,397.8299866,395.0799866,73722500,19.79000092,86.26999664,63.84514999,114,97.65795135,24.73999977,21.32837296
2021-03-17,397.2600098,368.8725281,398.1199951,393.2999878,97959300,19.22999954,86.38999939,63.93396759,113.8099976,97.49519348,24.62000084,21.22492409
2021-03-18,391.480011,363.5055237,396.7200012,390.75,115349100,21.57999992,85.73000336,63.4455719,113.0999985,96.88694763,24.77000046,21.3542366
2021-03-19,389.480011,362.8329468,391.5700073,387.1499939,113624500,20.95000076,86.05999756,63.68975449,113.0299988,96.82702637,24.78000069,21.36286163
2021-03-22,392.5899963,365.7301636,394.0700073,389.9700012,73778600,18.87999916,86.37000275,63.91918945,113.4000015,97.1439209,24.72999954,21.31975174
2021-03-23,389.5,362.851593,393.4599915,388.6600037,90686600,20.29999924,86.45999908,63.98578262,113.9599991,97.62365723,24.87999916,21.44906807
2021-03-24,387.519989,361.007019,392.75,387.4700012,97588600,21.20000076,86.51000214,64.02278137,114.1100006,97.75219727,24.94000053,21.50079536
2021-03-25,389.7000122,363.0379333,390.5499878,383.8999939,116128600,19.80999947,86.66000366,64.13380432,113.9599991,97.62365723,25.01000023,21.56114388
2021-03-26,395.980011,368.8883362,396.4100037,390.2900085,114409100,18.86000061,86.91999817,64.32620239,113.5800018,97.29815674,24.97999954,21.53527832
2021-03-29,395.7799988,368.7019043,396.75,392.8099976,108107600,20.73999977,86.97000122,64.36321259,113.1900024,96.96405029,25.04000092,21.58700562
2021-03-30,394.730011,367.7237244,395.4500122,393.019989,76262200,19.61000061,86.76000214,64.20779419,113.0899963,96.87840271,25.13999939,21.67321205
2021-03-31,396.3299866,369.2142639,398,395.3099976,112734200,19.39999962,87.18000031,64.51863098,112.9300003,96.74134064,25.12000084,21.65597343
2021-04-01,400.6099854,373.2013855,400.6700134,398.1799927,99682900,17.32999992,87.06999969,64.65526581,113.3600006,97.16991425,25.01000023,21.56114388
2021-04-05,406.3599854,378.558075,406.9400024,403.3800049,91684800,17.90999985,87.11000061,64.6849823,113.0400009,96.89562988,24.93000031,21.49217415
2021-04-06,406.1199951,378.3345032,407.2399902,405.3999939,62021000,18.12000084,87.26000214,64.79636383,113.5899963,97.36708069,24.87000084,21.44044685
2021-04-07,406.5899963,378.7723694,406.9599915,405.4500122,55836300,17.15999985,87.23000336,64.774086,113.5199966,97.30704498,24.89999962,21.4663105
2021-04-08,408.519989,380.570343,408.5799866,406.9299927,57863100,16.95000076,87.26000214,64.79636383,113.9100037,97.64136505,24.79000092,21.37148094
2021-04-09,411.4899902,383.3370972,411.6700134,408.2600098,61104600,16.69000053,87.19999695,64.75177765,113.6100006,97.38419342,24.80999947,21.38872147
2021-04-12,411.6400146,383.4768677,411.9299927,410.2000122,56704900,16.90999985,87.11000061,64.6849823,113.5400009,97.32420349,24.79999924,21.38010025
2021-04-13,412.8599854,384.6133118,413.5299988,411.1199951,56551000,16.64999962,87.16999817,64.72948456,114.0100021,97.72708893,24.70999908,21.30251122
2021-04-14,411.4500122,383.2998657,413.9599915,410.8699951,61659900,16.98999977,87.12999725,64.69983673,113.8700027,97.60708618,24.68000031,21.27664757
2021-04-15,415.8699951,387.4174194,416.1600037,413.6900024,60229800,16.56999969,87.48000336,64.95970154,114.5999985,98.23284149,24.68000031,21.27664757
2021-04-16,417.2600098,388.7123108,417.9100037,415.730011,82037300,16.25,87.30000305,64.82605743,114.2900009,97.96710205,24.64999962,21.25078773
2021-04-19,415.2099915,386.8025818,416.7399902,413.7900085,78498500,17.29000092,87.16000366,64.7220993,114.1699982,97.86424255,24.51000023,21.13009262
2021-04-20,412.1700134,383.9705505,415.0899963,410.5899963,81851800,18.68000031,87.01000214,64.61070251,114.5100021,98.1556778,24.54999924,21.16457558
2021-04-21,416.0700073,387.6037903,416.2900085,411.3599854,66793000,17.5,87.30000305,64.82605743,114.5699997,98.20709229,24.52000046,21.13871193
2021-04-22,412.269989,384.0636902,416.7799988,411.1300049,97582800,18.70999908,87.13999939,64.70723724,114.6600037,98.28424072,24.59000015,21.19905853
2021-04-23,416.7399902,388.2278748,418.25,412.7900085,73209200,17.32999992,87.37000275,64.87800598,114.5100021,98.1556778,24.45000076,21.07836533
2021-04-26,417.6099854,389.0383606,418.2200012,416.8099976,52182400,17.63999939,87.33000183,64.84835052,114.3899994,98.05278778,24.45000076,21.07836533
2021-04-27,417.519989,388.9544983,418.1400146,416.2999878,51303100,17.55999947,87.20999908,64.75922394,113.9400024,97.667099,24.45999908,21.08698654
2021-04-28,417.3999939,388.8427124,419.0100098,416.8999939,51238900,17.28000069,87.37999725,64.88547516,114.0899963,97.79567719,24.37000084,21.00939941
2021-04-29,420.0599976,391.3207703,420.7200012,416.4400024,78544300,17.61000061,87.48000336,64.95970154,113.8899994,97.62425232,24.37999916,21.01801872
2021-04-30,417.2999878,388.7495728,418.5400085,416.3399963,85527000,18.61000061,87.44000244,64.93001556,113.9899979,97.70995331,24.57999992,21.19043732
2021-05-03,418.2000122,389.5880432,419.8399963,417.6700134,68128300,18.30999947,87.18000031,64.95536041,114.1100006,97.8763504,24.46999931,21.09560776
2021-05-04,415.6199951,387.1844482,416.6000061,411.6700134,101591200,19.47999954,87.12999725,64.91809082,114.2600021,98.00497437,24.57999992,21.19043732
2021-05-05,415.75,387.305542,417.6300049,415.1499939,60162200,19.14999962,87.30000305,65.04475403,114.4000015,98.12509918,24.56999969,21.18181801
2021-05-06,419.0700073,390.3985291,419.2099915,413.6799927,74321400,18.38999939,87.26999664,65.02237701,114.4499969,98.16795349,24.45000076,21.07836533
2021-05-07,422.1199951,393.2398682,422.8200073,419.1600037,67733800,16.69000053,87.33000183,65.06713104,114.4899979,98.20227051,24.27000046,20.92318535
2021-05-10,417.9400024,389.3456726,422.7399902,417.8099976,81852400,19.65999985,87.12999725,64.91809082,114.2600021,98.00497437,24.27000046,20.92318535
2021-05-11,414.2099915,385.8709412,415.269989,410.0599976,116888000,21.84000015,87.04000092,64.85105133,114.0699997,97.84204865,24.25,20.90594673
2021-05-12,405.4100037,377.6730957,412.5899963,404,134811000,27.59000015,86.62000275,64.53807831,113.5199966,97.37024689,24.43000031,21.06112289
2021-05-13,410.2799988,382.2099609,412.3500061,407.019989,106394000,23.12999916,86.93000031,64.76908875,113.9000015,97.69620514,24.38999939,21.02663994
2021-05-14,416.5799866,388.0788574,417.4899902,413.1799927,82201600,18.80999947,87.20999908,64.97770691,114.1500015,97.91065216,24.29000092,20.94043159
2021-05-17,415.519989,387.0913086,416.3900146,413.3599854,65129200,19.71999931,87.05000305,64.8584671,114.0400009,97.81629181,24.26000023,20.91456604
2021-05-18,411.9400024,383.7562866,416.0599976,411.769989,59810200,21.34000015,86.83999634,64.70202637,114.0400009,97.81629181,24.14999962,20.81973648
2021-05-19,410.8599854,382.7501831,411.0499878,405.3299866,106467100,22.18000031,86.61000061,64.53063965,113.6999969,97.52465057,24.26000023,20.91456604
2021-05-20,415.2799988,386.8678284,416.6300049,411.6700134,78022200,20.67000008,86.98000336,64.80632782,114.1699982,97.92779541,24.13999939,20.81111526
2021-05-21,414.9400024,386.5510254,418.2000122,414.4500122,76578700,20.14999962,87.11000061,64.90319061,114.2099991,97.96214294,24.21999931,20.88008118
2021-05-24,419.1700134,390.4916687,420.3200073,417.0799866,51376700,18.39999962,87.20999908,64.97770691,114.3199997,98.05649567,24.15999985,20.82835579
2021-05-25,418.2399902,389.6252747,420.7099915,417.6199951,57451400,18.84000015,87.22000122,64.98513794,114.7399979,98.41675568,24.12999916,20.80249214
2021-05-26,419.0700073,390.3985291,419.6099854,417.7600098,43088600,17.36000061,87.25,65.00749207,114.6100006,98.30523682,24.21999931,20.88008118
2021-05-27,419.2900085,390.6034851,420.7200012,418.9899902,56707700,16.73999977,87.20999908,64.97770691,114.4100037,98.13368225,24.20000076,20.86284256
2021-05-28,420.0400085,391.3021851,421.25,419.7900085,58520200,16.76000023,87.18000031,64.95536041,114.4000015,98.12509918,24.21999931,20.88008118
2021-06-01,419.6700134,390.957489,422.7200012,419.2000122,54216600,17.89999962,87.15000153,65.15045166,114.3000031,98.10707855,24.18000031,20.84559631
2021-06-02,420.3299866,391.5722656,421.230011,419.2900085,49097100,17.47999954,87.26000214,65.23268127,114.4300003,98.21860504,24.18000031,20.84559631
2021-06-03,418.769989,390.1189575,419.9899902,416.2799988,58138800,18.04000092,87.08000183,65.0981369,114.1399994,97.96970367,24.32999992,20.97491264
2021-06-04,422.6000061,393.6870422,422.9200134,418.8399963,55938800,16.42000008,87.26999664,65.24012756,114.7699966,98.51049042,24.23999977,20.89732552
2021-06-07,422.1900024,393.3050537,422.7799988,421.1900024,51555000,16.42000008,87.30000305,65.26259613,114.6800003,98.43322754,24.20000076,20.86284256
2021-06-08,422.2799988,393.388855,423.2099915,420.3200073,47134300,17.06999969,87.36000061,65.30743408,115.0100021,98.71645355,24.22999954,20.88870239
2021-06-09,421.6499939,392.8019714,423.2600098,421.4100037,48436300,17.88999939,87.43000031,65.35977936,115.3700027,99.02548218,24.25,20.90594673
2021-06-10,423.6099854,394.6278687,424.6300049,421.5499878,51020100,16.10000038,87.58999634,65.47938538,115.7799988,99.37738037,24.22999954,20.88870239
2021-06-11,424.3099976,395.2799377,424.4299927,422.8200073,45570800,15.64999962,87.62000275,65.50183868,115.6100006,99.23146057,24.35000038,20.99215698
2021-06-14,425.2600098,396.1650696,425.3699951,423.1000061,42358500,16.38999939,87.54000092,65.44202423,115.25,98.92248535,24.32999992,20.97491264
2021-06-15,424.480011,395.4382935,425.4599915,423.5400085,51508500,17.02000046,87.52999878,65.43451691,115.2699966,98.9396286,24.35000038,20.99215698
2021-06-16,422.1099854,393.2304688,424.8699951,419.9200134,80386100,18.14999962,87.41000366,65.34482574,114.4800034,98.26156616,24.54999924,21.16457558
2021-06-17,421.9700012,393.1000977,423.019989,419.3200073,90949700,17.75,87.47000122,65.38969421,114.8899994,98.61346436,24.73999977,21.32837296
2021-06-18,414.9200134,387.7970276,417.8299866,414.7000122,118676300,20.70000076,87.43000031,65.35977936,115.5400009,99.17140198,24.81999969,21.39734268
2021-06-21,420.8599854,393.3487549,421.0599976,415.9299927,72822000,17.88999939,87.59999847,65.48686218,115.1699982,98.8538208,24.70000076,21.29389191
2021-06-22,423.1099854,395.4515991,424,420.0799866,57700300,16.65999985,87.66000366,65.5316925,115.3799973,99.03405762,24.65999985,21.25940704
2021-06-23,422.6000061,394.9749756,424.0499878,422.5100098,49445400,16.31999969,87.56999969,65.46442413,115.1500015,98.83665466,24.70000076,21.29389191
2021-06-24,425.1000061,397.3115234,425.5499878,424.6199951,45110300,15.97000027,87.83999634,65.66625977,115.1299973,98.81945038,24.68000031,21.27664757
2021-06-25,426.6099854,398.7227783,427.0899963,425.5499878,58129500,15.61999989,87.93000031,65.73356628,114.8899994,98.61346436,24.69000053,21.28527069
2021-06-28,427.4700012,399.5266724,427.6499939,425.8900146,53159600,15.76000023,87.91999817,65.72608948,115.25,98.92248535,24.70000076,21.29389191
2021-06-29,427.7000122,399.7415161,428.5599976,427.1300049,35970500,16.02000046,88.02999878,65.80832672,115.3099976,98.97399139,24.76000023,21.34561729
2021-06-30,428.0599976,400.0780334,428.7799988,427.1799927,64827900,15.82999992,88.04000092,65.81578827,115.4899979,99.12846375,24.82999992,21.4059639
2021-07-01,430.4299927,402.2930908,430.6000061,428.7999878,53441000,15.47999954,87.91999817,65.94480896,115.3300018,99.05717468,24.89999962,21.4663105
2021-07-02,433.7200012,405.3680115,434.1000061,430.519989,57697700,15.06999969,88.05999756,66.04979706,115.75,99.41792297,24.79999924,21.38010025
2021-07-06,432.9299927,404.6297302,434.0100098,430.0100098,68710400,16.44000053,88.01000214,66.01229858,116.3600006,99.94184875,24.88999939,21.45768929
2021-07-07,434.4599915,406.0596619,434.7600098,431.5100098,63549500,16.20000076,88.04000092,66.03481293,116.6999969,100.2338715,24.93000031,21.49217415
2021-07-08,430.9200134,402.7510986,431.730011,427.519989,97595200,19,87.84999847,65.89228058,117,100.491539,24.82999992,21.4059639
2021-07-09,435.519989,407.050354,435.8399963,430.7099915,76238600,16.18000031,88,66.00482178,116.4100037,99.98480988,24.77000046,21.3542366
2021-07-12,437.0799866,408.5084229,437.3500061,434.9700012,52889600,16.17000008,87.97000122,65.9822998,116.3499985,99.9332962,24.79999924,21.38010025
2021-07-13,435.5899963,407.1157837,437.8399963,435.3099976,52911300,17.12000084,87.70999908,65.78726959,115.9899979,99.62405396,24.95000076,21.50941658
2021-07-14,436.2399902,407.7232666,437.9200134,434.9100037,64130400,16.32999992,87.84999847,65.89228058,116.4899979,100.0535126,24.82999992,21.4059639
2021-07-15,434.75,406.330719,435.5299988,432.7200012,55126400,17.01000023,87.79000092,65.84729767,116.9800034,100.4743805,24.89999962,21.4663105
2021-07-16,431.3399963,403.1435852,436.0599976,430.9200134,75874700,18.45000076,87.66999817,65.7572937,116.9599991,100.4572067,24.93000031,21.49217415
2021-07-19,424.9700012,397.190033,431.4100037,421.9700012,147987000,22.5,87.08000183,65.31476593,117.9599991,101.3161392,24.96999931,21.52665901
2021-07-20,431.0599976,402.8819275,432.4200134,424.8299866,99608200,19.72999954,87.51999664,65.64476776,117.8099976,101.1872711,25,21.55252266
2021-07-21,434.5499878,406.1438293,434.7000122,431.0100098,64724400,17.90999985,87.73000336,65.80230713,117.1299973,100.6032028,24.94000053,21.50079536
2021-07-22,435.4599915,406.9942932,435.7200012,433.6900024,47878500,17.69000053,87.77999878,65.83977509,117.4000015,100.8351288,24.96999931,21.52665901
2021-07-23,439.9400024,411.181427,440.2999878,436.7900085,63766600,17.20000076,87.94999695,65.96729279,117.2200012,100.6805038,24.97999954,21.53527832
2021-07-26,441.019989,412.1908264,441.0299988,439.2600098,43719200,17.57999992,87.81999969,65.86981201,117.1399994,100.6118011,24.89999962,21.4663105
2021-07-27,439.0100098,410.3121948,439.9400024,435.9899902,67397100,19.36000061,87.69999695,65.77980042,117.6399994,101.0412598,24.86000061,21.43182755
2021-07-28,438.8299866,410.1440125,440.2999878,437.3099976,52472400,18.30999947,87.76999664,65.83229065,117.7399979,101.1271362,24.79000092,21.37148094
2021-07-29,440.6499939,411.8450928,441.7999878,439.8099976,47435300,17.70000076,87.95999908,65.97476959,117.3799973,100.8179245,24.70000076,21.29389191
2021-07-30,438.5100098,409.8449707,440.0599976,437.769989,68951200,18.23999977,87.83999634,65.88478851,117.7099991,101.1013641,24.77000046,21.3542366
2021-08-02,437.5899963,408.9851074,440.9299927,437.2099915,58783300,19.45999908,87.33999634,65.72151947,118.1500015,101.5448761,24.73999977,21.32837296
2021-08-03,441.1499939,412.3124084,441.2799988,436.1000061,58053900,18.04000092,87.44000244,65.79676819,118.1800003,101.5706329,24.75,21.33699799
2021-08-04,438.980011,410.2842407,441.1199951,438.730011,46732200,17.96999931,87.27999878,65.67636871,118.1500015,101.5448761,24.79000092,21.37148094
2021-08-05,441.7600098,412.8824158,441.8500061,439.8800049,38969700,17.28000069,87.48000336,65.82682037,117.7200012,101.1752777,24.79000092,21.37148094
2021-08-06,442.4899902,413.5647583,442.9400024,441.7999878,46930000,16.14999962,87.37999725,65.75162506,117.0299988,100.5822525,24.93000031,21.49217415
2021-08-09,442.1300049,413.2283325,442.7999878,441.3099976,41222600,16.71999931,87.18000031,65.60112762,116.7799988,100.3673706,24.97999954,21.53527832
2021-08-10,442.6799927,413.7423096,443.4400024,441.8800049,43339300,16.79000092,86.98000336,65.4506073,116.5599976,100.1782913,25,21.55252266
2021-08-11,443.7799988,414.7704468,443.8800049,442.6199951,44034300,16.17000008,87.12000275,65.55595398,116.6900024,100.2900543,24.95000076,21.50941658
2021-08-12,445.1099854,416.0134583,445.2600098,442.6600037,38909400,15.59000015,87.26999664,65.66882324,116.5699997,100.1869049,24.97999954,21.53527832
2021-08-13,445.9200134,416.7705994,445.9400024,445.0700073,39470300,15.44999981,87.45999908,65.81179047,117.2399979,100.7627335,24.86000061,21.43182755
2021-08-16,446.9700012,417.7518921,447.1099854,442.8699951,73740000,16.12000084,87.48999786,65.83440399,117.5,100.9862366,24.87999916,21.44906807
2021-08-17,444.0400085,415.0134277,444.9599915,440.8500061,92673900,17.90999985,87.29000092,65.68388367,117.4400024,100.9346237,25.03000069,21.5783844
2021-08-18,439.1799927,410.4711609,444.6300049,438.9200134,89351900,21.56999969,87.08999634,65.53338623,117.3799973,100.8830643,25.03000069,21.5783844
2021-08-19,439.8599854,411.1065979,441.1400146,436.1199951,92812200,21.67000008,87.08000183,65.52587891,117.6399994,101.1065216,25.14999962,21.68183708
2021-08-20,443.3599854,414.3778992,443.7099915,439.7099915,72008700,18.55999947,87.29000092,65.68388367,117.5299988,101.0119934,25.12000084,21.65597343
2021-08-23,447.2600098,418.0229797,448.230011,443.4400024,54973000,17.14999962,87.55999756,65.88706207,117.5599976,101.0377426,24.96999931,21.52665901
2021-08-24,447.9700012,418.6864929,448.5400085,447.4200134,38744700,17.21999931,87.68000031,65.97734833,117.2399979,100.7627335,24.95000076,21.50941658
2021-08-25,448.9100037,419.5650635,449.4599915,447.769989,40529700,16.79000092,87.76999664,66.04507446,116.7799988,100.3673706,24.93000031,21.49217415
2021-08-26,446.2600098,417.0883484,448.8599854,446.1600037,57829600,18.84000015,87.72000122,66.00746155,116.7799988,100.3673706,25,21.55252266
2021-08-27,450.25,420.8175049,450.6499939,447.0599976,77235100,16.38999939,87.95999908,66.1880188,117.1600037,100.6939774,24.88999939,21.45768929
2021-08-30,452.230011,422.6680908,453.0700073,450.7099915,48357400,16.19000053,88.06999969,66.27081299,117.3899994,100.8916779,24.88999939,21.45768929
2021-08-31,451.5599976,422.0418701,452.4899902,450.9200134,59300200,16.47999954,88.08999634,66.28586578,117.1699982,100.7025681,24.88999939,21.45768929
2021-09-01,451.7999878,422.2661743,453.1099854,451.5499878,48721400,16.11000061,87.88999939,66.34246826,117.1399994,100.745575,24.84000015,21.41458511
2021-09-02,453.1900024,423.5652771,454.0499878,451.9100037,42501000,16.40999985,88,66.42552948,117.2799988,100.8659897,24.78000069,21.36286163
2021-09-03,453.0799866,423.4624329,453.6300049,451.5499878,47170500,16.40999985,88.01000214,66.4330368,117,100.6251907,24.72999954,21.31975174
2021-09-07,451.4599915,421.9483948,452.8099976,450.7399902,51671500,18.13999939,87.77999878,66.2594223,116.5400009,100.2295609,24.85000038,21.42320633
2021-09-08,450.9100037,421.4343262,451.6700134,448.8599854,56181900,17.95999908,87.87999725,66.33493042,116.8600006,100.5047531,24.88999939,21.45768929
2021-09-09,448.980011,419.6305542,452.5700073,448.7200012,57970400,18.79999924,87.95999908,66.39529419,117.1900024,100.7886276,24.82999992,21.4059639
2021-09-10,445.4400024,416.3218384,451.4899902,445.3099976,89948200,20.95000076,87.83000183,66.29718018,116.8199997,100.4703674,24.87000084,21.44044685
2021-09-13,446.5799866,417.3874207,448.9200134,444.1099854,83738600,19.37000084,88.05000305,66.46327209,116.9599991,100.5907745,24.87000084,21.44044685
2021-09-14,444.1700134,415.1350403,448.3399963,443.2200012,78197100,19.45999908,88.01000214,66.4330368,117.4000015,100.9692078,24.87000084,21.44044685
2021-09-15,447.8800049,418.602417,448.4100037,443.4400024,78792200,18.18000031,88.13999939,66.53118134,117.1999969,100.7971878,24.81999969,21.39734268
2021-09-16,447.1700134,417.9387817,448.3599854,444.019989,77786700,18.69000053,88.11000061,66.50854492,116.8300018,100.478981,24.93000031,21.49217415
2021-09-17,441.3999939,413.8676758,445.3699951,441.019989,118425000,20.80999947,88,66.42552948,116.4899979,100.1865845,25.02000046,21.56976318
2021-09-20,434.0400085,406.9667358,436.5599976,428.8599854,166445500,25.70999908,87.69000244,66.19153595,117.0800018,100.6940002,25.03000069,21.5783844
2021-09-21,433.6300049,406.5823059,437.9100037,433.0700073,92526100,24.36000061,87.83999634,66.30472565,117.0100021,100.6337433,25.01000023,21.56114388
2021-09-22,437.8599854,410.5484924,440.0299988,433.75,102350100,20.87000084,88,66.42552948,117.1200027,100.7284012,25.07999992,21.62148857
2021-09-23,443.1799927,415.5366516,444.8900146,439.6000061,76396000,18.62999916,88.04000092,66.45569611,116.0599976,99.81672668,24.97999954,21.53527832
2021-09-24,443.9100037,416.2211304,444.6700134,441.2099915,62094800,17.75,87.91000366,66.35757446,115.7099991,99.51571655,25.04999924,21.59562492
2021-09-27,442.6400146,415.030365,444.0499878,441.8999939,61371100,18.76000023,87.83000183,66.29718018,115.4000015,99.24908447,25.07999992,21.62148857
2021-09-28,433.7200012,406.6666565,440.0400085,432.9400024,130436300,23.25,87.43000031,65.99524689,114.9599991,98.87069702,25.17000008,21.69907761
2021-09-29,434.4500122,407.3512573,437.0400085,433.8500061,82329200,22.55999947,87.58999634,66.11603546,115.0800018,98.97389221,25.35000038,21.85425758
2021-09-30,429.1400146,402.372345,436.769989,428.7799988,140506000,23.13999939,87.48999786,66.04058075,115.2200012,99.09429169,25.30999947,21.81977272
2021-10-01,434.2399902,407.1543274,436.0299988,427.230011,129240100,21.10000038,87.41000366,66.19882202,115.6100006,99.4987793,25.26000023,21.77666855
2021-10-04,428.6400146,401.903595,433.9599915,426.3599854,128570000,22.95999908,87.09999847,65.96405029,115.4700012,99.37831879,25.18000031,21.70769882
2021-10-05,433.1000061,406.0853271,435.4899902,429.3900146,90682500,21.29999924,87.05999756,65.9337616,115.1100006,99.06848907,25.22999954,21.75080299
2021-10-06,434.8999939,407.7731323,435.1199951,427.5400085,113032200,21,87.01000214,65.89588928,115.1399994,99.09429932,25.29999924,21.8111515
2021-10-07,438.6600037,411.298584,441.6799927,438.2000122,72437500,19.54000092,87.01999664,65.90345764,114.6800003,98.69839478,25.29000092,21.8025322
2021-10-08,437.8599854,410.5484924,439.8900146,437.1900024,74557400,18.77000046,86.76000214,65.70654297,114.4300003,98.48326111,25.27000046,21.78528786
2021-10-11,434.6900024,407.5762939,440.2600098,434.6199951,65233300,20,86.48999786,65.50205994,114.1500015,98.24225616,25.34000015,21.84563446
2021-10-12,433.6199951,406.572937,436.1000061,432.7799988,71181200,19.85000038,86.65000153,65.62323761,114.6699982,98.68980408,25.37000084,21.87149811
2021-10-13,435.1799927,408.0356445,436.0499878,431.5400085,72974000,18.63999939,86.87999725,65.79743195,114.8899994,98.87915039,25.22999954,21.75080299
2021-10-14,442.5,414.8990173,442.6600037,438.5799866,70236800,16.86000061,87.37000275,66.16854095,115.1600037,99.11151123,25.22999954,21.75080299
2021-10-15,445.8699951,418.0588379,446.2600098,444.0899963,66260200,16.29999924,87.22000122,66.05493927,114.5899963,98.62094116,25.20000076,21.72494316
2021-10-18,447.1900024,419.2964478,447.5499878,443.269989,62213200,16.30999947,87.18000031,66.02464294,114.4300003,98.48326111,25.20999908,21.73356056
2021-10-19,450.6400146,422.5313416,450.7099915,448.269989,46996800,15.69999981,87.23999786,66.07006836,114.0199966,98.13037872,25.14999962,21.68183708
2021-10-20,452.4100037,424.1908875,452.730011,451.0100098,49571600,15.48999977,87.26999664,66.09277344,113.9700012,98.0873642,25.11000061,21.64735413
2021-10-21,453.5899963,425.2973022,453.8299866,451.3099976,41305400,15.01000023,87.05000305,65.92620087,113.6699982,97.82914734,25.17000008,21.69907761
2021-10-22,453.1199951,424.8565674,454.6700134,451.0499878,58845100,15.43000031,86.83999634,65.76714325,113.9599991,98.0787735,25.12000084,21.65597343
2021-10-25,455.5499878,427.1351013,455.8999939,452.3900146,45214500,15.23999977,86.98999786,65.88072205,114.0999985,98.19926453,25.15999985,21.6904583
2021-10-26,455.9599915,427.5194702,458.4899902,455.5599976,56075100,15.97999954,87.01000214,65.89588928,114.2399979,98.31970215,25.20999908,21.73356056
2021-10-27,453.9400024,425.6254272,457.1600037,453.8599854,72438000,16.97999954,86.94000244,65.84284973,114.8799973,98.8705368,25.20000076,21.72494316
2021-10-28,458.3200073,429.7322693,458.3999939,455.4500122,51437900,16.53000069,87.16000366,66.00949097,114.5800018,98.61231995,25.04999924,21.59562492
2021-10-29,459.25,430.6042786,459.5599976,455.5599976,70162400,16.26000023,86.93000031,65.83530426,114.6299973,98.65538025,25.25,21.76804733
2021-11-01,460.0400085,431.3449707,460.7000122,458.2000122,48433600,16.40999985,86.55999756,65.76464844,114.5400009,98.6476593,25.17000008,21.69907761
2021-11-02,461.8999939,433.0889893,462.230011,460.0799866,48908400,16.03000069,86.76999664,65.92416382,114.8199997,98.88876343,25.22999954,21.75080299
2021-11-03,464.7200012,435.7330627,465.1499939,460.8299866,52509800,15.10000038,86.94000244,66.05337524,114.4599991,98.57872009,25.17000008,21.69907761
2021-11-04,466.9100037,437.786499,467,464.9899902,52847100,15.43999958,87.16999817,66.22808838,115.0800018,99.11270905,25.29999924,21.8111515
2021-11-05,468.5299988,439.305481,470.6499939,466.9200134,66390600,16.47999954,87.5,66.47883606,115.7099991,99.65527344,25.28000069,21.79390907
2021-11-08,468.9299927,439.6804199,470.230011,468.2000122,50405200,17.21999931,87.38999939,66.39525604,115.2099991,99.22467041,25.22999954,21.75080299
2021-11-09,467.3800049,438.2271423,469.5700073,465.8800049,51149100,17.78000069,87.45999908,66.44838715,115.7399979,99.68112946,25.20000076,21.72494316
2021-11-10,463.6199951,434.7016602,467.3800049,462.0400085,69429700,18.72999954,86.97000122,66.07615662,114.75,98.82845306,25.46999931,21.95771027
2021-11-11,463.769989,434.8423157,465.2900085,463.75,34848500,17.65999985,86.81999969,65.96218109,114.3799973,98.5098114,25.53000069,22.00943565
2021-11-12,467.269989,438.1240845,467.8599854,464.1099854,53466700,16.29000092,86.84999847,65.98496246,114.6200027,98.71651459,25.5,21.98357201
2021-11-15,467.4299927,438.2740173,468.8099976,466.230011,46980500,16.48999977,86.75,65.90900421,114.1699982,98.32894135,25.63999939,22.10426331
2021-11-16,469.2799988,440.008667,470.4899902,467.0700073,48857500,16.37000084,86.79000092,65.93939972,114.0699997,98.24282837,25.73999977,22.19047356
2021-11-17,468.1400146,438.9397278,469.1900024,467.480011,47858300,17.11000061,86.69999695,65.8710022,114.4800034,98.59596252,25.69000053,22.14737129
2021-11-18,469.730011,440.4306335,470.0100098,466.3399963,50625600,17.59000015,86.62999725,65.81783295,114.5500031,98.65622711,25.62000084,22.08702469
2021-11-19,468.8900146,439.6429749,470.9400024,468.5,57315600,17.90999985,86.55999756,65.76464844,114.8600006,98.92323303,25.75,22.19909859
2021-11-22,467.5700073,438.4052734,473.5400085,467.3500061,72762000,19.17000008,86.23000336,65.5139389,114.0199966,98.19979095,25.87999916,22.31116867
2021-11-23,468.1900024,438.9866943,469.1000061,464.4500122,73206500,19.37999916,86.11000061,65.42274475,113.5500031,97.79497528,25.87000084,22.30254936
2021-11-24,469.4400024,440.1585693,469.5700073,465.1900024,61858800,18.57999992,86.08999634,65.40756226,113.9000015,98.09640503,25.96999931,22.38875771
2021-11-26,458.9700012,430.3418274,463.8999939,457.769989,112669600,28.62000084,85.47000122,64.93650818,115.3700027,99.36247253,25.77000046,22.21633911
2021-11-29,464.6000061,435.6206055,466.5599976,461.730011,86268800,22.95999908,86,65.33920288,115.1100006,99.13854218,25.81999969,22.25944328
2021-11-30,455.5599976,427.1444702,464.0299988,455.2999878,148559600,27.19000053,85.63999939,65.06565094,115.8000031,99.73282623,25.70000076,22.15599442
2021-12-01,450.5,422.4000854,464.6700134,450.2900085,131939200,31.12000084,85.37000275,65.0748291,115.9300003,99.92068481,25.77000046,22.21633911
2021-12-02,457.3999939,428.8696594,459.0700073,450.3099976,127637800,27.95000076,86,65.55504608,115.6800003,99.70521545,25.78000069,22.22496033
2021-12-03,453.4200134,425.1378479,460.2999878,448.9200134,137331600,30.67000008,86,65.55504608,116.3600006,100.2913132,25.77000046,22.21633911
2021-12-06,458.7900085,430.1729431,460.7900085,453.5599976,98977500,27.18000031,86.37999725,65.84471893,115.7799988,99.79141998,25.80999947,22.25082397
2021-12-07,468.2799988,439.0710754,468.8800049,458.6499939,95484700,21.88999939,86.83999634,66.19533539,115.3399963,99.41218567,25.81999969,22.25944328
2021-12-08,469.519989,440.2336426,470,466.8299866,72238800,19.89999962,86.81999969,66.18009186,114.9700012,99.09326172,25.70000076,22.15599442
2021-12-09,466.3500061,437.2614441,469.6300049,466.1400146,61272600,21.57999992,86.43000031,65.88282013,115.2600021,99.34325409,25.79000092,22.23358154
2021-12-10,470.7399902,441.3775635,470.8999939,466.5100098,77159800,18.69000053,86.62999725,66.03527832,115.3399963,99.41218567,25.75,22.19909859
2021-12-13,466.5700073,437.4676208,470.5599976,466.269989,87724700,20.30999947,86.62999725,66.03527832,115.8899994,99.88622284,25.82999992,22.26806259
2021-12-14,463.3599854,434.4579468,465.7399902,460.25,97264100,21.88999939,86.48000336,65.92092133,115.6900024,99.71382141,25.87999916,22.31116867
2021-12-15,470.6000061,441.2463074,470.8599854,460.7399902,116899300,19.29000092,86.80999756,66.17246246,115.5199966,99.56733704,25.84000015,22.27668571
2021-12-16,466.4500122,437.3551941,472.8699951,464.7999878,116568600,20.56999969,86.44999695,66.12353516,115.75,99.85715485,25.72999954,22.18185425
2021-12-17,459.8699951,432.70047,464.7399902,458.0599976,135511600,21.56999969,86.37000275,66.06232452,116.0100021,100.0815125,25.90999985,22.33703423
2021-12-20,454.980011,428.0993958,455.3999939,451.1400146,107134800,22.87000084,86.22000122,65.94759369,115.9100037,99.99520111,25.87999916,22.31116867
2021-12-21,463.0599976,435.7019653,463.2099915,456.3099976,69806300,21.01000023,86.68000031,66.29946136,115.4499969,99.59835815,25.85000038,22.28530884
2021-12-22,467.6900024,440.0584717,467.8099976,462.5799866,58890200,18.62999916,86.91000366,66.47538757,115.5599976,99.69326782,25.75,22.19909859
2021-12-23,470.6000061,442.7965088,472.1900024,468.6400146,56439700,17.95999908,87.16000366,66.66658783,115.3199997,99.48620605,25.72999954,22.18185425
2021-12-27,477.2600098,449.0630188,477.3099976,472.0100098,56808600,17.68000031,87.25,66.73542023,115.3600006,99.52073669,25.73999977,22.19047356
2021-12-28,476.8699951,448.696106,478.8099976,476.0599976,47274600,17.54000092,87.20999908,66.70484924,115.3399963,99.503479,25.77000046,22.21633911
2021-12-29,477.480011,449.27005,478.5599976,475.9200134,54503000,16.95000076,87.06999969,66.59777069,114.75,98.99449921,25.70000076,22.15599442
2021-12-30,476.1600037,448.0280457,479,475.6700134,55329000,17.32999992,87.02999878,66.56716156,115.1299973,99.32230377,25.73999977,22.19047356
2021-12-31,474.9599915,446.8989563,476.8599854,474.6700134,65237400,17.21999931,87.01000214,66.55188751,115,99.21016693,25.62999916,22.095644
2022-01-03,477.7099915,449.4864197,477.8500061,473.8500061,72668200,16.60000038,86.97000122,66.52124023,113.9300003,98.28707886,25.79000092,22.23358154
2022-01-04,477.5499878,449.3359375,479.980011,475.5799866,71178700,16.90999985,86.75,66.35302734,113.8700027,98.23532104,25.80999947,22.25082397
2022-01-05,468.3800049,440.7076416,477.980011,468.2799988,104538900,19.72999954,86.08000183,65.84056854,113.3899994,97.82122803,25.78000069,22.22496033
2022-01-06,467.9400024,440.2937012,470.8200073,465.4299927,86858900,19.61000061,86.08999634,65.84819031,113.1100006,97.57966614,25.79999924,22.24220276
2022-01-07,466.0899963,438.552948,469.2000122,464.6499939,85111600,18.76000023,85.87000275,65.67987061,112.7399979,97.26044464,25.65999985,22.12150955
2022-01-10,465.5100098,438.0072632,465.7399902,456.6000061,119362000,19.39999962,85.94000244,65.73342896,112.7099991,97.23456573,25.71999931,22.17323303
2022-01-11,469.75,441.9967346,469.8500061,462.0499878,74303100,18.40999985,86.33999634,66.03937531,112.9800034,97.46753693,25.61000061,22.07840347
2022-01-12,471.019989,443.1916809,473.2000122,468.9400024,67605400,17.62000084,86.48000336,66.146492,113,97.48477173,25.44000053,21.93184662
2022-01-13,464.5299988,437.0851135,472.8800049,463.4400024,91173100,20.30999947,86.16999817,65.90937805,113.3600006,97.7953186,25.43000031,21.9232235
2022-01-14,464.7200012,437.263855,465.0899963,459.8999939,95890900,19.19000053,86.08999634,65.84819031,112.5800018,97.12242126,25.5,21.98357201
2022-01-18,456.4899902,429.5202026,459.9599915,455.3099976,109709100,22.79000092,85.66999817,65.52693176,111.7300034,96.38911438,25.65999985,22.12150955
2022-01-19,451.75,425.0601807,459.6099854,451.4599915,109357600,23.85000038,85.58999634,65.46572876,112,96.62207031,25.60000038,22.06978226
2022-01-20,446.75,420.3555908,458.7399902,444.5,122379700,25.59000015,85.43000031,65.3433609,112.2399979,96.82913208,25.68000031,22.13874817
2022-01-21,437.980011,412.1037598,448.0599976,437.9500122,202271200,28.85000038,85.44000244,65.35100555,112.8899994,97.38988495,25.61000061,22.07840347
2022-01-24,439.8399963,413.8539124,440.3800049,420.7600098,251783900,29.89999962,85.34999847,65.2821579,112.7900009,97.30360413,25.69000053,22.14737129
2022-01-25,434.4700012,408.8011475,439.7200012,427.1499939,167997300,31.15999985,85.09999847,65.09094238,112.6399994,97.17417908,25.70000076,22.15599442
2022-01-26,433.3800049,407.7756348,444.0400085,428.8599854,186391100,31.95999908,84.80999756,64.86912537,111.8399963,96.48406982,25.84000015,22.27668571
2022-01-27,431.2399902,405.7619324,441.5899963,429.4500122,149878300,30.48999977,84.44000244,64.58612061,112.3099976,96.88946533,26.05999947,22.46634674
2022-01-28,441.9500122,415.8392029,442,427.8200073,164457400,27.65999985,84.68000031,64.76972198,112.5699997,97.11379242,26.04999924,22.45772743
2022-01-31,449.9100037,423.3289185,450.2799988,439.8099976,152251400,24.82999992,84.69999695,64.78501892,112.5699997,97.11379242,25.87000084,22.30254936
2022-02-01,452.9500122,426.1893005,453.6300049,446.9400024,123155400,21.95999908,84.73000336,65.04216766,112.3099976,96.98252869,25.79999924,22.24220276
2022-02-02,457.3500061,430.3293457,458.1199951,453.0499878,117361000,22.09000015,84.86000061,65.14193726,112.5400009,97.18114471,25.70000076,22.15599442
2022-02-03,446.6000061,420.2144165,452.9700012,445.7099915,118024400,24.35000038,84.09999847,64.55854797,112.0599976,96.76667023,25.56999969,22.04391861
2022-02-04,448.7000122,422.1903687,452.7799988,443.8299866,118454400,23.21999931,83.76999664,64.30522156,111.1999969,96.02401733,25.54999924,22.02667618
2022-02-07,447.2600098,420.8354797,450.9899902,445.8500061,84472900,22.86000061,83.70999908,64.2591629,111.2300034,96.04994965,25.55999947,22.03529739
2022-02-08,450.9400024,424.2980347,451.9200134,445.2200012,81012000,21.44000053,83.62000275,64.19008636,110.8700027,95.73906708,25.60000038,22.06978226
2022-02-09,457.5400085,430.5081482,457.8800049,455.0100098,92589900,19.95999908,84.05999756,64.52783203,111.0199966,95.86862183,25.56999969,22.04391861
2022-02-10,449.3200073,422.7737732,457.7099915,447.2000122,140103700,23.90999985,82.94999695,63.67575836,110,94.98782349,25.61000061,22.07840347
2022-02-11,440.4599915,414.4372253,451.6099854,438.9400024,153214600,27.36000061,82.66000366,63.45316315,111.1399994,95.97222137,25.71999931,22.17323303
2022-02-14,439.019989,413.0822754,441.6000061,435.3399963,123006300,28.32999992,82.51999664,63.34566879,110.3700027,95.30730438,25.79000092,22.23358154
2022-02-15,446.1000061,419.7440186,446.2799988,443.1799927,88482700,25.70000076,82.66000366,63.45316315,110.0400009,95.0223465,25.69000053,22.14737129
2022-02-16,446.6000061,420.2144165,448.0599976,441.9400024,84863600,24.29000092,83.12000275,63.8062706,110.2699966,95.22092438,25.63999939,22.10426331
2022-02-17,437.0599976,411.2380981,446.5700073,436.4200134,102259100,28.11000061,82.76999664,63.53757477,110.8600006,95.73044586,25.64999962,22.11288643
2022-02-18,434.230011,408.5752563,438.6600037,431.8200073,132642900,27.75,82.88999939,63.62970352,111.2200012,96.04129791,25.71999931,22.17323303
2022-02-22,429.5700073,404.1906128,435.5,425.8599854,124391800,28.80999947,82.69999695,63.48385239,111.2099991,96.03266907,25.72999954,22.18185425
2022-02-23,421.9500122,397.0208435,433.2600098,421.3500061,132578000,31.02000046,82.55000305,63.36870956,110.6299973,95.5318222,25.76000023,22.2077198
2022-02-24,428.2999878,402.995636,428.7600098,410.6400146,213942900,30.31999969,83.13999939,63.8216095,110.8899994,95.75635529,25.96999931,22.38875771
2022-02-25,437.75,411.8873291,437.8399963,427.8599854,121804500,27.59000015,83.61000061,64.18241119,110.8600006,95.73044586,25.84000015,22.27668571
2022-02-28,436.6300049,410.8334656,438.2000122,430.7000122,145615000,30.14999962,83.66999817,64.22844696,112.1200027,96.81847382,25.87999916,22.31116867
2022-03-01,429.980011,404.576416,437.1700134,427.1099854,137785900,33.31999969,83.12999725,64.04892731,113.1100006,97.76145172,26.07999992,22.48358917
2022-03-02,437.8900146,412.019104,439.7200012,431.5700073,117726500,30.73999977,83.33000183,64.20304108,111.4100037,96.29212189,26.05999947,22.46634674
2022-03-03,435.7099915,409.9678955,441.1099854,433.7999878,105501700,30.47999954,83.08000183,64.01040649,111.8899994,96.70698547,26.15999985,22.55256081
2022-03-04,432.1700134,406.6370544,433.3699951,427.8800049,113978200,31.97999954,82.54000092,63.59436035,113,97.66636658,26.36000061,22.7249794
2022-03-07,419.4299927,394.6496582,432.2999878,419.3599854,137896600,36.45000076,81.81999969,63.03964615,112.5199966,97.25148773,26.54999924,22.88877487
2022-03-08,416.25,391.6574707,427.2099915,415.1199951,164772700,35.13000107,81.52999878,62.816185,111.7900009,96.6205368,26.5,22.84567261
2022-03-09,427.4100037,402.1581421,429.5100098,422.8200073,116990800,32.45000076,82.20999908,63.34013367,111.0999985,96.02417755,26.23999977,22.62152481
2022-03-10,425.480011,400.3422546,426.4299927,420.4400024,93972700,30.22999954,81.51999664,62.80848694,110.5899963,95.58337402,26.37000084,22.73359871
2022-03-11,420.0700073,395.2518616,428.769989,419.5299988,95636300,30.75,80.93000031,62.35392761,110.5599976,95.55745697,26.51000023,22.85429382
2022-03-14,417,392.3632812,424.5499878,415.7900085,95729200,31.77000046,79.97000122,61.61425781,109.1600037,94.34741974,26.5,22.84567261
2022-03-15,426.1700134,400.9914856,426.8399963,418.4200134,106219100,29.82999992,80.56999969,62.07657623,109.1100006,94.304245,26.46999931,22.81980896
2022-03-16,435.6199951,409.8831482,435.6799927,424.7999878,144954800,26.67000008,81.69999695,62.94716644,108.9599991,94.17456818,26.28000069,22.65600967
2022-03-17,441.0700073,415.0112915,441.0700073,433.1900024,102676900,25.67000008,82.26000214,63.37863922,108.75,93.99306488,26.21999931,22.60428429
2022-03-18,444.519989,419.5567322,444.8599854,437.2200012,106345500,23.87000084,82.52999878,63.58667755,109.0699997,94.26964569,26.25,22.63014793
2022-03-21,444.3900146,419.4339905,446.4599915,440.6799927,88349800,23.53000069,81.58000183,62.85472107,107.6500015,93.04233551,26.35000038,22.71635818
2022-03-22,449.5899963,424.34198,450.5799866,445.8599854,74650400,22.94000053,82,63.17831802,107.0599976,92.53237915,26.34000015,22.70773506
2022-03-23,443.7999878,418.8770752,448.4899902,443.7099915,79426100,23.56999969,81.73999786,62.97799683,107.7799988,93.15471649,26.37000084,22.73359871
2022-03-24,450.4899902,425.1914062,450.5,444.7600098,64736900,21.67000008,81.91000366,63.10895538,107.1800003,92.63608551,26.39999962,22.75946045
2022-03-25,452.6900024,427.2679138,452.980011,448.4299927,77101300,20.80999947,81.31999969,62.65438843,106.0800018,91.68537903,26.40999985,22.76808357
2022-03-28,455.9100037,430.3070679,455.9100037,450.0599976,68529800,19.62999916,81.83000183,63.04732513,106.3199997,91.89281464,26.48999977,22.83705139
2022-03-29,461.5499878,435.6303101,462.0700073,457.1799927,86581500,18.89999962,82.83999634,63.82550049,106.8499985,92.35090637,26.32999992,22.69911385
2022-03-30,458.7000122,432.9403687,461.2000122,456.4700012,79666900,19.32999992,82.58999634,63.63288879,107.2699966,92.71391296,26.19000053,22.57842064
2022-03-31,451.6400146,426.2769165,458.7600098,451.1600037,121699900,20.55999947,82.29000092,63.40174484,107.4700012,92.88677216,26.29999924,22.6732502
2022-04-01,452.9200134,427.4849548,453.4599915,449.1400146,89048800,19.62999916,81.94999695,63.39710236,106.6500015,92.28192139,26.34000015,22.70773506
2022-04-04,456.7999878,431.1470337,456.9100037,452.2600098,59601000,18.56999969,82.56999969,63.87673187,106.5800018,92.22137451,26.45999908,22.81118774
2022-04-05,451.0299988,425.7011414,457.8299866,449.8200073,74214500,21.03000069,81.5,63.04897308,105.3099976,91.12245178,26.60000038,22.93188286
2022-04-06,446.519989,421.4443665,448.9299927,443.4700012,106898000,22.10000038,80.86000061,62.55389404,104.9400024,90.80231476,26.62000084,22.94912529
2022-04-07,448.769989,423.5679626,450.6900024,443.5299988,78097200,21.54999924,80.73000336,62.45330429,104.6800003,90.57733917,26.67000008,22.99223137
2022-04-08,447.5700073,422.4354248,450.6300049,445.9400024,79272700,21.15999985,80.23999786,62.0742569,104.1500015,90.11875153,26.67000008,22.99223137
2022-04-11,439.9200134,415.2150574,445,439.3900146,89770500,24.37000084,79.69000244,61.64877319,103.6500015,89.68610382,26.72999954,23.04395485
2022-04-12,438.2900085,413.6765747,445.75,436.6499939,84363600,24.26000023,80.30000305,62.12065125,104.1500015,90.11875153,26.81999969,23.12154579
2022-04-13,443.3099976,418.4147034,444.1099854,437.8399963,74070400,21.81999969,80.77999878,62.49199295,104.3799973,90.31777191,26.70999908,23.02671432
2022-04-14,437.7900085,413.2047119,444.730011,437.6799927,97869500,22.70000076,80.23999786,62.0742569,103.4400024,89.50437927,26.82999992,23.1301651
2022-04-18,437.9700012,413.3745422,439.75,435.6099854,66002500,22.17000008,80.11000061,61.97367477,103.1399994,89.24478149,26.94000053,23.22499847
2022-04-19,445.0400085,420.0475159,445.7999878,437.6799927,77821000,21.37000084,80.04000092,61.91951752,102.4599991,88.65643311,27,23.27672195
2022-04-20,444.7099915,419.7360229,447.5700073,443.480011,65224400,20.31999969,80.29000092,62.11293411,103.2600021,89.34862518,26.80999947,23.11292458
2022-04-21,438.0599976,413.4595337,450.0100098,437.1000061,85417300,22.68000031,79.73999786,61.68745041,102.6900024,88.85540771,26.88999939,23.18189049
2022-04-22,426.0400085,402.1145325,438.0799866,425.4400024,132471800,28.20999908,79.26000214,61.3161087,102.7399979,88.89868927,27.04999924,23.31982613
2022-04-25,428.5100098,404.4458618,428.6900024,418.8399963,119647700,27.02000046,79.93000031,61.83441162,103.4000015,89.46977997,27.18000031,23.43190193
2022-04-26,416.1000061,392.7327881,426.0400085,416.0700073,103996300,33.52000046,79.45999908,61.47080994,104.0899963,90.06684113,27.35000038,23.57845688
2022-04-27,417.269989,393.8369751,422.9200134,415.0100098,122030000,31.60000038,79.06999969,61.16913223,103.5100021,89.56494904,27.52000046,23.72501564
2022-04-28,427.8099976,403.7851257,429.6400146,417.6000061,105449100,29.98999977,79.51000214,61.50950241,103.3600006,89.43515778,27.68000031,23.86295319
2022-04-29,412,388.862915,425.8699951,411.2099915,145491100,33.40000153,78.52999878,60.75138855,102.8099976,88.9592514,27.56999969,23.76811981
2022-05-02,414.480011,391.2037048,415.9200134,405.019989,158312500,32.34000015,78.23000336,60.7552681,101.9199982,88.29649353,27.70999908,23.88881302
2022-05-03,416.3800049,392.9970093,418.9299927,413.3599854,100028200,29.25,78.63999939,61.07365036,102.0400009,88.40047455,27.65999985,23.84570885
2022-05-04,429.0599976,404.9649658,429.6600037,413.7099915,144247900,25.42000008,79.44000244,61.69499207,102.6999969,88.97224426,27.43000031,23.64742661
2022-05-05,413.8099976,390.5713501,425,409.4400024,172929100,31.20000076,78.02999878,60.59991837,101.6699982,88.07990265,27.65999985,23.84570885
2022-05-06,411.3399963,388.2400208,414.7999878,405.730011,151770800,30.19000053,77.58999634,60.25823212,101.0899963,87.57745361,27.70999908,23.88881302
2022-05-09,398.1700134,375.8096619,406.4100037,396.5,155586100,34.75,76.76999664,59.62136459,101.8399963,88.22720337,27.71999931,23.89743614
2022-05-10,399.0899963,376.6779785,406.0799866,394.8200073,132497200,32.99000168,77.20999908,59.96311188,102.1800003,88.52176666,27.78000069,23.94916153
2022-05-11,392.75,370.6940002,404.0400085,391.9599915,142361000,32.56000137,76.75,59.60586548,102.8099976,89.06755829,27.80999947,23.97502136
2022-05-12,392.3399963,370.3070068,395.7999878,385.1499939,125090800,31.77000046,76.72000122,59.58255768,103.1500015,89.36209869,28.04999924,24.18192863
2022-05-13,401.7200012,379.1602478,403.1799927,395.6099854,104174400,28.87000084,76.80999756,59.65243912,102.6100006,88.89426422,27.96999931,24.11296082
2022-05-16,400.0899963,377.6217957,403.9700012,397.6000061,78622400,27.46999931,76.69999695,59.56703186,103.0400009,89.26680756,27.86000061,24.01812935
2022-05-17,408.3200073,385.3896179,408.5700073,402.5799866,83029700,26.10000038,76.62999725,59.51264572,102.2600021,88.59105682,27.62999916,23.81984711
2022-05-18,391.8599854,369.8539734,403.7999878,390.5499878,117674500,30.95999908,76,59.02337265,102.9899979,89.22349548,27.77000046,23.94054222
2022-05-19,389.4599915,367.5887451,394.1400146,387.1099854,98510700,29.35000038,76.51000214,59.419487,103.3600006,89.54404449,27.47999954,23.69053078
2022-05-20,389.6300049,367.7492065,397.0299988,380.5400085,131432200,29.43000031,76.45999908,59.38065338,103.8399963,89.9598465,27.54000092,23.74225998
2022-05-23,396.9200134,374.6298218,397.730011,390.3800049,76414900,28.47999954,76.76000214,59.61361313,103.2099991,89.41407013,27.29000092,23.5267334
2022-05-24,393.8900146,371.7700195,395.1499939,386.9599915,91448800,29.45000076,77.22000122,59.97088242,104.0999985,90.18511963,27.20999908,23.45776367
2022-05-25,397.3699951,375.0545654,399.4500122,391.8900146,91472900,28.37000084,78.38999939,60.87953186,104.3099976,90.36703491,27.30999947,23.54397392
2022-05-26,405.3099976,382.5486755,407.0400085,398.4500122,82168300,27.5,79.48000336,61.72603989,104.2600021,90.32373047,27.21999931,23.4663868
2022-05-27,415.2600098,391.9398804,415.3800049,407.7000122,84768700,25.71999931,80.19000244,62.2774353,104.4100037,90.45371246,27.15999985,23.4146595
2022-05-31,412.9299927,389.7407837,416.4599915,410.0299988,95937000,26.19000053,79.5,61.74156189,103.3199997,89.50939941,27.20999908,23.45776367
2022-06-01,409.5899963,386.5883789,416.2399902,406.9299927,86585800,25.69000053,78.90000153,61.51314545,102.6100006,89.00538635,27.42000008,23.63880539
2022-06-02,417.3900146,393.9502869,417.4400024,407.0400085,79609600,24.71999931,79.23000336,61.77042389,102.7600021,89.13551331,27.18000031,23.43190193
2022-06-03,410.5400085,387.4849243,414.0400085,409.5100098,71874300,24.79000092,78.63999939,61.31040573,102.5599976,88.9620285,27.29999924,23.5353508
2022-06-06,411.7900085,388.6648254,416.6099854,410.5499878,57508900,25.06999969,78.05000305,60.85046387,101.7900009,88.29413605,27.36000061,23.58708191
2022-06-07,415.7399902,392.3929443,416.2200012,407.6099854,59272400,24.02000046,78.23000336,60.99079132,102.1999969,88.64976501,27.32999992,23.56121635
2022-06-08,411.2200012,388.1268005,415.8200073,410.3800049,64350000,23.95999908,77.55999756,60.46841431,101.8199997,88.32012939,27.40999985,23.63018608
2022-06-09,401.4400024,378.8960266,411.7399902,401.4400024,86289800,26.09000015,76.94000244,59.98504639,101.7300034,88.24208832,27.61000061,23.80260468
2022-06-10,389.7999878,367.909668,395.7799988,389.75,132893900,27.75,75.62999725,58.96369553,100.7300034,87.37466431,27.82999992,23.99226761
2022-06-13,375,353.9407654,381.8099976,373.2999878,170004900,34.02000046,73.09999847,56.99124527,98.94000244,85.82200623,28.10000038,24.22503471
2022-06-14,373.8699951,352.8742676,377.9400024,370.5899963,104011800,32.68999863,73.58000183,57.36548233,98.15000153,85.13671875,28.15999985,24.27675819
2022-06-15,379.2000122,357.9049377,383.8999939,372.1199951,125666800,29.62000084,75.01000214,58.48035812,99.51999664,86.32510376,27.94000053,24.08709717
2022-06-16,366.6499939,346.0597839,370.9400024,364.0799866,134473300,32.95000076,73.81999969,57.55260086,100.1699982,86.88892365,27.67000008,23.85433006
2022-06-17,365.8599854,346.8057861,369.3800049,362.1700134,111113900,31.12999916,74.05000305,57.73188782,100.1999969,86.91493225,27.95000076,24.09572029
2022-06-21,375.0700073,355.5361023,376.5299988,371.8099976,76811900,30.19000053,74,57.69293976,99.68000031,86.46387482,27.85000038,24.00950813
2022-06-22,374.3900146,354.8914795,378.7200012,370.1799927,90059400,28.95000076,73.98000336,57.67735672,100.9400024,87.55683136,27.80999947,23.97502136
2022-06-23,378.0599976,358.3703308,378.8299866,372.8900146,79292100,29.04999924,74.51000214,58.09053802,101.5100021,88.05125427,27.84000015,24.00088692
2022-06-24,390.0799866,369.7643433,390.0899963,381.3699951,98050300,27.22999954,75.04000092,58.50375366,101.1500015,87.73898315,27.78000069,23.94916153
2022-06-27,388.5899963,368.3519897,391.3599854,387.4400024,66009600,26.95000076,74.58000183,58.14510727,100.5800018,87.24456024,27.72999954,23.90605736
2022-06-28,380.6499939,360.8254395,393.1600037,380.5299988,86548900,28.36000061,73.76000214,57.50581741,100.7099991,87.35732269,27.88999939,24.04399109
2022-06-29,380.3399963,360.5315857,382.269989,378.4200134,65676000,28.15999985,73.65000153,57.42006683,101.5199966,88.05991364,28.04999924,24.18192863
2022-06-30,377.25,357.6025696,380.6600037,372.5599976,112508300,28.70999908,73.61000061,57.38886642,102.3000031,88.73653412,27.95999908,24.10433769
2022-07-01,381.2399902,361.3847656,381.7000122,373.7999878,74839700,26.70000076,73.98000336,57.93629074,103.2399979,89.68778229,28.04999924,24.18192863
2022-07-05,381.9599915,362.0672302,381.980011,372.8999939,81438000,27.54000092,73.91000366,57.88146591,103.6200027,90.01785278,28.45000076,24.52676964
2022-07-06,383.25,363.2900696,385.8699951,379.6000061,70426200,26.72999954,73.62999725,57.6621666,102.7399979,89.2534256,28.57999992,24.63884163
2022-07-07,388.9899902,368.7311096,389.8299866,383.269989,64525900,26.07999992,74.83000183,58.60194778,102.1100006,88.70609283,28.59000015,24.64746284
2022-07-08,388.6700134,368.4277954,390.6400146,385.6600037,72397800,24.63999939,74.88999939,58.64892197,101.4899979,88.16747284,28.56999969,24.63022232
2022-07-11,384.230011,364.2190247,386.8699951,383.5,58366900,26.17000008,74.47000122,58.32001877,102.2900009,88.86247253,28.89999962,24.91471291
2022-07-12,380.8299866,360.9961548,386.1600037,378.9899902,62219200,27.29000092,74.76999664,58.55496979,102.5299988,89.07097626,28.88999939,24.9060936
2022-07-13,378.8299866,359.1002502,381.9200134,374.6600037,84224600,26.81999969,74.69000244,58.49232101,102.9700012,89.45322418,28.82999992,24.85436821
2022-07-14,377.9100037,358.2281799,379.0499878,371.0400085,89704800,26.39999962,74.55000305,58.38267136,102.4000015,88.95806885,29.03000069,25.02678871
2022-07-15,385.1300049,365.0721436,385.25,380.5400085,79060400,24.22999954,75.5,59.12662506,102.75,89.26208496,28.86000061,24.88022995
2022-07-18,381.9500122,362.0577698,389.0899963,380.6600037,63203600,25.29999924,74.76999664,58.55496979,102.4499969,89.00148773,28.70000076,24.74229622
2022-07-19,392.269989,371.840271,392.8699951,385.3900146,78506000,24.5,75.76000214,59.33026886,101.9800034,88.59316254,28.52000046,24.58711815
2022-07-20,394.769989,374.2100525,396.2600098,391.0299988,71843800,23.87999916,76.08999634,59.58869934,101.8799973,88.50630951,28.60000038,24.65608597
2022-07-21,398.7900085,378.0207214,398.8399963,391.6300049,64903900,23.11000061,76.98999786,60.29352188,103.0400009,89.51402283,28.52000046,24.58711815
2022-07-22,395.0899963,374.5134277,400.1799927,392.75,72197300,23.03000069,76.88999939,60.21521378,104.2200012,90.53912354,28.47999954,24.55263329
2022-07-25,395.5700073,374.9684448,396.4700012,393.2099915,53631500,23.36000061,76.87000275,60.19954681,103.8499985,90.21768188,28.44000053,24.51814651
2022-07-26,390.8900146,370.532135,394.0599976,389.9500122,52946400,24.69000053,76.33000183,59.77664948,103.8899994,90.25245667,28.65999985,24.70780945
2022-07-27,401.0400085,380.153595,402.8800049,394.0499878,82342100,23.23999977,77.16999817,60.43447876,104.0999985,90.43488312,28.42000008,24.5009079
2022-07-28,406.0700073,384.9215698,406.7999878,398.1499939,73966600,22.32999992,77.95999908,61.05317688,105.1299973,91.3296814,28.39999962,24.48366165
2022-07-29,411.9899902,390.5332336,413.0299988,406.769989,87003700,21.32999992,78.19000244,61.23325348,105.1699982,91.36438751,28.29000092,24.388834
2022-08-01,410.769989,389.3768005,413.4100037,408.3999939,69997500,22.84000015,77.91000366,61.25215149,105.5999985,91.89874268,28.18000031,24.29400253
2022-08-02,408.0599976,386.8079529,413,406.8200073,63435400,23.93000031,77.55000305,60.96913147,104.1399994,90.62820435,28.36000061,24.4491787
2022-08-03,414.4500122,392.8652039,415.6799927,410,67820600,21.95000076,78.23000336,61.50375748,104.5699997,91.00239563,28.44000053,24.51814651
2022-08-04,414.1700134,392.5997314,415.0899963,412.4400024,45656600,21.44000053,78.44000244,61.66880417,105.0999985,91.46362305,28.26000023,24.36297035
2022-08-05,413.4700012,391.9361877,414.1499939,409.6000061,56814900,21.14999962,78.04000092,61.35435486,103.5800018,90.14083099,28.5,24.56987381
2022-08-08,412.9899902,391.4811707,417.6199951,411.8299866,53886100,21.29000092,78.11000061,61.40939331,104.1900024,90.67167664,28.45999908,24.53538895
2022-08-09,411.3500061,389.9266357,412.75,410.2200012,44931800,21.77000046,77.52999878,60.95340347,103.8799973,90.40193939,28.43000031,24.50952721
2022-08-10,419.9899902,398.1166382,420.1400146,416.7200012,68665700,19.73999977,78.69000244,61.86539078,103.9400024,90.4541626,28.12000084,24.24227715
2022-08-11,419.9899902,398.1166382,424.9500122,419.2099915,59489700,20.20000076,78.23999786,61.51158905,103.25,89.85366058,28.13999939,24.25951767
2022-08-12,427.1000061,404.8563538,427.2099915,421.0299988,61694500,19.53000069,78.94000244,62.06191635,103.6600037,90.21046448,28.25,24.35434723
2022-08-15,428.8599854,406.5247192,429.4100037,424.7099915,54048300,19.95000076,78.80000305,61.95186996,103.9899979,90.49762726,28.5,24.56987381
2022-08-16,429.7000122,407.3209839,431.730011,426.8800049,59289000,19.69000053,78.43000031,61.66098022,103.8700027,90.39321136,28.48999977,24.56125259
2022-08-17,426.6499939,404.4298096,429.5,424.5400085,63563400,19.89999962,77.62000275,61.02413177,103.1699982,89.7840271,28.53000069,24.59573746
2022-08-18,427.8900146,405.6052551,428.6099854,425.5,49023200,19.55999947,77.73999786,61.11849213,103.3700027,89.95812225,28.75,24.78539848
2022-08-19,422.1400146,400.1546326,425.2600098,421.2200012,68016900,20.60000038,76.94999695,60.49740219,102.4800034,89.18358612,28.93000031,24.94057846
2022-08-22,413.3500061,391.8224487,417.230011,412.3999939,77695600,23.79999924,76.08000183,59.81341171,102.0299988,88.79194641,29.17000008,25.14748192
2022-08-23,412.3500061,390.8745117,415.4200134,411.769989,49105200,24.11000061,76.26999664,59.96276474,101.7799988,88.57437897,29.04999924,25.04402733
2022-08-24,413.6700134,392.1257324,415.1099854,411.3900146,49177800,22.81999969,76.36000061,60.03355026,101.4400024,88.27851105,29.06999969,25.06127167
2022-08-25,419.5100098,397.6615906,419.5599976,414.0899963,50942300,21.78000069,77.08000183,60.59962082,102.0899963,88.84417725,29.02000046,25.01816559
2022-08-26,405.3099976,384.2011414,419.9599915,405.25,103087000,25.55999947,75.80999756,59.60115814,101.9700012,88.73971558,29.12999916,25.11299706
2022-08-29,402.6300049,381.6607666,405.8399963,401.2000122,65370800,26.20999908,75.51999664,59.37314224,101.3899994,88.23499298,29.13999939,25.12161827
2022-08-30,398.2099915,377.4709167,404.1000061,396,85652400,26.20999908,74.94000244,58.9171524,101.3600006,88.20889282,29.12999916,25.11299706
2022-08-31,395.1799927,374.5987854,401.2399902,395.0400085,76029700,25.87000084,74.52999878,58.5948143,100.9400024,87.84341431,29.11000061,25.09575653
2022-09-01,396.4200134,375.7741394,396.7799988,390.0400085,78740100,25.55999947,74.36000061,58.74966812,99.95999908,87.14506531,29.37000084,25.31990051
2022-09-02,392.2399902,371.8118591,401.5599976,390.3299866,99632100,25.46999931,74.30999756,58.71016693,100.5199966,87.63327789,29.37999916,25.32852173
2022-09-06,390.7600098,370.4089966,394.1199951,388.4200134,76637400,26.90999985,74.11000061,58.55215836,99.40000153,86.65688324,29.54999924,25.47507858
2022-09-07,397.7799988,377.063324,398.5899963,390.2000122,70964200,24.63999939,75.18000031,59.39754486,100.0500031,87.22351837,29.34000015,25.29403877
2022-09-08,400.3800049,379.5278931,400.8599854,394.1199951,80821700,23.61000061,75.51000214,59.65824127,99.68000031,86.90098572,29.39999962,25.34576416
2022-09-09,406.6000061,385.4240417,407.5100098,402.4599915,76706900,22.79000092,75.80999756,59.89528275,99.69000244,86.9096756,29.19000053,25.16472435
2022-09-12,410.9700012,389.5664062,411.730011,408.4599915,69256300,23.87000084,76.04000092,60.07699585,99.44999695,86.70043182,29.04000092,25.03540993
2022-09-13,393.1000061,372.6270447,403.1000061,391.9200134,122947100,27.27000046,74.30999756,58.71016693,98.88999939,86.21225739,29.44000053,25.38024902
2022-09-14,394.6000061,374.0489197,396.2000122,391.1199951,85023700,26.15999985,74.41999817,58.79707718,98.94000244,86.25584412,29.37999916,25.32852173
2022-09-15,390.1199951,369.8023071,395.9599915,388.7799988,87633800,26.27000046,73.94999695,58.42572784,98.59999847,85.95941162,29.39999962,25.34576416
2022-09-16,385.5599976,366.9810791,386.25,382.1099854,103084800,26.29999924,74.19999695,58.6232605,98.68000031,86.02919006,29.39999962,25.34576416
2022-09-19,388.5499878,369.8269653,388.5499878,382.1799927,73278500,25.76000023,74.48000336,58.84447861,98.40000153,85.78507996,29.37999916,25.32852173
2022-09-20,384.0899963,365.5819702,386.1199951,381.2000122,77274900,27.15999985,73.72000122,58.24404144,97.79000092,85.25327301,29.52000046,25.44921684
2022-09-21,377.3900146,359.2048035,389.3099976,377.3800049,106746600,27.98999977,73.5,58.0702095,98.18000031,85.59326172,29.80999947,25.69922447
2022-09-22,374.2200012,356.1875305,378.2999878,373.4400024,89472600,27.35000038,73.05999756,57.72257614,96.69999695,84.30300903,29.85000038,25.73370934
2022-09-23,367.9500122,350.2196045,370.6199951,363.2900085,122346900,29.92000008,72.12999725,56.98781967,96.81999969,84.40758514,30.31999969,26.13889503
2022-09-26,364.3099976,346.7550964,370.2099915,363.0299988,92581200,32.25999832,71.27999878,56.31625748,95.20999908,83.00402832,30.65999985,26.43201256
2022-09-27,363.3800049,345.8699036,370.3999939,360.8699951,108294100,32.59999847,71.12999725,56.19773865,94.55999756,82.43736267,30.67000008,26.44063377
2022-09-28,370.5299988,352.6753235,372.2999878,362.6000061,110802200,30.18000031,72.40000153,57.20113373,96.69000244,84.29425812,30.27000046,26.09579277
2022-09-29,362.7900085,345.3083191,367.1099854,359.7000122,112952300,31.84000015,71.72000122,56.66389465,96.23999786,83.90198517,30.14999962,25.99234009
2022-09-30,357.1799927,339.9686279,365.9100037,357.0400085,153711200,31.62000084,71.38999939,56.40316391,95.98999786,83.684021,30.14999962,25.99234009
2022-10-03,366.6099854,348.9441833,368.5499878,359.2099915,89756500,30.10000038,71.97000122,57.14235306,96.94000244,84.67721558,30.01000023,25.87164497
2022-10-04,377.9700012,359.7568359,378,366.5700073,103602800,29.06999969,73.51999664,58.37299347,97.13999939,84.85191345,29.60000038,25.51818275
2022-10-05,377.0899963,358.9192505,379.4599915,370.9500122,88065700,28.54999924,73.23000336,58.14275742,96.22000122,84.04827881,29.87999916,25.75957298
2022-10-06,373.2000122,355.2166443,378.7200012,372.6799927,82333500,30.52000046,73.01000214,57.96809387,95.69000244,83.58532715,30.18000031,26.01820374
2022-10-07,362.7900085,345.3083191,373.2900085,360.9400024,107789500,31.36000061,72.12000275,57.26145935,95.22000122,83.17476654,30.29999924,26.12165642
2022-10-10,360.019989,342.6717224,364.2099915,357.6700134,76042800,32.45000076,71.23999786,56.56274414,94.66000366,82.68561554,30.43000031,26.23373032
2022-10-11,357.7399902,340.5016174,363.0299988,355.7099915,92482800,33.63000107,71.45999908,56.73744202,94.90000153,82.89527893,30.45000076,26.25097275
2022-10-12,356.5599976,339.3785095,359.8200073,356.2999878,76991800,33.56999969,71.58000183,56.83268738,95.20999908,83.16605377,30.45000076,26.25097275
2022-10-13,365.9700012,348.335083,367.5100098,348.1099854,147254500,31.94000053,71.73999786,56.95973587,94.80999756,82.8166275,30.25,26.07855034
2022-10-14,357.6300049,340.3969421,370.2600098,356.9599915,123737000,32.02000046,71.51000214,56.77709961,94.27999878,82.35366821,30.45999908,26.25959015
2022-10-17,366.8200073,349.1441345,367.980011,357.2799988,93168200,31.37000084,72.38999939,57.47581863,94.37999725,82.44104767,30.14999962,25.99234009
2022-10-18,371.1300049,353.24646,375.4500122,367.519989,97162900,30.5,72.90000153,57.88075638,94.62000275,82.6506958,30.12999916,25.97509766
2022-10-19,368.5,350.7432251,371.8500061,365.5499878,79746900,30.76000023,72.19999695,57.32497025,93.62999725,81.7858963,30.35000038,26.16476059
2022-10-20,365.4100037,347.802063,372.6700134,364.6099854,88283100,29.97999954,71.80000305,57.00738144,92.93000031,81.17447662,30.37000084,26.18200302
2022-10-21,374.2900085,356.2541199,374.7999878,363.5400085,131038400,29.69000053,72.48999786,57.55521774,93.13999939,81.35792542,30.11000061,25.95785904
2022-10-24,378.8699951,360.6134338,380.0599976,373.1099854,85436900,29.85000038,72.54000092,57.5949173,93.01999664,81.25306702,30.13999939,25.98371887
2022-10-25,384.9200134,366.3719177,385.25,378.6700134,78846300,28.45999908,73.23999786,58.15068817,94.18000031,82.26633453,29.80999947,25.69922447
2022-10-26,382.019989,363.6116943,387.5799866,381.3500061,104087300,27.28000069,73.44000244,58.3094902,94.66000366,82.68561554,29.5,25.43197441
2022-10-27,379.980011,361.6699829,385,379.3299866,81971800,27.38999939,73.98000336,58.73823547,95.33000183,83.27086639,29.72999954,25.63025856
2022-10-28,389.019989,370.2743225,389.519989,379.6799927,100302000,25.75,74.55000305,59.19082642,94.83999634,82.84281921,29.78000069,25.67336273
2022-10-31,386.2099915,367.599762,388.3999939,385.2600098,96631300,25.87999916,73.43000031,58.30154037,94.41000366,82.4672699,30.03000069,25.88888931
2022-11-01,384.519989,365.9912415,390.3900146,383.2900085,85407600,25.80999947,73.58999634,58.65224075,94.19000244,82.45236969,30.02000046,25.8802681
2022-11-02,374.8699951,356.8061829,388.6300049,374.7600098,126990400,25.86000061,72.91999817,58.11825943,94.02999878,82.31228638,30.14999962,25.99234009
2022-11-03,371.0100098,353.1322327,374.2000122,368.7900085,87100100,25.29999924,72.40000153,57.70379257,93.62000275,81.95340729,30.39999962,26.20786667
2022-11-04,376.3500061,358.2149048,378.8699951,370,103505200,24.54999924,72.90000153,58.10230255,93.41999817,81.77830505,29.82999992,25.71646881
2022-11-07,379.9500122,361.6414185,380.5700073,375.5299988,68286900,24.35000038,72.88999939,58.09431076,93.08999634,81.48942566,29.65999985,25.56991005
2022-11-08,382,363.5926208,385.1199951,377.7200012,84641100,25.54000092,72.81999969,58.03855896,93.70999908,82.03218079,29.53000069,25.45783997
2022-11-09,374.1300049,356.1018066,381.1400146,373.6099854,78495500,26.09000015,71.94999695,57.34514618,94.02999878,82.31228638,29.75,25.64750099
2022-11-10,394.6900024,375.671051,395.0400085,385.6400146,141455800,23.53000069,74.19000244,59.13043213,96.13999939,84.15937042,29.06999969,25.06127167
2022-11-11,398.5100098,379.3070984,399.3500061,393.6099854,93839900,22.52000046,74.44999695,59.33765793,95.94000244,83.98427582,28.64999962,24.69918823
2022-11-14,395.1199951,376.0803833,400.1799927,394.8299866,71903500,23.72999954,73.90000153,58.89932251,95.70999908,83.78294373,28.78000069,24.81126404
2022-11-15,398.4899902,379.2880249,402.3099976,394.4899902,93194500,24.54000092,74.55000305,59.41738892,96.41999817,84.40444946,28.68000031,24.72505188
2022-11-16,395.4500122,376.3944702,397.7799988,394.7900085,68508500,24.11000061,74.38999939,59.28985214,97.12999725,85.02597046,28.62000084,24.67332649
2022-11-17,394.2399902,375.2427673,394.9500122,390.1400146,74496300,23.93000031,74.06999969,59.03481674,96.47000122,84.44820404,28.72999954,24.76815796
2022-11-18,396.0299988,376.9465332,397.8099976,393.0400085,92922500,23.12000084,74.23000336,59.16233063,96.12999725,84.15062714,28.80999947,24.83712387
2022-11-21,394.5899963,375.5758667,395.8200073,392.6600037,51243200,22.36000061,74.19999695,59.13840866,96.06999969,84.09805298,29.05999947,25.05265045
2022-11-22,399.8999939,380.6300659,400.0700073,395.1499939,60429000,21.29000092,74.73999786,59.56880951,96.62000275,84.57954407,28.87999916,24.89747238
2022-11-23,402.4200134,383.0286865,402.9299927,399.3099976,68261600,20.35000038,75.16000366,59.90356064,97.13999939,85.03472137,28.57999992,24.63884163
2022-11-25,402.3299866,382.9429932,402.9100037,401.5400085,30545400,20.5,75.01000214,59.78398895,97.11000061,85.00847626,28.57999992,24.63884163
2022-11-28,395.9100037,376.8323975,400.8099976,395.1099854,67881600,22.20999908,74.22000122,59.15436554,97.15000153,85.04351044,28.79000092,24.81988525
2022-11-29,395.230011,376.1851501,397.2999878,393.2999878,52310000,21.88999939,74.54000092,59.40938568,96.73999786,84.68456268,28.84000015,24.86298943
2022-11-30,407.6799927,388.0352173,407.6799927,393.480011,144566700,20.57999992,75.66000366,60.30207825,97.61000061,85.44617462,28.61000061,24.66470528
2022-12-01,407.3800049,387.7496033,410,404.75,76398200,19.84000015,75.62000275,60.52535629,98.48000336,86.37943268,28.26000023,24.36297035
2022-12-02,406.9100037,387.3023071,407.8599854,402.1400146,85342700,19.05999947,75.55999756,60.4773674,98.68000031,86.55487823,28.22999954,24.33710861
2022-12-05,399.5899963,380.3349915,404.9299927,398.1700134,77289800,20.75,74.83999634,59.90106201,97.68000031,85.67770386,28.45999908,24.53538895
2022-12-06,393.8299866,374.8525391,399.9899902,391.6400146,77972200,22.17000008,74.56999969,59.68497467,98.27999878,86.20401764,28.47999954,24.55263329
2022-12-07,393.1600037,374.2149048,395.6400146,391.9700012,65927900,22.68000031,74.98000336,60.01309967,99.13999939,86.95832825,28.38999939,24.47504234
2022-12-08,396.2399902,377.1464539,397.3599854,393.269989,60737900,22.29000092,75.04000092,60.06113052,98.58000183,86.46715546,28.29999924,24.39745331
2022-12-09,393.2799988,374.3291016,397.6199951,393.1499939,81447700,22.82999992,75.04000092,60.06113052,97.84999847,85.82684326,28.36000061,24.4491787
2022-12-12,398.9500122,379.7258606,398.9500122,393.4100037,75405800,25,75.33000183,60.29327393,97.70999908,85.70404816,28.37999916,24.46642303
2022-12-13,401.9700012,382.6003723,410.4899902,399.0700073,123782500,22.54999924,76.11000061,60.91753769,98.58999634,86.475914,28.12999916,24.25089645
2022-12-14,399.3999939,380.1542053,405.5,396.3099976,108111300,21.13999939,75.68000031,60.57338715,98.86000061,86.71276093,28,24.13882256
2022-12-15,389.6300049,370.85495,395.25,387.8900146,117705900,22.82999992,75,60.34487534,98.86000061,86.8814621,28.26000023,24.36297035
2022-12-16,383.269989,366.476593,386.5799866,381.0400085,119858000,22.62000084,74.59999847,60.02304459,98.61000061,86.66176605,28.30999947,24.40607262
2022-12-19,380.019989,363.3690491,383.8200073,378.2799988,79878100,22.42000008,74.22000122,59.71728897,97.80999756,85.95869446,28.06999969,24.41216278
2022-12-20,380.5400085,363.866272,382.230011,377.8500061,74427200,21.47999954,74.02999878,59.56441498,97.09999847,85.33472443,27.87999916,24.24692154
2022-12-21,386.230011,369.3068848,387.4100037,382.6900024,78167400,20.06999969,74.66000366,60.07134247,97.22000122,85.44017792,27.95000076,24.30780029
2022-12-22,380.7200012,364.0382996,386.2099915,374.769989,100120900,21.96999931,74.19999695,59.70121384,97.19000244,85.41381073,27.98999977,24.34258652
2022-12-23,382.9100037,366.1322937,383.0599976,378.0299988,59857300,20.87000084,74.38999939,59.85410309,96.75,85.02713776,27.97999954,24.33389091
2022-12-27,381.3999939,364.6885071,383.1499939,379.6499939,51638200,21.64999962,73.62000275,59.23454666,95.94000244,84.31528473,27.96999931,24.32519341
2022-12-28,376.6600037,360.15625,383.3900146,376.4200134,70911500,22.13999939,72.62999725,58.43798065,95.70999908,84.11317444,28.06999969,24.41216278
2022-12-29,383.4400024,366.6392212,384.3500061,379.0799866,66970900,21.44000053,73.56999969,59.19430542,96.18000031,84.52620697,27.89999962,24.26431465
2022-12-30,382.4299927,365.6734314,382.5799866,378.4299927,84022200,21.67000008,73.62999725,59.24259186,95.77999878,84.17465973,27.80999947,24.18604088
2023-01-03,380.8200073,364.1339722,386.4299927,377.8299866,74850700,22.89999962,73.76999664,59.35522842,96.52999878,84.83379364,28.11000061,24.44694901
2023-01-04,383.7600098,366.9451599,385.8800049,380,85934100,22.01000023,74.62000275,60.03914642,97.26999664,85.48415375,28.01000023,24.35998154
2023-01-05,379.3800049,362.7570496,381.8399963,378.7600098,76970500,22.45999908,74.47000122,59.91844559,97.12999725,85.36108398,28.27000046,24.58610153
2023-01-06,388.0799866,371.0758667,389.25,379.4100037,104189600,21.12999916,75.52999878,60.77133942,98.37999725,86.45962524,27.89999962,24.26431465
2023-01-09,387.8599854,370.865448,393.7000122,387.6700134,73978100,21.96999931,75.80000305,60.98856735,98.62999725,86.67935944,27.72999954,24.11646843
2023-01-10,390.5799866,373.4663086,390.6499939,386.269989,65358100,20.57999992,75.70999908,60.91614151,98.01000214,86.13446045,27.75,24.13385963
2023-01-11,395.519989,378.1898499,395.6000061,391.3800049,68881100,21.09000015,76.20999908,61.31844711,98.63999939,86.68813324,27.75,24.13385963
2023-01-12,396.9599915,379.5667725,398.4899902,392.4200134,90157700,18.82999992,76.63999939,61.66442108,99.51999664,87.46153259,27.47999954,23.89904594
2023-01-13,398.5,381.0392456,399.1000061,393.3399963,63903900,18.35000038,76.63999939,61.66442108,98.98999786,86.9957428,27.46999931,23.89034843
2023-01-17,397.769989,380.3412476,400.230011,397.0599976,62677300,19.36000061,76.37999725,61.45526123,98.68000031,86.72329712,27.54999924,23.95992279
2023-01-18,391.4899902,374.3364868,400.1199951,391.2799988,99632300,20.34000015,76.47000122,61.52765656,100.0199966,87.90092468,27.54999924,23.95992279
2023-01-19,388.6400146,371.6113281,391.0799866,387.2600098,86958900,20.52000046,76.01999664,61.16556168,99.83000183,87.73394012,27.47999954,23.89904594
2023-01-20,395.8800049,378.5341187,396.0400085,388.3800049,91806400,19.85000038,76.16999817,61.28627396,99.16999817,87.15392303,27.44000053,23.86425781
2023-01-23,400.6300049,383.0759277,402.6499939,395.7200012,84178800,19.80999947,76.16000366,61.27821732,98.84999847,86.87271118,27.47999954,23.89904594
2023-01-24,400.2000122,382.6647644,401.1499939,397.6400146,59524900,19.20000076,76.20999908,61.31844711,99.41999817,87.37361908,27.45000076,23.87295532
2023-01-25,400.3500061,382.8082886,400.7000122,393.5599976,84800300,19.07999992,76.19999695,61.31041336,99.52999878,87.47028351,27.36000061,23.79468536
2023-01-26,404.75,387.0154114,404.9200134,400.0299988,72287400,18.72999954,76.38999939,61.46325684,99.16999817,87.15392303,27.43000031,23.85556221
2023-01-27,405.6799927,387.9047546,408.1600037,403.4400024,68346200,18.51000023,76.16000366,61.27821732,99.01999664,87.02210236,27.46999931,23.89034843
2023-01-30,400.5899963,383.0376892,405.1300049,400.2799988,74202000,19.94000053,75.73999786,60.94029617,98.70999908,86.74966431,27.56999969,23.97731781
2023-01-31,406.480011,388.6696167,406.5299988,400.769989,86811800,19.39999962,76.33000183,61.41500092,99.20999908,87.18906403,27.51000023,23.92513657
2023-02-01,410.7999878,392.8003235,413.6700134,402.3500061,101459200,17.87000084,76.76000214,62.06020737,99.70999908,87.81613922,27.25,23.69901657
2023-02-02,416.7799988,398.5182495,418.3099976,412.8800049,101654500,18.72999954,77.19999695,62.415905,99.66999817,87.78089905,27.43000031,23.85556221
2023-02-03,412.3500061,394.2824402,416.9700012,411.0899963,94736800,18.32999992,76.38999939,61.76103592,98.59999847,86.83854675,27.79000092,24.16865158
2023-02-06,409.8299866,391.8728333,411.2900085,408.1000061,60295300,19.43000031,75.90000153,61.36488724,97.75,86.08991241,27.95000076,24.30780029
2023-02-07,415.1900024,396.9979553,416.4899902,407.5700073,90990700,18.65999985,76.16999817,61.5831604,97.51000214,85.87857819,27.89999962,24.26431465
2023-02-08,410.6499939,392.6569824,414.5299988,409.9299927,76227500,19.62999916,75.84999847,61.32447433,97.87000275,86.19562531,27.93000031,24.29040527
2023-02-09,407.0899963,389.2528992,414.5700073,405.8099976,78694900,20.70999908,75.36000061,60.92827606,97.43000031,85.80810547,27.88999939,24.25561714
2023-02-10,408.0400085,390.1613464,408.4400024,405.0100098,70769700,20.53000069,74.77999878,60.45938492,96.95999908,85.39414978,27.97999954,24.33389091
2023-02-13,412.8299866,394.741333,412.9700012,408.2399902,64913500,20.34000015,74.97000122,60.61300278,97.19000244,85.59675598,27.89999962,24.26431465
2023-02-14,412.6400146,394.5597839,415.0499878,408.5100098,88389300,18.90999985,74.98999786,60.62913513,96.75,85.20922089,27.87999916,24.24692154
2023-02-15,413.980011,395.8410339,414.0599976,409.4700012,61555700,18.22999954,74.87000275,60.53213501,96.45999908,84.95381165,28.06999969,24.41216278
2023-02-16,408.2799988,390.3907776,412.9100037,408.1400146,76431500,20.17000008,74.26999664,60.04701996,96.13999939,84.67199707,28.11000061,24.44694901
2023-02-17,407.2600098,389.4154663,407.5100098,404.0499878,89257800,20.02000046,74.55999756,60.28149796,96.41000366,84.90979004,28.09000015,24.42955589
2023-02-21,399.0899963,381.6034546,404.1600037,398.8200073,82655900,22.87000084,73.41000366,59.35173416,95.36000061,83.98500061,28.18000031,24.50782776
2023-02-22,398.5400085,381.0775757,401.1300049,397.019989,83742300,22.29000092,73.88999939,59.7397995,95.52999878,84.13472748,28.27000046,24.58610153
2023-02-23,400.6600037,383.1045532,402.2000122,396.25,96242400,21.13999939,74.62000275,60.33000946,95.90000153,84.46062469,28.28000069,24.59479713
2023-02-24,396.3800049,379.0121765,397.25,393.6400146,108194400,21.67000008,74.16999817,59.96619034,95.31999969,83.94978333,28.48999977,24.77743149
2023-02-27,397.730011,380.3030396,401.2900085,396.75,80444700,20.95000076,74.66999817,60.37042618,95.61000061,84.20518494,28.34000015,24.64697838
2023-02-28,396.2600098,378.8974304,399.2799988,396.1499939,96438600,20.70000076,74.52999878,60.25724792,95.76000214,84.33730316,28.42000008,24.71655464
2023-03-01,394.7399902,377.4440918,396.6900024,393.3800049,99706800,20.57999992,73.87000275,60.08641434,94.80000305,83.66306305,28.27000046,24.58610153
2023-03-02,397.8099976,380.3794861,398.6900024,392.3299866,85127800,19.59000015,73.95999908,60.15962219,94.41000366,83.31889343,28.42000008,24.71655464
2023-03-03,404.1900024,386.4799805,404.4500122,399.0299988,90120000,18.48999977,74.72000122,60.7778244,95.16999817,83.98958588,28.30999947,24.62088585
2023-03-06,404.4700012,386.7477112,407.4500122,404.0100098,72795900,18.61000061,74.72000122,60.7778244,95,83.83955383,28.27000046,24.58610153
2023-03-07,398.269989,380.819397,404.6700134,397.6300049,108310600,19.59000015,74.19000244,60.34668732,95.01000214,83.84838867,28.62000084,24.89049149
2023-03-08,398.9200134,381.4408569,399.7099915,396.5899963,74746600,19.11000061,73.83999634,60.06201553,94.98000336,83.82191467,28.61000061,24.88179398
2023-03-09,391.5599976,374.4034119,401.480011,390.5299988,111945300,22.61000061,73.43000031,59.72851944,95.56999969,84.34261322,28.53000069,24.81221962
2023-03-10,385.9100037,369.0010071,393.1600037,384.3200073,189253000,24.79999924,73.44000244,59.73665237,97.33000183,85.89588928,28.35000038,24.65567589
2023-03-13,385.3599854,368.4749756,390.3900146,380.6499939,157790000,26.52000046,73.04000092,59.41127777,98.51000214,86.93722534,28.09000015,24.42955589
2023-03-14,391.730011,374.5659485,393.4500122,387.0499878,149752400,23.72999954,73.56999969,59.8423996,97.58000183,86.11646271,28.09000015,24.42955589
2023-03-15,389.2799988,372.2232971,389.4899902,383.7099915,172996900,26.13999939,73.33000183,59.64719009,98.98999786,87.36081696,28.38999939,24.69046211
2023-03-16,396.1099854,378.7539978,396.4700012,386.2900085,143254200,22.98999977,73.80999756,60.03762436,98.09999847,86.57540131,28.36000061,24.66437149
2023-03-17,389.9899902,374.3253784,394.3999939,388.5499878,140553400,25.51000023,73.37000275,59.67971802,99.26000214,87.59911346,28.20000076,24.52522278
2023-03-20,393.7399902,377.9247437,394.1700134,390.0700073,93055800,24.14999962,73.16999817,59.51702881,98.86000061,87.24612427,28.04000092,24.38607216
2023-03-21,398.9100037,382.887085,399.4100037,395.5799866,91524200,21.37999916,73.97000122,60.16774368,98,86.4871521,28.03000069,24.37737465
2023-03-22,392.1099854,376.360199,402.4899902,392.0700073,111746600,22.26000023,74.04000092,60.22471237,99.29000092,87.62559509,27.81999969,24.1947403
2023-03-23,393.1700134,377.3776245,399.2900085,390.3500061,119351300,22.61000061,73.75,59.98881531,99.86000061,88.12860107,27.86000061,24.22952652
2023-03-24,395.75,379.8539734,395.8399963,389.3999939,107682400,21.73999977,73.59999847,59.86679459,99.88999939,88.15509796,28.03000069,24.37737465
2023-03-27,396.4899902,380.56427,398.9200134,395.5599976,74010400,20.60000038,73.41999817,59.72037506,98.66000366,87.06960297,27.94000053,24.29910278
2023-03-28,395.6000061,379.710083,396.4899902,393.6900024,62871700,19.96999931,73.37999725,59.68784332,98.59999847,87.0166626,27.84000015,24.21213341
2023-03-29,401.3500061,385.2290649,401.6000061,398.6799927,77497900,19.12000084,74.30000305,60.43619919,98.43000031,86.86662292,27.90999985,24.27301216
2023-03-30,403.7000122,387.4846497,404.3500061,401.7600098,69840000,19.02000046,74.73999786,60.79407883,98.58000183,86.99898529,27.78000069,24.15995216
2023-03-31,409.3900146,392.946106,409.7000122,404.5499878,112062600,18.70000076,75.55000305,61.45295715,99.12000275,87.47557068,27.87999916,24.24692154
2023-04-03,410.9500122,394.4434814,411.3699951,408.4400024,67391100,18.54999924,75.15000153,61.40553665,99.38999939,87.88762665,27.75,24.13385963
2023-04-04,408.6700134,392.2550659,411.9200134,407.2399902,66601500,19,74.93000031,61.22578812,100.0299988,88.45355988,27.63999939,24.03819466
2023-04-05,407.6000061,391.2280273,408.7000122,405.8800049,65200200,19.07999992,74.51000214,60.88259506,100.4499969,88.82493591,27.71999931,24.10777092
2023-04-06,409.1900024,392.7541504,409.480011,405.6799927,63743300,18.39999962,74.83999634,61.15225601,100.4800034,88.85149384,27.73999977,24.12516403
2023-04-10,409.6099854,393.1572876,409.6900024,405.9700012,63681000,18.96999931,74.76999664,61.09504318,99.48999786,87.97602844,27.89999962,24.26431465
2023-04-11,409.7200012,393.2628479,411.1799927,408.9200134,59297900,19.10000038,74.93000031,61.22578812,99.44999695,87.94068909,27.79999924,24.17734528
2023-04-12,408.0499878,391.6599121,412.1700134,407.4400024,86420400,19.09000015,74.91000366,61.20947266,99.73999786,88.19711304,27.64999962,24.04689217
2023-04-13,413.4700012,396.8623047,413.8399963,407.9899902,85814800,17.79999924,75.41999817,61.62617111,99.41000366,87.90531158,27.52000046,23.93383408
2023-04-14,412.4599915,395.8927612,415.0899963,410.0599976,78161500,17.06999969,75.27999878,61.51177597,98.91999817,87.47201538,27.68000031,24.0729847
2023-04-17,413.9400024,397.313324,413.9599915,411.0899963,66436400,16.95000076,75.08000183,61.34835052,98.29000092,86.91492462,27.81999969,24.1947403
2023-04-18,414.2099915,397.5724792,415.7200012,412.7799988,63560000,16.82999992,75.12999725,61.38920593,98.44999695,87.05640411,27.71999931,24.10777092
2023-04-19,414.1400146,397.5053101,415.0799866,412.1600037,55227300,16.45999908,74.83000183,61.14406586,98.23999786,86.87071991,27.78000069,24.15995216
2023-04-20,411.8800049,395.3361511,413.7000122,410.269989,75840400,17.17000008,74.76000214,61.08685684,98.80999756,87.37473297,27.78000069,24.15995216
2023-04-21,412.2000122,395.643219,412.6799927,410.1700134,73457400,16.77000046,74.98999786,61.27480698,98.56999969,87.16252899,27.75,24.13385963
2023-04-24,412.6300049,396.0559082,413.0700073,410.6000061,64332100,16.88999939,75.19999695,61.44643021,99.05000305,87.58695984,27.65999985,24.05558968
2023-04-25,406.0799866,389.7690125,411.1600037,406.019989,97766700,18.76000023,75.08000183,61.34835052,100.0299988,88.45355988,27.79000092,24.16865158
2023-04-26,404.3599854,388.1181335,407.8399963,403.7799988,80447000,18.84000015,74.79000092,61.11141586,99.63999939,88.1087265,27.70000076,24.09037781
2023-04-27,412.4100037,395.8448486,412.6900024,406.7399902,92968400,17.03000069,75.04000092,61.31567001,98.98999786,87.53391266,27.70999908,24.09907341
2023-04-28,415.9299927,399.2234192,415.9400024,411.4299927,89433100,15.77999973,75.36000061,61.57715607,99.73000336,88.1882782,27.75,24.13385963
2023-05-01,415.5100098,398.8203125,417.6199951,415.269989,62122300,16.07999992,74.69000244,61.29482269,98.31999969,87.15029907,27.88999939,24.25561714
2023-05-02,410.8399963,394.3378906,414.8200073,407.8200073,103998500,17.78000069,74.62000275,61.23741531,99.59999847,88.28489685,27.81999969,24.1947403
2023-05-03,408.019989,391.631134,413.8699951,407.769989,91531800,18.34000015,74.58000183,61.20458984,100.25,88.86104584,27.67000008,24.06428719
2023-05-04,405.1300049,388.8572083,407.269989,403.7399902,94901900,20.09000015,74.36000061,61.02402878,100.2300034,88.84331512,27.70000076,24.09037781
2023-05-05,412.6300049,396.0559082,413.7200012,408.6400146,87891800,17.19000053,74.76000214,61.35226822,99.69000244,88.36463165,27.65999985,24.05558968
2023-05-08,412.7399902,396.161499,413.2399902,411.2799988,50046800,16.97999954,74.55000305,61.17996979,99.08000183,87.82397461,27.70000076,24.09037781
2023-05-09,410.9299927,394.4242554,412.0899963,410.6900024,49220100,17.70999908,74.36000061,61.02402878,98.95999908,87.71760559,27.79000092,24.16865158
2023-05-10,412.8500061,396.2670898,414.5400085,408.8699951,96142900,16.94000053,74.80999756,61.39331818,99.69999695,88.37354279,27.73999977,24.12516403
2023-05-11,412.1300049,395.5760498,412.4299927,409.9700012,70157100,16.93000031,74.69000244,61.29482269,100.0699997,88.70149231,27.92000008,24.28170967
2023-05-12,411.5899963,395.0578003,413.6400146,409.0700073,70481500,17.03000069,74.41999817,61.07325745,99.47000122,88.1696701,28.10000038,24.4382534
2023-05-15,413.0100098,396.4207764,413.4299927,410.230011,54289400,17.12000084,74.40000153,61.05685425,99.25,87.97466278,28.02000046,24.36867905
2023-05-16,410.25,393.7715759,412.8200073,410.2399902,57705500,17.98999977,73.87999725,60.63011551,98.93000031,87.69099426,28.09000015,24.42955589
2023-05-17,415.230011,398.5515442,415.8599854,410.6400146,87287000,16.87000084,74.08000183,60.79423904,98.61000061,87.40737915,28.13999939,24.47303963
2023-05-18,419.230011,402.3908691,419.6700134,414.6700134,97177200,16.04999924,74.12000275,60.82706833,98,86.8666687,28.35000038,24.65567589
2023-05-19,418.6199951,401.8053894,420.7200012,417.3500061,103793300,16.80999947,74.19999695,60.89273071,97.62999725,86.53868103,28.27000046,24.58610153
2023-05-22,418.7900085,401.9685059,420.3900146,417.3500061,60745400,17.20999908,74.52999878,61.16352844,97.44999695,86.37915039,28.29000092,24.60349464
2023-05-23,414.0899963,397.4573364,418.7200012,413.6799927,86383500,18.53000069,74.13999939,60.8434639,97.61000061,86.52099609,28.37000084,24.67307091
2023-05-24,411.0899963,394.5778503,412.8200073,409.8800049,89213700,20.03000069,73.62000275,60.41674042,97.36000061,86.29938507,28.46999931,24.76003647
2023-05-25,414.6499939,397.9947815,416.1600037,412.4100037,90961600,19.13999939,73.56999969,60.37572098,96.75,85.75865936,28.60000038,24.87309837
2023-05-26,420.019989,403.1491394,420.769989,415.25,93830000,17.95000076,74.01999664,60.74501038,96.93000031,85.91821289,28.59000015,24.86440086
2023-05-30,420.1799927,403.3026733,422.5799866,418.7399902,72216000,17.45999908,74.33999634,61.00762177,97.69000244,86.59190369,28.55999947,24.83830833
2023-05-31,417.8500061,401.0663147,419.2200012,416.2200012,110811800,17.94000053,74.11000061,60.81885529,98.05999756,86.91986084,28.61000061,24.88179398
2023-06-01,421.8200073,404.8768311,422.9200134,416.7900085,88865000,15.64999962,74.19999695,61.18414688,98.09999847,87.16153717,28.27000046,24.58610153
2023-06-02,427.9200134,410.7318726,428.7399902,423.9500122,91426200,14.60000038,74.58000183,61.49749374,97.31999969,86.46846008,28.56999969,24.84700775
2023-06-05,427.1000061,409.9448242,429.6199951,426.3699951,65460200,14.72999954,74.51999664,61.44803619,97.29000092,86.44184875,28.52000046,24.80352402
2023-06-06,428.0299988,410.8374634,428.5799866,425.9899902,64022200,13.96000004,74.63999939,61.54696274,97.34999847,86.49513245,28.61000061,24.88179398
2023-06-07,426.5499878,409.4168091,429.6199951,426.1099854,85373300,13.93999958,74.23000336,61.20888138,96.63999939,85.86431885,28.62000084,24.89049149
2023-06-08,429.1300049,411.8931885,429.6000061,425.8200073,61952800,13.64999962,74.69999695,61.59643936,97.29000092,86.44184875,28.38999939,24.69046211
2023-06-09,429.8999939,412.6322327,431.9899902,428.8699951,85742800,13.82999992,74.72000122,61.6129303,96.94000244,86.130867,28.47999954,24.76873589
2023-06-12,433.7999878,416.3756104,433.8800049,430.1700134,76104300,15.01000023,74.63999939,61.54696274,97.09999847,86.27304077,28.48999977,24.77743149
2023-06-13,436.6600037,419.1207581,437.3299866,434.6300049,95899700,14.60999966,74.73000336,61.62117767,96.41000366,85.65996552,28.39999962,24.69915771
2023-06-14,437.1799927,419.619873,439.0599976,433.5899963,100612100,13.88000011,74.76000214,61.6459198,96.54000092,85.77546692,28.26000023,24.57740402
2023-06-15,442.6000061,424.8221436,443.8999939,436.230011,110303100,14.5,75.12000275,61.94275665,97.29000092,86.44184875,28.10000038,24.4382534
2023-06-16,439.4599915,423.3751526,443.6099854,438.9700012,114165800,13.53999996,74.93000031,61.78609848,96.87000275,86.06867218,28.14999962,24.48173523
2023-06-20,437.1799927,421.1785889,438.3699951,435.0299988,76160400,13.88000011,74.73000336,61.62117767,97.16000366,86.32632446,28.22999954,24.5513134
2023-06-21,434.9400024,419.0205994,436.9899902,434.3299866,76982300,13.19999981,74.54000092,61.46448898,97.25,86.40631104,28.10000038,24.4382534
2023-06-22,436.5100098,420.5332031,436.6199951,433.6000061,70637200,12.90999985,74.31999969,61.28310776,96.69999695,85.9176178,28.20000076,24.52522278
2023-06-23,433.2099915,417.3539429,435.0599976,432.4700012,92074500,13.43999958,74.19000244,61.17591095,97.09999847,86.27304077,28.35000038,24.65567589
2023-06-26,431.4400024,415.6487427,434.6099854,431.1900024,72823600,14.25,74.23000336,61.20888138,97.33999634,86.48627472,28.31999969,24.62958527
2023-06-27,436.1700134,420.2055359,436.8099976,431.8800049,72813700,13.73999977,74.48000336,61.41503143,97,86.1841507,28.25,24.56870461
2023-06-28,436.3900146,420.4175415,437.4400024,434.4100037,75636000,13.43000031,74.91000366,61.76961136,97.38999939,86.53070068,28.37999916,24.68176651
2023-06-29,438.1099854,422.0745239,438.2799988,435.5400085,67882300,13.53999996,74.70999908,61.60469437,96.38999939,85.64221954,28.5,24.78612709
2023-06-30,443.2799988,427.0552979,444.2999878,441.1099854,104964000,13.59000015,75.06999969,61.90151596,96.59999847,85.82876587,28.37999916,24.68176651
2023-07-03,443.7900085,427.5466614,444.0799866,442.6300049,32793400,13.56999969,74.55000305,61.80454254,95.94999695,85.45648956,28.40999985,24.70785522
2023-07-05,443.1300049,426.9108276,443.8900146,441.8999939,58418400,14.18000031,74.31999969,61.61387253,95.48999786,85.04679108,28.54000092,24.82091713
2023-07-06,439.6600037,423.5678101,440.1000061,437.0599976,80658300,15.43999958,73.77999878,61.16618729,94.70999908,84.35209656,28.46999931,24.76003647
2023-07-07,438.5499878,422.4984131,442.6400146,438.2999878,86134200,14.82999992,73.84999847,61.22421265,94.58999634,84.245224,28.22999954,24.5513134
2023-07-10,439.6600037,423.5678101,439.8399963,437.5899963,62443500,15.06999969,74.22000122,61.53096008,95.08000183,84.68164062,28.15999985,24.49043274
2023-07-11,442.4599915,426.2654114,442.9700012,439.4400024,64463800,14.84000015,74.62000275,61.86258698,95.27999878,84.85975647,28.09000015,24.42955589
2023-07-12,446.019989,429.6950378,447.480011,444.9100037,91924500,13.53999996,75.19999695,62.34342575,96.20999908,85.68804932,27.76000023,24.14255905
2023-07-13,449.5599976,433.1054688,450.3800049,447.4500122,72425200,13.60999966,75.65000153,62.71646118,97.01000214,86.40059662,27.56999969,23.97731781
2023-07-14,449.2799988,432.8357544,451.3599854,448.4899902,69815800,13.34000015,75.09999847,62.26050186,96.52999878,85.97303772,27.62000084,24.02080345
2023-07-17,450.8399963,434.338562,451.9299927,449.0799866,52680200,13.47999954,75.23999786,62.37656784,96.69000244,86.11558533,27.59000015,23.99471092
2023-07-18,454.1900024,437.5660095,454.8599854,450.0499878,80668200,13.30000019,75.44999695,62.55064774,96.80000305,86.21351624,27.61000061,24.01210594
2023-07-19,455.2000122,438.5390625,456.4299927,454.1099854,65891700,13.76000023,75.51000214,62.60041428,97.12999725,86.50745392,27.71999931,24.10777092
2023-07-20,452.1799927,435.6295776,455.1000061,451.4400024,70591600,13.98999977,75.18000031,62.32683182,96.36000061,85.82165527,27.87999916,24.24692154
2023-07-21,452.1799927,435.6295776,454.1700134,452.1700134,71275600,13.60000038,75.37000275,62.4843483,96.44000244,85.89291382,27.95999908,24.31649399
2023-07-24,454.2000122,437.5756531,455.0400085,452.2999878,54023400,13.90999985,75.23999786,62.37656784,96.20999908,85.68804932,28.05999947,24.40346336
2023-07-25,455.4400024,438.7702637,456.7399902,453.8699951,55191200,13.85999966,75.19000244,62.33512497,96.02999878,85.52772522,28.03000069,24.37737465
2023-07-26,455.5100098,438.8376465,456.9899902,453.3800049,71052900,13.18999958,75.48999786,62.58383179,96.36000061,85.82165527,27.95000076,24.30780029
2023-07-27,452.4899902,435.9281921,459.4400024,451.5499878,92194400,14.40999985,74.88999939,62.08643341,95.30999756,84.8864975,28.20999908,24.53391647
2023-07-28,456.9200134,440.196106,457.7799988,452.4899902,80011800,13.32999992,75.31999969,62.44290924,95.62000275,85.16255951,28.17000008,24.49913216
2023-07-31,457.7900085,441.0342712,458.1600037,456.0499878,62040400,13.63000011,75.5,62.59211731,95.73999786,85.26945496,28.21999931,24.54261398
2023-08-01,456.480011,439.7722168,457.25,455.4899902,55291500,13.93000031,74.76999664,62.28226089,94.94000244,84.77120209,28.35000038,24.65567589
2023-08-02,450.1300049,433.6546326,453.519989,449.3500061,93933400,16.09000015,74.44999695,62.01569748,94.75,84.60153961,28.45000076,24.74264526
2023-08-03,448.8399963,432.4118347,450.7900085,447.3699951,64276100,15.92000008,74.20999908,61.81578064,94.05000305,83.97653961,28.43000031,24.72525024
2023-08-04,446.8099976,430.4560852,452.8999939,446.269989,100128900,17.10000038,74.65000153,62.18229294,95.05000305,84.86943054,28.29000092,24.60349464
2023-08-07,450.7099915,434.2133789,450.8699951,447.9899902,58357500,15.77000046,74.79000092,62.29890442,94.81999969,84.66407013,28.30999947,24.62088585
2023-08-08,448.75,432.3251038,450.7000122,445.269989,71361300,15.98999977,74.94999695,62.43220901,95.30000305,85.092659,28.44000053,24.73394585
2023-08-09,445.75,429.434906,449.2000122,444.9599915,78789600,15.96000004,74.95999908,62.44051361,95.36000061,85.14624023,28.45999908,24.75133896
2023-08-10,445.9100037,429.5891113,451.7000122,444.7000122,93005500,15.85000038,74.94000244,62.42386627,94.62999725,84.49440765,28.51000023,24.7948246
2023-08-11,445.6499939,429.3385925,446.7000122,443.3500061,68690900,14.84000015,74.83000183,62.33223724,94.12999725,84.04795074,28.56999969,24.84700775
2023-08-14,448.1099854,431.7085571,448.1099854,444.3800049,47867400,14.81999969,74.81999969,62.32391357,93.98000336,83.91403198,28.67000008,24.93397713
2023-08-15,442.8900146,426.6796875,446.6400146,442.2999878,75707500,16.45999908,74.58000183,62.12400436,93.80000305,83.75331116,28.68000031,24.94267273
2023-08-16,439.6400146,423.5486145,444.1799927,439.5299988,80107200,16.78000069,74.34999847,61.93242264,93.44000244,83.43188477,28.76000023,25.01224709
2023-08-17,436.2900085,420.3211975,441.4299927,435.75,95711300,17.88999939,74.04000092,61.67417526,93.31999969,83.32472992,28.75,25.00354958
2023-08-18,436.5,420.5234985,437.5700073,433.0100098,98852000,17.29999924,74.08999634,61.71582413,93.59999847,83.57475281,28.77000046,25.0209465
2023-08-21,439.3399963,423.259491,440.1099854,435.3200073,68719000,17.12999916,74.06999969,61.69916153,93.01999664,83.05686951,28.73999977,24.99485397
2023-08-22,438.1499939,422.1130676,441.1799927,437.5700073,64994200,16.96999931,74.11000061,61.73248291,93.05999756,83.09259033,28.84000015,25.08182335
2023-08-23,443.0299988,426.8144531,443.6700134,439.1000061,68441000,15.97999954,74.70999908,62.23228455,94.06999969,83.99440765,28.73999977,24.99485397
2023-08-24,436.8900146,420.8992615,445.2200012,436.8599854,88517300,17.20000076,74.30000305,61.89074326,93.72000122,83.68187714,28.96999931,25.19488144
2023-08-25,439.9700012,423.8665161,441.2999878,435,102325100,15.68000031,74.61000061,62.14896774,93.69000244,83.65510559,29.01000023,25.22966957
2023-08-28,442.7600098,426.5543518,443.3999939,439.9700012,61595400,15.07999992,74.88999939,62.38223267,93.94999695,83.88723755,28.95999908,25.18618393
2023-08-29,449.1600037,432.7200928,449.4500122,442.4599915,83081900,14.44999981,75.36000061,62.77370453,94.62000275,84.48549652,28.79999924,25.04703331
2023-08-30,451.0100098,434.5023804,451.6700134,448.7799988,69053900,13.88000011,75.33000183,62.74873734,94.61000061,84.47657013,28.75,25.00354958
2023-08-31,450.3500061,433.8665161,452.8299866,450.1600037,66084600,13.56999969,75.27999878,62.70708847,94.80000305,84.64620972,28.88999939,25.12530708
2023-09-01,451.1900024,434.6758423,453.6700134,449.6799927,58944100,13.09000015,75.06999969,62.82507706,93.98000336,84.12879181,29.06999969,25.28185081
2023-09-05,449.2399902,432.7971497,451.0599976,449.1700134,55166200,14.01000023,74.58000183,62.41500854,93.41000366,83.61856079,29.21999931,25.41230392
2023-09-06,446.2200012,429.8876953,448.5100098,443.8099976,70758500,14.44999981,74.40000153,62.26434708,93.16999817,83.40370941,29.22999954,25.42100143
2023-09-07,444.8500061,428.5679016,445.5499878,442.75,70355400,14.39999962,74.65000153,62.47357941,93.48999786,83.69017029,29.29999924,25.48187828
2023-09-08,445.519989,429.2133484,447.1099854,444.5299988,61659700,13.84000015,74.62000275,62.44847107,93.51000214,83.70807648,29.32999992,25.50797081
2023-09-11,448.4500122,432.0360718,448.769989,446.4700012,60180100,13.80000019,74.75,62.55728149,93.34999847,83.56481934,29.19000053,25.3862133
2023-09-12,445.9899902,429.6661377,448.5299988,445.3900146,67565400,14.22999954,74.62999725,62.4568367,93.48000336,83.68120575,29.23999977,25.42969894
2023-09-13,446.5100098,430.1670837,447.7099915,445.0799866,60199300,13.47999954,74.83000183,62.62421799,93.58999634,83.77970123,29.26000023,25.44709206
2023-09-14,450.3599854,433.8761292,451.0799866,447.7200012,83430800,12.81999969,74.91999817,62.69953537,93.37999725,83.59169769,29.44000053,25.60363579
2023-09-15,443.3699951,428.6487122,447.480011,442.9200134,111848900,13.78999996,74.63999939,62.46523666,93.08999634,83.3320694,29.42000008,25.58624268
2023-09-18,443.6300049,428.900116,444.9700012,442.5599976,55752200,14,74.69000244,62.507061,93.18000031,83.4126358,29.37000084,25.54275703
2023-09-19,442.7099915,428.0106201,443.2900085,439.9400024,66514600,14.10999966,74.45999908,62.31457138,92.83999634,83.10829926,29.38999939,25.56015205
2023-09-20,438.6400146,424.0758057,444.4400024,438.4299927,82562600,15.14000034,74.40000153,62.26434708,92.76999664,83.04563141,29.44000053,25.60363579
2023-09-21,431.3900146,417.0664978,435.9700012,431.230011,104095800,17.54000092,73.87000275,61.82082748,92.08000183,82.42797852,29.45999908,25.6210289
2023-09-22,430.4200134,416.1287842,434.1000061,429.9899902,100829700,17.20000076,74,61.92962646,92.44000244,82.75022888,29.53000069,25.68190956
2023-09-25,432.230011,417.8786011,432.269989,428.7200012,70874500,16.89999962,73.90000153,61.84593582,91.76000214,82.14151001,29.63999939,25.77757454
2023-09-26,425.8800049,411.739502,429.8200073,425.019989,96168400,18.94000053,73.58000183,61.57811737,91.73000336,82.11465454,29.72999954,25.85584641
2023-09-27,426.0499878,411.9038086,427.6700134,422.2900085,104705800,18.21999931,73.48000336,61.49444199,91.31999969,81.74763489,29.87000084,25.97760201
2023-09-28,428.519989,414.2918091,430.25,424.8699951,92258300,17.34000015,73.83000183,61.7873497,91.56999969,81.97142792,29.70999908,25.83845139
2023-09-29,427.480011,413.2863159,431.8500061,425.9100037,115111300,17.52000046,73.72000122,61.69526672,91.58999634,81.98930359,29.72999954,25.85584641
2023-10-02,427.3099976,413.1219482,428.6000061,424.4599915,83798600,17.61000061,72.88999939,61.32089996,90.61000061,81.32424927,29.95999908,26.05587196
2023-10-03,421.5899963,407.5919189,427.3699951,420.1799927,103760600,19.78000069,72.15000153,60.69836044,89.86000061,80.65112305,29.98999977,26.08196449
2023-10-04,424.6600037,410.559967,425.4299927,420.5599976,87453000,18.57999992,72.51999664,61.00965881,90.43000031,81.16270447,29.89999962,26.00369263
2023-10-05,424.5,410.4052734,425.3699951,421.1700134,70142700,18.48999977,72.58999634,61.06852722,90.59999847,81.31526947,29.79999924,25.91672325
2023-10-06,429.5400085,415.2779846,431.1300049,420.6000061,113273300,17.45000076,72.69000244,61.15266037,90.06999969,80.83959961,29.73999977,25.86454201
2023-10-09,432.2900085,417.936554,432.8800049,427.0100098,80374400,17.70000076,73.23000336,61.60695648,91.22000122,81.87175751,29.72999954,25.85584641
2023-10-10,434.5400085,420.1118469,437.2200012,432.5299988,78607300,17.03000069,73.20999908,61.59012222,91.04000092,81.71018982,29.65999985,25.79496574
2023-10-11,436.3200073,421.8327332,436.5799866,433.1799927,62451700,16.09000015,73.19999695,61.58171082,91.54000092,82.15893555,29.65999985,25.79496574
2023-10-12,433.6600037,419.2611389,437.3399963,431.230011,81154200,16.69000053,72.80999756,61.25362778,90.66000366,81.36914062,29.90999985,26.01238823
2023-10-13,431.5,417.1728516,436.4500122,429.8800049,95143100,19.31999969,72.75,61.20312119,91.23999786,81.88969421,29.93000031,26.02978516
2023-10-16,436.0400085,421.5621033,437.1400146,433.5700073,75433200,17.20999908,72.73000336,61.18629837,90.69999695,81.4050293,29.79999924,25.91672325
2023-10-17,436.019989,421.5427551,438.1400146,432.4500122,75324700,17.87999916,72.38999939,60.90026093,89.80999756,80.60623932,29.80999947,25.92541885
2023-10-18,430.2099915,415.9256287,435.1799927,429.0899963,93559800,19.21999931,72.04000092,60.60582352,89.38999939,80.22930145,29.92000008,26.02108574
2023-10-19,426.4299927,412.2711792,432.8200073,425.730011,121323000,21.39999962,71.77999878,60.38707733,88.94999695,79.8343811,29.82999992,25.94281578
2023-10-20,421.1900024,407.2051392,426.5400085,421.0799866,123919900,21.70999908,71.93000031,60.51326752,89.47000122,80.30110931,29.84000015,25.95151138
2023-10-23,420.4599915,406.4993591,424.4500122,417.7999878,92035100,20.37000084,72.22000122,60.75722885,89.88999939,80.67803955,29.69000053,25.82105827
2023-10-24,423.6300049,409.5641785,424.8200073,420.7399902,78564200,18.96999931,72.58999634,61.06852722,90.05000305,80.82164764,29.86000061,25.9689064
2023-10-25,417.5499878,403.6860352,421.9200134,417.019989,94223200,20.19000053,72.19999695,60.74044037,89.26000214,80.1125946,29.94000053,26.03848076
2023-10-26,412.5499878,398.8520508,417.3299866,411.6000061,115156800,20.68000031,72.44999695,60.95072937,89.94000244,80.72293854,30.01000023,26.0993576
2023-10-27,410.6799927,397.0441589,414.6000061,409.2099915,107367700,21.27000046,72.36000061,60.87503433,90.08000183,80.84858704,29.96999931,26.06456947
2023-10-30,415.5899963,401.7910767,416.6799927,412.2200012,86562700,19.75,72.37999725,60.89186096,89.77999878,80.57929993,29.85000038,25.96020699
2023-10-31,418.2000122,404.3144226,418.5299988,414.2099915,79665200,18.13999939,72.56999969,61.05168533,89.58999634,80.40877533,30.03000069,26.11675262
2023-11-01,422.6600037,408.6263733,423.5,418.6499939,98068100,16.87000084,72.87000275,61.63362503,90.37000275,81.33491516,30.04000092,26.12545013
2023-11-02,430.7600098,416.457428,430.9200134,426.5599976,94938900,15.65999985,73.69000244,62.32717514,90.93000031,81.83891296,29.88999939,25.99499512
2023-11-03,434.6900024,420.256897,436.2900085,433.0100098,100167800,14.90999985,74.41000366,62.93614197,91.62999725,82.46891785,29.61000061,25.75148392
2023-11-06,435.6900024,421.2237244,436.1499939,433.6799927,67831700,14.89000034,74.11000061,62.68239594,91.09999847,81.99191284,29.63999939,25.77757454
2023-11-07,436.9299927,422.4224854,437.5899963,434.5100098,64256100,14.81000042,74.12000275,62.69085693,91.62000275,82.45994568,29.73999977,25.86454201
2023-11-08,437.25,422.7319031,438.0899963,434.8699951,61746000,14.44999981,74.16000366,62.72471237,91.98999786,82.79290771,29.72999954,25.85584641
2023-11-09,433.8399963,419.4351501,438.4700012,433.3999939,83174400,15.28999996,73.69999695,62.33563614,91.08000183,81.97394562,29.86000061,25.9689064
2023-11-10,440.6099854,425.9803162,440.9299927,433.8299866,89462200,14.17000008,74.05999756,62.64011383,91.18000031,82.06393433,29.84000015,25.95151138
2023-11-13,440.1900024,425.5742493,441.3299866,438.4200134,52236100,14.76000023,73.98999786,62.58091354,91.12999725,82.01892853,29.79999924,25.91672325
2023-11-14,448.730011,433.830719,450.0599976,446.0899963,97176900,14.15999985,74.73999786,63.215271,92.5,83.2519455,29.32999992,25.50797081
2023-11-15,449.6799927,434.749176,451.3800049,448.7999878,77327600,14.18000031,74.5,63.01227951,91.77999878,82.6039505,29.44000053,25.60363579
2023-11-16,450.230011,435.2809448,450.5599976,448.1199951,66665800,14.31999969,74.59999847,63.09683228,92.47000122,83.22497559,29.45999908,25.6210289
2023-11-17,450.7900085,435.8223267,451.4200134,449.2900085,83133200,13.80000019,74.76999664,63.24061584,92.52999878,83.27895355,29.29999924,25.48187828
2023-11-20,454.2600098,439.1770935,455.1300049,450.519989,69936200,13.40999985,74.84999847,63.30827713,92.66000366,83.39598083,29.20999908,25.40360641
2023-11-21,453.269989,438.2199707,454.1300049,451.9599915,49244600,13.35000038,74.94999695,63.39289474,92.77999878,83.50395966,29.23999977,25.42969894
2023-11-22,455.019989,439.9119263,456.3800049,453.8900146,59394900,12.85000038,75.08000183,63.50285339,92.75,83.47696686,29.34000015,25.51666641
2023-11-24,455.2999878,440.1825867,455.5,454.730011,29737400,12.46000004,75,63.43517685,92.26999664,83.04495239,29.20999908,25.40360641
2023-11-27,454.480011,439.3898315,455.4899902,454.0799866,50506000,12.68999958,75.11000061,63.52819824,92.97000122,83.67497253,29.14999962,25.35142517
2023-11-28,454.9299927,439.8249207,456.269989,453.5,62115000,12.68999958,75.44000244,63.80732346,93.37999725,84.04397583,29.04999924,25.2644558
2023-11-29,454.6099854,439.5155029,458.3200073,454.2000122,63146000,12.97999954,75.84999847,64.15409851,93.87000275,84.48497772,29.07999992,25.29054832
2023-11-30,456.3999939,441.2460327,456.7600098,453.3399963,79752700,12.92000008,75.70999908,64.03569031,93.41000366,84.07099152,29.29000092,25.47318459
2023-12-01,459.1000061,443.8564148,459.6499939,455.1600037,89183400,12.63000011,75.98999786,64.56585693,94.04000092,84.86420441,29.20000076,25.39491081
2023-12-04,456.6900024,441.5263977,459.1199951,454.3399963,72430900,13.07999992,75.80000305,64.40444946,93.65000153,84.51225281,29.32999992,25.50797081
2023-12-05,456.6000061,441.4394226,457.5899963,454.8699951,69793500,12.85000038,75.87000275,64.46392059,94.30999756,85.10788727,29.44000053,25.60363579
2023-12-06,454.7600098,439.660553,458.8399963,454.3099976,69124700,12.97000027,75.87999725,64.47240448,94.69999695,85.45980072,29.51000023,25.66451454
2023-12-07,458.230011,443.0153198,458.8999939,456.2900085,66995400,13.06000042,76.01000214,64.582901,94.55999756,85.33348083,29.35000038,25.52536392
2023-12-08,460.2000122,444.9199219,460.75,457.2099915,83194400,12.35000038,75.86000061,64.45542908,93.94999695,84.7829895,29.45999908,25.6210289
2023-12-11,461.9899902,446.6504517,462.1700134,459.4700012,65002200,12.63000011,75.80999756,64.41293335,93.95999908,84.79198456,29.5,25.65581703
2023-12-12,464.1000061,448.6904297,464.2000122,460.6000061,68327600,12.06999969,75.98000336,64.55738068,94.16000366,84.9724884,29.42000008,25.58624268
2023-12-13,470.5,454.8779602,470.7600098,464.1199951,93278000,12.18999958,77.13999939,65.54299927,95.55999756,86.23590851,29.17000008,25.36882019
2023-12-14,472.0100098,456.3377686,473.730011,469.25,119026000,12.47999954,77.09999847,65.8324585,96.06999969,86.95274353,28.89999962,25.13400269
2023-12-15,469.3299866,455.5864563,470.7000122,467.4299927,141553700,12.27999973,76.93000031,65.68729401,95.98999786,86.88031006,29.09000015,25.29924393
2023-12-18,471.9700012,458.1491089,472.980011,469.8900146,70375300,12.56000042,76.98000336,65.72998047,95.77999878,86.69023895,27.34000015,25.29554367
2023-12-19,474.8399963,460.9350891,474.9200134,472.4500122,55761800,12.52999973,77.19999695,65.91783905,95.95999908,86.85317993,27.21999931,25.18451691
2023-12-20,468.2600098,454.5477905,475.8999939,467.8200073,102921000,13.67000008,77.20999908,65.92637634,96.43000031,87.27857971,27.34000015,25.29554367
2023-12-21,472.7000122,458.8577881,472.980011,468.8399963,86667500,13.64999962,77.55999756,66.22522736,96.27999878,87.1428299,27.15999985,25.12900352
2023-12-22,473.6499939,459.7799683,475.3800049,471.7000122,67160400,13.02999973,77.47000122,66.14837646,96.19000244,87.06134033,27.14999962,25.11975098
2023-12-26,475.6499939,461.721344,476.5799866,473.9899902,55387000,12.98999977,77.62000275,66.27643585,96.25,87.11564636,27.09000015,25.06423759
2023-12-27,476.5100098,462.5561829,476.6600037,474.8900146,68000300,12.43000031,77.94000244,66.54968262,97,87.79445648,26.95000076,24.93470955
2023-12-28,476.6900024,462.7309265,477.5499878,476.2600098,77158100,12.47000027,77.69000244,66.33622742,96.62999725,87.45959473,27.04000092,25.01797867
2023-12-29,475.3099976,461.3912964,477.0299988,473.2999878,122283100,12.44999981,77.38999939,66.0800705,96.38999939,87.24238586,27.09000015,25.06423759
2024-01-02,472.6499939,458.8091736,473.6700134,470.4899902,123623700,13.19999981,77.12999725,65.858078,96.02999878,86.91653442,27.31999969,25.27703857
2024-01-03,468.7900085,455.0622253,471.1900024,468.1700134,103585900,14.03999996,76.91999817,65.67874908,96.26000214,87.12469482,27.40999985,25.3603096
2024-01-04,467.2799988,453.5964661,470.9599915,467.0499878,84232200,14.13000011,76.62000275,65.42259979,95.68000031,86.59973145,27.40999985,25.3603096
2024-01-05,467.9200134,454.2177429,470.4400024,466.4299927,86118900,13.35000038,76.68000031,65.47383118,95.33000183,86.28296661,27.40999985,25.3603096
2024-01-08,474.6000061,460.7021179,474.75,468.2999878,74879100,13.07999992,77.11000061,65.84098053,95.65000153,86.57259369,27.36000061,25.31404877
2024-01-09,473.8800049,460.0032043,474.9299927,471.3500061,65931400,12.76000023,77.23000336,65.94346619,95.61000061,86.53640747,27.45000076,25.39731789
2024-01-10,476.5599976,462.6046753,477.4500122,473.8699951,67310600,12.68999958,77.37000275,66.06298828,95.45999908,86.40062714,27.39999962,25.35105705
2024-01-11,476.3500061,462.4009094,478.1199951,472.2600098,77940700,12.43999958,77.62000275,66.27643585,95.97000122,86.86220551,27.42000008,25.36956024
2024-01-12,476.6799927,462.7211914,478.6000061,475.230011,58026400,12.69999981,77.69999695,66.34477234,96.23000336,87.09757996,27.45000076,25.39731789
2024-01-16,474.9299927,461.0224609,476.6099854,473.0599976,85014900,13.84000015,77.20999908,65.92637634,95.44999695,86.3915863,27.69000053,25.61937141
2024-01-17,472.2900085,458.4597778,472.7900085,469.8699951,68843900,14.78999996,76.87999725,65.64460754,95.13999939,86.1109848,27.70999908,25.6378746
2024-01-18,476.4899902,462.5367432,477.0599976,472.4200134,91856200,14.13000011,77.04000092,65.78121948,94.93000031,85.92092896,27.73999977,25.66563225
2024-01-19,482.4299927,468.3027649,482.7200012,476.5400085,110834500,13.30000019,77.16999817,65.89224243,94.94000244,85.92997742,27.70000076,25.62862396
2024-01-22,483.4500122,469.2929077,485.2200012,482.7799988,75844900,13.18999958,77.23000336,65.94346619,95.23000336,86.19245148,27.70999908,25.6378746
2024-01-23,484.8599854,470.6616821,485.1099854,482.8900146,49945300,12.55000019,77.13999939,65.86660767,94.98999786,85.97524261,27.78000069,25.70264053
2024-01-24,485.3900146,471.176178,488.769989,484.8800049,81765000,13.14000034,77.09999847,65.8324585,94.72000122,85.73085022,27.70000076,25.62862396
2024-01-25,488.0299988,473.7388611,488.3099976,485.3900146,72525000,13.44999981,77.69000244,66.33622742,95.12999725,86.10194397,27.78000069,25.70264053
2024-01-26,487.4100037,473.1369934,489.1199951,486.5400085,76641600,13.26000023,77.62999725,66.28498077,94.95999908,85.94807434,27.78000069,25.70264053
2024-01-29,491.269989,476.8839722,491.4200134,487.1700134,61322800,13.60000038,77.80000305,66.43012238,95.52999878,86.46395874,27.78000069,25.70264053
2024-01-30,490.8900146,476.5151367,491.6199951,490.1099854,58618400,13.31000042,77.69999695,66.34477234,95.66000366,86.58165741,27.76000023,25.68413734
2024-01-31,482.8800049,468.7396851,489.0799866,482.8599854,126011100,14.35000038,77.48000336,66.1568985,96.45999908,87.30570221,27.82999992,25.74890137
2024-02-01,489.2000122,474.8746033,489.230011,483.7999878,91891600,13.88000011,77.54000092,66.53793335,96.81999969,87.84647369,27.69000053,25.61937141
2024-02-02,494.3500061,479.8737793,496.0499878,489.2999878,99228200,13.85000038,77.19000244,66.2375946,95.55999756,86.7032547,27.94000053,25.85067749
2024-02-05,492.5499878,478.1265259,494.3800049,490.230011,75757100,13.67000008,76.83000183,65.92867279,94.62999725,85.85945129,28.09000015,25.98945999
2024-02-06,493.980011,479.5146179,494.3200073,492.0499878,55918600,13.06000042,77.11000061,66.16893005,95.13999939,86.32217407,28.01000023,25.91544151
2024-02-07,498.1000061,483.5139465,498.5299988,495.3599854,70556500,12.82999992,77.23999786,66.28048706,94.97000122,86.16794586,27.97999954,25.88768578
2024-02-08,498.3200073,483.7275085,498.7099915,497.2600098,52343600,12.78999996,77.19999695,66.24613953,94.66000366,85.88669586,28.01000023,25.91544151
2024-02-09,501.2000122,486.5232239,501.6499939,498.4899902,63979400,12.93000031,77.36000061,66.38344574,94.48999786,85.73245239,27.98999977,25.89693642
2024-02-12,500.980011,486.3096008,503.5,500.2399902,56502300,13.93000031,77.19000244,66.2375946,94.58000183,85.81407928,28.02000046,25.92469406
2024-02-13,494.0799866,479.6116638,497.0899963,490.7200012,113099200,15.85000038,76.56999969,65.70555115,93.54000092,84.87047577,28.23999977,26.12824249
2024-02-14,498.5700073,483.9702148,499.0700073,494.3999939,68387800,14.38000011,76.87000275,65.96298218,93.88999939,85.18802643,28.19000053,26.08198166
2024-02-15,502.0100098,487.3095093,502.2000122,498.7999878,61683000,14.01000023,77.13999939,66.19467163,94.15000153,85.42395782,28.07999992,25.98020744
2024-02-16,499.5100098,484.8826904,502.8699951,498.75,75532900,14.23999977,76.91000366,65.99731445,93.73999786,85.05194855,28.09000015,25.98945999
2024-02-20,496.7600098,482.2132263,498.4100037,494.4500122,71736700,15.42000008,77.06999969,66.13460541,93.90000153,85.19710541,28.04999924,25.9524498
2024-02-21,497.2099915,482.6500244,497.3699951,493.5599976,59293400,15.34000015,76.93000031,66.0144577,93.59999847,84.92489624,28.02000046,25.92469406
2024-02-22,507.5,492.6387024,508.4899902,503.019989,76402500,14.53999996,77.30000305,66.33196259,93.61000061,84.93399048,28.02000046,25.92469406
2024-02-23,507.8500061,492.9784241,510.1300049,507.1000061,61321800,13.75,77.34999847,66.37485504,94.04000092,85.3241272,28.04000092,25.94319916
2024-02-26,505.9899902,491.1729126,508.75,505.8599854,50386700,13.73999977,77.09999847,66.16035461,93.90000153,85.19710541,27.98999977,25.89693642
2024-02-27,506.9299927,492.0853271,507.1600037,504.75,48854500,13.43000031,77.19999695,66.24613953,93.69000244,85.00658417,28.01000023,25.91544151
2024-02-28,506.2600098,491.4349976,506.8599854,504.9599915,56506600,13.84000015,77.19000244,66.2375946,94.02999878,85.31507874,28.03000069,25.93394852
2024-02-29,508.0799866,493.2016602,509.7399902,505.3500061,83924800,13.39999962,77.33000183,66.35771942,94.22000122,85.48748016,28.09000015,25.98945999
2024-03-01,512.8499756,497.8320007,513.289978,508.5599976,76844800,13.10999966,77.18000031,66.60623169,94.40000153,85.87772369,28.04000092,25.94319916
2024-03-04,512.2999878,497.2981567,514.2000122,512,49799300,13.48999977,77.16000366,66.58899689,94.19000244,85.68666077,28.04000092,25.94319916
2024-03-05,507.1799927,492.328064,510.7000122,504.9100037,72855600,14.46000004,77.09999847,66.53722382,94.76999664,86.21431732,28.01000023,25.91544151
2024-03-06,509.75,494.8227844,512.0700073,508.4200134,68382400,14.5,77.29000092,66.70122528,95,86.4235611,27.90999985,25.82291985
2024-03-07,514.8099976,499.7346497,515.8900146,509.8099976,58652100,14.43999958,77.37999725,66.77885437,95.16000366,86.56912231,27.77000046,25.69338989
2024-03-08,511.7200012,496.7351074,518.2199707,511.1300049,86532500,14.73999977,77.40000153,66.79615021,95.23000336,86.63279724,27.78000069,25.70264053
2024-03-11,511.2799988,496.3080444,511.8800049,508.5,62557200,15.22000027,77.38999939,66.78749084,95.11000061,86.52362061,27.80999947,25.73039627
2024-03-12,516.7800293,501.6470032,517.3800049,510.8599854,73114400,13.84000015,77.45999908,66.84790802,94.72000122,86.16883087,27.82999992,25.74890137
2024-03-13,515.9699707,500.8605957,517.289978,514.4899902,55104100,13.75,77.48999786,66.87378693,94.51000214,85.97780609,27.79999924,25.72114563
2024-03-14,514.9500122,499.8705139,517.1300049,511.8200073,110171800,14.39999962,77.12000275,66.55448914,93.80999756,85.34099579,27.95000076,25.85993004
2024-03-15,509.8299866,496.4382019,511.7000122,508.1199951,107646300,14.40999985,77.06999969,66.51132965,93.65000153,85.19541931,27.97999954,25.88768578
2024-03-18,512.8599854,499.3885498,515.4799805,512.4400024,88893300,14.32999992,77.25,66.66664124,93.54000092,85.09534454,28.04000092,25.94319916
2024-03-19,515.710022,502.1636353,516,511.1199951,60755300,13.81999969,77.55999756,66.93417358,93.80999756,85.34099579,28.11000061,26.00796318
2024-03-20,520.4799805,506.8083496,520.6199951,515.0800171,69594600,13.03999996,77.81999969,67.15857697,94.02999878,85.54112244,27.97999954,25.88768578
2024-03-21,522.2000122,508.4832458,524.1099854,521.9099731,60256100,12.92000008,77.77999878,67.12404633,94.04000092,85.55020905,28.17000008,26.06347656
2024-03-22,521.210022,507.5192261,522.6099854,520.9699707,79070800,13.06000042,77.69999695,67.05501556,94.5,85.96868134,28.31999969,26.20225906
2024-03-25,519.7700195,506.1170959,520.9500122,519.6099854,48512100,13.18999958,77.58000183,66.95146942,94.25,85.74124908,28.25,26.13749504
2024-03-26,518.8099976,505.1822205,521.5800171,518.4000244,65463700,13.23999977,77.48999786,66.87378693,94.38999939,85.86862183,28.27000046,26.15600014
2024-03-27,523.1699829,509.4276428,523.210022,519.4899902,82999800,12.77999973,77.90000153,67.22762299,94.75,86.19612122,28.29000092,26.17450333
2024-03-28,523.0700073,509.3303223,524.6099854,522.7800293,96294900,13.01000023,77.73000336,67.08090973,94.66000366,86.11427307,28.37000084,26.2485218
2024-04-01,522.1599731,508.4442444,524.3800049,520.9699707,62477500,13.64999962,77.01999664,66.80769348,93.52999878,85.33507538,28.47999954,26.35029602
2024-04-02,518.8400269,505.2115479,518.9799805,516.4799805,74230300,14.60999966,76.88999939,66.69493103,93.33000183,85.15261841,28.44000053,26.31328773
2024-04-03,519.4099731,505.7663574,520.9500122,517.6699829,59155800,14.32999992,76.94999695,66.74694824,93.44000244,85.25296783,28.30999947,26.19300842
2024-04-04,513.0700073,499.5930481,523.8699951,512.7600098,96858100,16.35000038,76.88999939,66.69493103,93.76000214,85.5449295,28.30999947,26.19300842
2024-04-05,518.4299927,504.8121338,520.4400024,514.0100098,74546500,16.03000069,76.81999969,66.63418579,93.13999939,84.97921753,28.34000015,26.22076607
2024-04-08,518.7199707,505.0945435,520.1799927,517.8900146,48401800,15.18999958,77,66.79031372,92.93000031,84.78766632,28.29999924,26.18375587
2024-04-09,519.3200073,505.678894,520.75,514.3499756,68049200,14.97999954,77.16000366,66.92910767,93.30000305,85.12523651,28.29000092,26.17450333
2024-04-10,514.1199951,500.6154785,516.1599731,512.0900269,82652800,15.80000019,76.48000336,66.33927155,92.05999756,83.99388123,28.59000015,26.45207024
2024-04-11,518,504.3934937,519.4799805,512.0800171,70099000,14.90999985,76.41000366,66.27857208,91.93000031,83.87524414,28.61000061,26.47057533
2024-04-12,510.8500061,497.4313049,515.8200073,509.0799866,92561100,17.30999947,76.37000275,66.24388123,92.30999756,84.22196198,28.84000015,26.68337631
2024-04-15,504.4500122,491.1994629,515.2999878,503.5799866,92101400,19.22999954,75.93000031,65.86219025,91.72000122,83.68367767,28.88999939,26.72963524
2024-04-16,503.5299988,490.3036194,506.5,502.2099915,73484000,18.39999962,75.68000031,65.64533997,91.36000061,83.35520935,28.93000031,26.76664543
2024-04-17,500.5499878,487.401886,506.2200012,499.1199951,75910300,18.20999908,75.77999878,65.73209381,91.94000244,83.88437653,28.84000015,26.68337631
2024-04-18,499.519989,486.3988953,504.1300049,498.5599976,74548100,18,75.83999634,65.78413391,91.62000275,83.59243011,28.89999962,26.73888969
2024-04-19,495.1600037,482.1535034,500.4599915,493.8599854,102212600,18.70999908,75.98000336,65.90557861,91.73999786,83.70191193,28.89999962,26.73888969
2024-04-22,499.7200012,486.5937195,502.3800049,495.4299927,67961000,16.94000053,76.40000153,66.26988983,91.75,83.71102142,28.90999985,26.74814034
2024-04-23,505.6499939,492.3679199,506.0899963,499.5299988,64633600,15.68999958,76.70999908,66.53879547,91.87000275,83.82053375,28.79000092,26.63711548
2024-04-24,505.4100037,492.1342163,507.3699951,503.1300049,55928100,15.97000027,76.54000092,66.39134216,91.58999634,83.56507111,28.81999969,26.66487122
2024-04-25,503.4899902,490.2646484,504.269989,497.4899902,69122400,15.36999989,76.37999725,66.2525177,91.23999786,83.24571991,28.76000023,26.60935783
2024-04-26,508.2600098,494.9093933,509.8800049,505.7000122,64306100,15.02999973,76.62000275,66.46073151,91.48999786,83.47381592,28.88999939,26.72963524
2024-04-29,510.0599976,496.6621094,510.75,507.25,46415400,14.67000008,76.84999847,66.66021729,91.86000061,83.81138611,28.79999924,26.64636612
2024-04-30,501.980011,488.794342,509.5599976,501.980011,77483600,15.64999962,76.29000092,66.17447662,91.43000031,83.41908264,28.97999954,26.81290627
2024-05-01,500.3500061,487.2071533,508.1900024,499.8699951,80242800,15.39000034,76.29000092,66.52326965,91.51999664,83.7494278,28.95000076,26.78515053
2024-05-02,505.0299988,491.7642212,505.8900146,499.5499878,62550200,14.68000031,76.76000214,66.93309784,91.94999695,84.14289093,28.72999954,26.58160019
2024-05-03,511.2900085,497.8598022,512.5499878,508.5599976,72756700,13.48999977,77.08000183,67.21213531,92.45999908,84.60959625,28.64999962,26.50758171
2024-05-06,516.5700073,503.0010681,516.6099854,513.2999878,47264700,13.48999977,77.16999817,67.29061127,92.54000092,84.68280792,28.68000031,26.53533936
2024-05-07,517.1400146,503.5561523,518.5700073,516.4500122,52561300,13.22999954,77.18000031,67.29930878,92.77999878,84.90245819,28.76000023,26.60935783
2024-05-08,517.1900024,503.6047668,517.7399902,515.1400146,42047200,13,77,67.14234924,92.51999664,84.66451263,28.79999924,26.64636612
2024-05-09,520.1699829,506.5065002,520.210022,516.710022,43643700,12.68999958,77.01999664,67.15981293,92.80000305,84.92073822,28.70000076,26.55384445
2024-05-10,520.8400269,507.1589661,522.6400146,519.5900269,52233200,12.55000019,76.90000153,67.05516052,92.5,84.64622498,28.73999977,26.59085274
2024-05-13,520.9099731,507.2270813,522.6699829,519.7399902,36716400,13.60000038,76.87999725,67.03770447,92.61000061,84.74685669,28.72999954,26.58160019
2024-05-14,523.2999878,509.5543213,523.8300171,520.5599976,57535900,13.42000008,77,67.14234924,92.87999725,84.99393463,28.67000008,26.52608871
2024-05-15,529.7800293,515.8641357,530.0800171,525.1799927,59504900,12.44999981,77.44999695,67.53475189,93.58000183,85.63451385,28.48999977,26.35954857
2024-05-16,528.6900024,514.8026733,531.5200195,528.539978,50244800,12.42000008,77.26999664,67.37780762,93.40000153,85.46980286,28.55999947,26.42431259
2024-05-17,529.4500122,515.5427246,529.5200195,527.3200073,59187600,11.98999977,77.27999878,67.38652039,93.11000061,85.20442963,28.55999947,26.42431259
2024-05-20,530.0599976,516.1367188,531.5599976,529.1699829,37764200,12.14999962,77.31999969,67.42140198,92.97000122,85.0763092,28.60000038,26.46132278
2024-05-21,531.3599854,517.4026489,531.5200195,529.0700073,33437000,11.85999966,77.26000214,67.36908722,93.20999908,85.29589844,28.60000038,26.46132278
2024-05-22,529.8300171,515.9128418,531.3800049,527.5999756,48390000,12.28999996,77.08999634,67.22083282,93.08999634,85.18611908,28.69000053,26.54459381
2024-05-23,525.960022,512.1444702,533.0700073,524.7199707,57211200,12.77000046,76.81999969,66.98539734,92.76000214,84.88414001,28.75,26.60010719
2024-05-24,529.4400024,515.5331421,530.2700195,526.8800049,41291100,11.93000031,77.08999634,67.22083282,92.87999725,84.99393463,28.65999985,26.51683617
2024-05-28,529.8099976,515.8933105,530.5100098,527.1099854,36269600,12.92000008,76.77999878,66.95051575,92.36000061,84.51810455,28.62000084,26.47982788
2024-05-29,526.0999756,512.2807007,527.3099976,525.3699951,45190300,14.27999973,76.55000305,66.74997711,91.91000366,84.10630035,28.78000069,26.62786293
2024-05-30,522.6099854,508.8823547,525.2000122,521.3300171,46377600,14.47000027,76.86000061,67.02028656,92.37000275,84.52723694,28.69000053,26.54459381
2024-05-31,527.3699951,513.5175171,527.5,518.3599854,90785800,12.92000008,77.12999725,67.25571442,92.80000305,84.92073822,28.67000008,26.52608871
2024-06-03,527.7999878,513.9360962,529.3099976,522.5999756,46835700,13.10999966,77.01000214,67.46421814,93.12999725,85.47694397,28.52000046,26.38730431
2024-06-04,528.3900146,514.5106201,529.1500244,524.960022,34632700,13.15999985,76.97000122,67.42918396,93.63999939,85.94506073,28.53000069,26.39655685
2024-06-05,534.6699829,520.6256714,534.6900024,528.7299805,47610400,12.63000011,77.22000122,67.64818573,93.98000336,86.25709534,28.56999969,26.43356705
2024-06-06,534.6599731,520.6158447,535.4199829,532.6799927,30808500,12.57999992,77.08999634,67.53430176,93.94000244,86.22040558,28.53000069,26.39655685
2024-06-07,534.0100098,519.9829712,536.8900146,532.539978,43224500,12.22000027,76.88999939,67.35910034,92.94999695,85.31172943,28.77000046,26.61861038
2024-06-10,535.6599731,521.5896606,535.9899902,532.5700073,35686100,12.73999977,76.95999908,67.42042542,92.75,85.1281662,28.84000015,26.68337631
2024-06-11,536.9500122,522.8457642,537.0100098,532.0499878,36383400,12.85000038,77.05999756,67.50801086,93.23999786,85.57789612,28.87999916,26.7203846
2024-06-12,541.3599854,527.1399536,544.1199951,540.2999878,63251300,12.03999996,77.37000275,67.77959442,93.76000214,86.05518341,28.75,26.60010719
2024-06-13,542.4500122,528.2012329,543.3300171,539.5900269,44760900,11.93999958,77.36000061,67.77082062,94.37999725,86.62423706,28.86000061,26.7018795
2024-06-14,542.7800293,528.522583,542.8099976,539.8499756,40089900,12.65999985,77.05999756,67.50801086,94.59999847,86.82615662,28.98999977,26.82215881
2024-06-17,547.0999756,532.729126,548.5300293,541.6099854,55839500,12.75,77.11000061,67.55182648,94.16000366,86.42230225,28.92000008,26.75739288
2024-06-18,548.4899902,534.0826416,548.6199951,546.7299805,41376400,12.30000019,77.34999847,67.76205444,94.56999969,86.79860687,28.90999985,26.74814034
2024-06-20,547,532.6317139,550.1199951,545.1799927,70328200,13.27999973,77.30000305,67.71826172,94.33000183,86.57833862,29.03000069,26.85916901
2024-06-21,544.5100098,531.9177246,545.6500244,543.0200195,64338600,13.19999981,77.38999939,67.79711151,94.34999847,86.59668732,29.10000038,26.92393303
2024-06-24,542.7399902,530.1885986,546.9500122,542.6199951,45528700,13.32999992,77.30999756,67.72703552,94.43000031,86.67010498,29,26.83141136
2024-06-25,544.8300171,532.2302856,545.2000122,542.4400024,37936200,12.84000015,77.41000366,67.81463623,94.51000214,86.74354553,29.03000069,26.85916901
2024-06-26,545.5100098,532.8945923,546.2399902,543.0300293,38550600,12.55000019,77.23999786,67.66571808,93.94000244,86.22040558,29.17000008,26.98869705
2024-06-27,546.3699951,533.7346802,546.960022,544.6099854,35041500,12.23999977,77.33000183,67.74456787,94.15000153,86.41313934,29.12999916,26.95168877
2024-06-28,544.2199707,531.6343994,550.2800293,542.9500122,76144500,12.43999958,77.13999939,67.57810211,93.65000153,85.95422363,29.12999916,26.95168877
2024-07-01,545.3400269,532.7284546,545.8800049,542.5200195,40297800,12.22000027,76.72000122,67.56490326,92.66999817,85.31438446,29.13999939,26.96094131
2024-07-02,549.0100098,536.3137207,549.0100098,543.6500244,40434800,12.02999973,76.93000031,67.74982452,93.01999664,85.63660431,29.10000038,26.92393303
2024-07-03,551.460022,538.7070923,551.8300171,548.6500244,32789900,12.09000015,77.19999695,67.98762512,93.63999939,86.2073822,28.97999954,26.81290627
2024-07-05,554.6400146,541.8134155,555.0499878,551.1199951,41488400,12.47999954,77.43000031,68.19017029,94.16000366,86.68610382,28.87999916,26.7203846
2024-07-08,555.2800293,542.4387207,556.25,554.1900024,36110500,12.36999989,77.41000366,68.17255402,94.19000244,86.7137146,28.93000031,26.76664543
2024-07-09,555.8200073,542.9661255,557.1799927,555.5200195,27289700,12.51000023,77.31999969,68.09329987,94.05999756,86.59403229,28.96999931,26.80365372
2024-07-10,561.3200073,548.3389282,561.6699829,556.7700195,38701200,12.85000038,77.5,68.25182343,94.15000153,86.67690277,28.94000053,26.77589798
2024-07-11,556.4799805,543.6108398,562.3300171,555.8300171,53054200,12.92000008,77.77999878,68.4983902,94.75,87.22927856,28.79000092,26.63711548
2024-07-12,559.9899902,547.0397339,563.6699829,557.1500244,53084400,12.46000004,77.98000336,68.67453766,94.94999695,87.41339874,28.69000053,26.54459381
2024-07-15,561.5300293,548.5440674,564.8400269,559.6300049,40584300,13.11999989,77.98999786,68.68336487,94.65000153,87.13721466,28.73999977,26.59085274
2024-07-16,564.8599854,551.7970581,565.1599731,562.0999756,36475300,13.18999958,78.29000092,68.94755554,95.06999969,87.52388763,28.73999977,26.59085274
2024-07-17,556.9400024,544.0601807,560.5100098,556.6099854,57119000,14.47999954,78.19999695,68.86830139,95.15000153,87.59753418,28.61000061,26.47057533
2024-07-18,552.6599731,539.8792114,559.5200195,550.4299927,56270400,15.93000031,78.04000092,68.7273941,94.87999725,87.34897614,28.73999977,26.59085274
2024-07-19,548.9899902,536.2941895,554.0800171,547.9099731,65509100,16.52000046,77.98000336,68.67453766,94.58000183,87.07276154,28.81999969,26.66487122
2024-07-22,554.6500244,541.8232422,555.2700195,551.0200195,43346700,14.90999985,78.26999664,68.9299469,94.48999786,86.98991394,28.79999924,26.64636612
2024-07-23,553.7800293,540.9733276,556.7399902,553.2800293,34439600,14.72000027,78.27999878,68.93874359,94.55999756,87.05435181,28.85000038,26.69262886
2024-07-24,541.2299805,528.713562,549.1699829,540.289978,74515300,18.04000092,78.02999878,68.71858978,94.34999847,86.86104584,28.84000015,26.68337631
2024-07-25,538.4099731,525.9588013,547.460022,537.4500122,61158300,18.45999908,78.04000092,68.7273941,94.55999756,87.05435181,28.84000015,26.68337631
2024-07-26,544.4400024,531.8493042,547.1900024,541.4899902,53763800,16.38999939,78.29000092,68.94755554,95.01000214,87.46865845,28.81999969,26.66487122
2024-07-29,544.7600098,532.1618652,547.0499878,542.7199707,39515800,16.60000038,78.22000122,68.88591003,95.16999817,87.61594391,28.89999962,26.73888969
2024-07-30,542,529.4657593,547.3400269,538.5200195,46853600,17.69000053,78.26000214,68.92111969,95.37000275,87.80007935,28.92000008,26.75739288
2024-07-31,550.8099976,538.0720215,553.5,547.5800171,65663400,16.36000061,78.54000092,69.16771698,96.06999969,88.44451141,28.76000023,26.60935783
2024-08-01,543.0100098,530.4523926,554.8699951,539.4299927,76428700,18.59000015,77.95999908,69.01634216,96.19000244,88.82217407,28.86000061,26.7018795
2024-08-02,532.9000244,520.5762329,536.9899902,528.5999756,82789100,23.38999939,77.69999695,68.7861557,97.68000031,90.19805908,28.56999969,26.43356705
2024-08-05,517.3800049,505.4151306,523.5800171,510.269989,146267400,38.56999969,77.22000122,68.36122131,97.77999878,90.29039764,28.40999985,26.28553009
2024-08-06,522.1500244,510.0747681,529.75,517.8699951,84826300,27.70999908,77.51000214,68.61795807,96.91000366,89.48703766,28.5,26.36879921
2024-08-07,518.6599731,506.6653748,531.5900269,518.0499878,70698300,27.85000038,77.66000366,68.75076294,96.55999756,89.16383362,28.55999947,26.42431259
2024-08-08,530.6500244,518.3782959,531.289978,521.8400269,63276600,23.79000092,77.98000336,69.03404236,96.26999664,88.89603424,28.60000038,26.46132278
2024-08-09,532.9899902,520.6640625,534.5100098,528.5599976,45619600,20.37000084,77.97000122,69.025177,96.66000366,89.25617981,28.56999969,26.43356705
2024-08-12,533.2700195,520.9377441,535.7299805,530.9500122,42542100,20.70999908,78.01999664,69.06942749,96.93000031,89.50551605,28.56999969,26.43356705
2024-08-13,542.039978,529.5047607,542.2800293,536.2800293,52333100,18.12000084,78.37999725,69.38814545,97.36000061,89.90254974,28.42000008,26.29478264
2024-08-14,543.75,531.175293,544.960022,540.1199951,42446900,16.19000053,78.51999664,69.51209259,97.48999786,90.02262878,28.45000076,26.32254028
2024-08-15,553.0700073,540.2797241,553.3599854,548.8800049,60846800,15.22999954,78.58999634,69.57405853,96.87999725,89.45932007,28.54999924,26.41506004
2024-08-16,554.3099976,541.4910278,555.0200195,551.2600098,44430700,14.80000019,78.83999634,69.79537964,97.06999969,89.63476562,28.40999985,26.28553009
2024-08-19,559.6099854,546.6685181,559.6099854,553.8599854,39121800,14.64999962,78.97000122,69.91046906,97.19999695,89.75481415,28.26000023,26.14674759
2024-08-20,558.7000122,545.77948,560.8400269,557.3300171,33732300,15.88000011,78.90000153,69.84846497,97.58999634,90.11495209,28.15999985,26.05422592
2024-08-21,560.6199951,547.6551514,562.1099854,554.7299805,41514600,16.27000046,79.08000183,70.00784302,97.79000092,90.29965973,28.06999969,25.9709549
2024-08-22,556.2199707,543.3569336,563.1799927,554.9799805,56121500,17.54999924,78.98000336,69.91931915,97.33999634,89.88408661,28.20000076,26.09123421
2024-08-23,562.1300049,549.1300659,563.0900269,557.289978,50639400,15.85999966,79.40000153,70.2911377,97.79000092,90.29965973,27.95999908,25.86917877
2024-08-26,560.789978,547.821167,563.9099731,559.0499878,35788600,16.14999962,79.23999786,70.14949036,97.66999817,90.18880463,28.02000046,25.92469406
2024-08-27,561.5599976,548.5734253,562.0599976,558.3200073,32693900,15.43000031,79.29000092,70.19374847,97.62999725,90.15189362,27.93000031,25.84142303
2024-08-28,558.2999878,545.3887329,561.6500244,555.039978,41066000,17.11000061,79.25,70.15833282,97.58000183,90.10569,28.09000015,25.98945999
2024-08-29,558.3499756,545.437561,563.6799927,557.1799927,38715200,15.64999962,79.33000183,70.22914124,97.41000366,89.94873047,28.19000053,26.08198166
2024-08-30,563.6799927,550.6443481,564.2000122,557.1400146,62700100,15,79.33999634,70.23799896,97.06999969,89.63476562,28.27000046,26.15600014
2024-09-03,552.0800171,539.3126831,560.8099976,549.5100098,60600100,20.71999931,78.68000031,69.98896027,97.41999817,90.22566223,28.31999969,26.20225906
2024-09-04,550.9500122,538.2087402,554.4299927,549.460022,47224900,21.31999969,78.97000122,70.24691772,97.98999786,90.75357056,28.18000031,26.07273102
2024-09-05,549.6099854,536.8997192,553.7999878,547.0999756,44264300,19.89999962,79.23999786,70.48709869,98.22000122,90.96658325,28.13999939,26.03571892
2024-09-06,540.3599854,527.8636475,551.5999756,539.4400024,68493800,22.37999916,79.13999939,70.39813232,98.36000061,91.09622955,28.18000031,26.07273102
2024-09-09,546.4099731,533.7736816,547.710022,542.6799927,40445800,19.45000076,79.33000183,70.56713867,98.5,91.22590637,28.29999924,26.18375587
2024-09-10,548.789978,536.0986938,549.1500244,543.3800049,36394600,19.07999992,79.18000031,70.43372345,98.91999817,91.61489868,28.30999947,26.19300842
2024-09-11,554.4199829,541.5984497,555.3599854,539.960022,75248600,17.69000053,79.30000305,70.54045868,98.84999847,91.55004883,28.34000015,26.22076607
2024-09-12,559.0900269,546.1605225,559.4000244,552.7399902,51819600,17.06999969,79.41000366,70.63830566,98.69000244,91.40187836,28.21999931,26.1097374
2024-09-13,562.0100098,549.0129395,563.0300293,559.4500122,39310500,16.55999947,79.62999725,70.83400726,98.87999725,91.57785797,28.18000031,26.07273102
2024-09-16,562.8400269,549.8237305,563.1099854,559.9000244,36656100,17.13999939,79.83000183,71.01191711,99.13999939,91.81863403,28.09000015,25.98945999
2024-09-17,563.0700073,550.0485229,566.5800171,560.789978,49321000,17.61000061,79.84999847,71.02972412,98.95999908,91.65193176,28.18000031,26.07273102
2024-09-18,561.4000244,548.4171143,568.6900024,560.8300171,59044900,18.22999954,79.91999817,71.09198761,98.52999878,91.253685,28.20999908,26.10048676
2024-09-19,570.9799805,557.7754517,572.8800049,568.0800171,75315500,16.32999992,80.16000366,71.30547333,98.44999695,91.17959595,28.09000015,25.98945999
2024-09-20,568.25,556.8114014,569.3099976,565.1699829,77503100,16.14999962,80.26000214,71.39440918,98.41999817,91.15180969,28.13999939,26.03571892
2024-09-23,569.6699829,558.2026978,570.3300171,568.0999756,44116900,15.89000034,80.11000061,71.26099396,98.36000061,91.09622955,28.18000031,26.07273102
2024-09-24,571.2999878,559.7999878,571.3599854,567.5999756,46805700,15.39000034,80.12000275,71.26986694,98.47000122,91.19812775,28.02000046,25.92469406
2024-09-25,570.039978,558.5652466,571.8900146,568.9099731,38428600,15.40999985,80.02999878,71.18981171,98.06999969,90.82765198,28.20999908,26.10048676
2024-09-26,572.2999878,560.7798462,574.710022,569.9000244,48336000,15.36999989,80.16000366,71.30547333,98,90.76281738,28.07999992,25.98020744
2024-09-27,571.4699707,559.9664917,574.2199707,570.4199829,42100900,16.95999908,80.36000061,71.48339081,98.38999939,91.12403107,28.06999969,25.9709549
2024-09-30,573.7600098,562.2104492,574.3800049,568.0800171,63557400,16.72999954,80.30000305,71.43000793,98.12000275,90.87397766,28.18000031,26.07273102
2024-10-01,568.6199951,557.1739502,574.0599976,566,72668800,19.26000023,79.87000275,71.39425659,98.19000244,91.20463562,28.29999924,26.18375587
2024-10-02,568.8599854,557.4090576,569.9000244,565.2700195,38097800,18.89999962,79.87999725,71.40319824,97.91000366,90.94457245,28.42000008,26.29478264
2024-10-03,567.8200073,556.3900146,569.7999878,565.4899902,40846500,20.48999977,79.69000244,71.23332977,97.41000366,90.48012543,28.51000023,26.37805367
2024-10-04,572.9799805,561.446106,573.3599854,568.0999756,42939100,19.20999908,79.59999847,71.15289307,96.47000122,89.60700226,28.67000008,26.52608871
2024-10-07,567.7999878,556.3703613,571.960022,566.6300049,49964700,22.63999939,79.26000214,70.84898376,96.12000275,89.28190613,28.69000053,26.54459381
2024-10-08,573.1699829,561.6322632,573.7800293,569.5300293,37398700,21.42000008,79.44999695,71.01883698,96.19999695,89.35620117,28.69000053,26.54459381
2024-10-09,577.1400146,565.522522,577.710022,572.5499878,37912200,20.86000061,79.40000153,70.97411346,95.83999634,89.02182007,28.81999969,26.66487122
2024-10-10,576.1300049,564.5327759,577.5800171,574.4899902,44138100,20.93000031,79.36000061,70.93836212,95.83000183,89.01252747,28.80999947,26.65561867
2024-10-11,579.5800171,567.913208,580.3300171,575.9099731,42268000,20.45999908,79.56999969,71.12607574,95.86000061,89.04038239,28.82999992,26.67412186
2024-10-14,584.3200073,572.5578613,585.2700195,580.7299805,36217200,19.70000076,79.61000061,71.16184235,95.69000244,88.88250732,28.92000008,26.75739288
2024-10-15,579.7800293,568.1092529,584.9000244,578.539978,54203600,20.63999939,79.58999634,71.14396667,96.18000031,89.33763885,28.94000053,26.77589798
2024-10-16,582.2999878,570.5786133,582.8300171,578.960022,30725400,19.57999992,79.73000336,71.26911163,96.33000183,89.47695923,29.02000046,26.84991455
2024-10-17,582.3499756,570.6274414,586.1199951,582.1599731,34393700,19.11000061,79.61000061,71.16184235,95.83000183,89.01252747,29.11000061,26.93318558
2024-10-18,584.5900269,572.8224487,585.3900146,582.5800171,37416800,18.03000069,79.80000305,71.33169556,95.94000244,89.11470795,29.03000069,26.85916901
2024-10-21,583.6300049,571.8817139,584.8499756,580.5999756,36439000,18.37000084,79.48000336,71.04564667,95.19999695,88.42736053,29.15999985,26.97944641
2024-10-22,583.3200073,571.5780029,584.5,580.3800049,34183800,18.20000076,79.37000275,70.94728088,95.11000061,88.34375,29.19000053,27.00720215
2024-10-23,577.9899902,566.3552246,581.710022,574.4199829,49314600,19.23999977,79.12999725,70.7327652,94.88999939,88.13939667,29.29000092,27.09972382
2024-10-24,579.2399902,567.5802002,580.0599976,576.5700073,34979900,19.07999992,79.36000061,70.93836212,95.09999847,88.33444214,29.18000031,26.99795151
2024-10-25,579.039978,567.3840942,584.460022,578.0800171,47268200,20.32999992,79.27999878,70.86687469,94.88999939,88.13939667,29.28000069,27.09047318
2024-10-28,580.8300171,569.1381226,582.710022,580.5200195,30174700,19.79999924,79.48000336,71.04564667,94.66999817,87.93506622,29.28000069,27.09047318
2024-10-29,581.7700195,570.0592041,582.9099731,578.4299927,42899700,19.34000015,79.5,71.06350708,94.70999908,87.97221375,29.29000092,27.09972382
2024-10-30,580.0100098,568.3346558,583.3200073,579.289978,41435800,20.35000038,79.36000061,70.93836212,94.56999969,87.84216309,29.21999931,27.03495789
2024-10-31,568.6400146,557.1935425,575.6300049,568.4400024,60182500,23.15999985,79.13999939,70.74171448,94.51999664,87.79572296,29.20000076,27.0164547
2024-11-01,571.039978,559.545105,575.5499878,570.6199951,45667500,21.87999916,78.75,70.74620056,93.66999817,87.27581787,29.31999969,27.12747955
2024-11-04,569.8099976,558.3399048,572.5,567.8900146,38217000,21.97999954,78.97000122,70.94384766,94.16999817,87.74170685,29.20999908,27.02570724
2024-11-05,576.7000122,565.0913086,576.7399902,570.5200195,39478300,20.48999977,79.19000244,71.14147949,94.22000122,87.78826141,29.09000015,26.91468048
2024-11-06,591.039978,579.1426392,591.9299927,585.3900146,68182000,16.27000046,79.33000183,71.26724243,93.25,86.88449097,29.55999947,27.34953308
2024-11-07,595.6099854,583.6206055,596.6500244,593,47233200,15.19999981,79.66999817,71.57270813,94,87.58328247,29.31999969,27.12747955
2024-11-08,598.1900024,586.1488037,599.6400146,596.1699829,46444900,14.93999958,79.80000305,71.68950653,94.19999695,87.76963806,29.52000046,27.3125267
2024-11-11,598.7600098,586.7072144,600.1699829,597,37586800,14.97000027,79.70999908,71.60864258,93.94000244,87.52740479,29.69000053,27.4698143
2024-11-12,596.9000244,584.8846436,599.289978,594.3699951,43006100,14.71000004,79.38999939,71.32115173,93.34999847,86.9776535,29.81999969,27.59009171
2024-11-13,597.1900024,585.1688843,599.2299805,594.960022,47388600,14.02000046,79.41000366,71.33911896,93.29000092,86.92177582,29.98999977,27.7473793
2024-11-14,593.3499756,581.4060059,597.8099976,592.6500244,38904100,14.31000042,79.23999786,71.18640137,93.27999878,86.9124527,30.11000061,27.85840797
2024-11-15,585.75,573.9590454,590.2000122,583.8599854,75988800,16.13999939,79.23000336,71.1774292,93.31999969,86.94972229,30.07999992,27.83065033
2024-11-18,588.1500244,576.310791,589.4899902,585.3400269,37001700,15.57999992,79.37999725,71.31217194,93.52999878,87.14538574,29.93000031,27.69186783
2024-11-19,590.2999878,578.4174805,591.039978,584.0300293,49412000,16.35000038,79.5,71.41997528,93.73000336,87.33170319,29.92000008,27.68261337
2024-11-20,590.5,578.6135254,590.789978,584.6300049,50032600,17.15999985,79.48000336,71.40202332,93.58999634,87.20128632,30.06999969,27.82139587
2024-11-21,593.6699829,581.7196045,595.1199951,587.4500122,46750300,16.87000084,79.51000214,71.42895508,93.54000092,87.15468597,30.17000008,27.91391945
2024-11-22,595.5100098,583.5227051,596.1500244,593.1500244,38226400,15.23999977,79.48999786,71.41099548,93.59999847,87.21060181,30.32999992,28.0619545
2024-11-25,597.5300293,585.5019531,600.8599854,595.2000122,42441400,14.60000038,79.79000092,71.68051147,94.61000061,88.15164185,30.12000084,27.86765862
2024-11-26,600.6500244,588.5592041,601.3300171,598.0700073,45621300,14.10000038,79.63999939,71.54574585,94.41000366,87.96531677,30.15999985,27.9046669
2024-11-27,598.8300171,586.7757568,600.8499756,597.2800293,34000200,14.10000038,79.87999725,71.76137543,94.79000092,88.31935883,29.89999962,27.66411018
2024-11-29,602.5499878,590.4209595,603.3499756,599.3800049,30177400,13.51000023,80.04000092,71.90509796,95.19000244,88.69207001,29.85000038,27.61784935
2024-12-02,603.6300049,591.479187,604.3200073,602.4699707,31746000,13.34000015,79.65000153,71.87892914,94.88999939,88.68458557,30.03000069,27.7843895
2024-12-03,603.9099731,591.753418,604.1599731,602.3400269,26906600,13.30000019,79.65000153,71.87892914,94.62000275,88.43225098,30.02000046,27.77513695
2024-12-04,607.6599731,595.4280396,607.9099731,604.9500122,42787600,13.44999981,79.83999634,72.05037689,94.98000336,88.76870728,30.01000023,27.76588249
2024-12-05,606.6599731,594.4481201,608.4799805,606.2999878,28762200,13.53999996,79.76999664,71.98722839,94.97000122,88.7593689,29.85000038,27.61784935
2024-12-06,607.8099976,595.5750732,609.0700073,607.0200195,31241500,12.77000046,79.90000153,72.10454559,95.26999664,89.03972626,29.93000031,27.69186783
2024-12-09,604.6799927,592.5079956,607.8599854,604.0800171,34742700,14.18999958,79.80000305,72.01428223,94.94000244,88.73130035,29.97999954,27.73812675
2024-12-10,602.7999878,590.6658325,605.7999878,602.1300049,37234500,14.18000031,79.83999634,72.05037689,94.76999664,88.57243347,30.04999924,27.80289268
2024-12-11,607.460022,595.2319946,608.4299927,605.5,28677700,13.57999992,79.86000061,72.06842804,94.48999786,88.31073761,30.14999962,27.89541435
2024-12-12,604.3300171,592.1651001,607.1599731,604.3300171,31543800,13.92000008,79.63999939,71.86991119,94.12999725,87.97428131,30.25,27.98793602
2024-12-13,604.210022,592.0475464,607.1300049,602.8099976,35904700,13.81000042,79.41000366,71.66233826,93.69000244,87.56305695,30.26000023,27.99719048
2024-12-16,606.789978,594.5756226,607.7800293,605.210022,43695200,14.68999958,79.55999756,71.79769897,93.72000122,87.59109497,30.20999908,27.95092773
2024-12-17,604.289978,592.1258545,605.1699829,602.8900146,55773500,15.86999989,79.38999939,71.64428711,93.72000122,87.59109497,30.23999977,27.97868538
2024-12-18,586.2800293,574.4784546,606.4099731,585.8900146,108248700,27.62000084,78.16999817,70.90863037,92.69000244,86.91407776,30.59000015,28.30251312
2024-12-19,586.0999756,574.302002,593,585.8499756,85919500,24.09000015,78.08999634,70.83605957,92.26999664,86.52024841,30.64999962,28.3580265
2024-12-20,591.1500244,581.1999512,595.75,580.9099731,125716700,18.36000061,78.58000183,71.28056335,92.61000061,86.83907318,30.5,28.2192421
2024-12-23,594.6900024,584.6804199,595.2999878,587.6599731,57635800,16.78000069,78.37000275,71.09005737,92.19999695,86.45462799,29.29000092,28.32271004
2024-12-24,601.2999878,591.1790771,601.3400269,595.4699707,33160100,14.27000046,78.62000275,71.31684113,92.25,86.50151825,29.37000084,28.40006828
2024-12-26,601.3400269,591.2184448,602.4799805,598.0800171,41219100,14.72999954,78.81999969,71.49825287,92.31999969,86.56713104,29.30999947,28.34204865
2024-12-27,595.0100098,584.994873,597.7800293,590.7600098,64969300,15.94999981,78.55000305,71.25332642,92.08000183,86.34211731,29.26000023,28.29369926
2024-12-30,588.2199707,578.3192139,591.7399902,584.4099731,56578800,17.39999962,78.66000366,71.35312653,92.62000275,86.84846497,29.29000092,28.32271004
2024-12-31,586.0800171,576.215271,590.6400146,584.4199829,57052700,17.35000038,78.65000153,71.34404755,92.44999695,86.68903351,29.42000008,28.44841576
2025-01-02,584.6400146,574.7995605,591.1300049,580.5,50204000,17.93000031,78.83999634,71.51638794,92.5,86.73592377,29.67000008,28.69016075
2025-01-03,591.9500122,581.9865112,592.5999756,586.4299927,37888500,16.12999916,78.95999908,71.62522888,92.34999847,86.59526062,29.57999992,28.60313225
2025-01-06,595.3599854,585.3390503,599.7000122,593.5999756,47679400,16.04000092,79.09999847,71.7522583,92.26000214,86.51088715,29.38999939,28.41940689
2025-01-07,588.6300049,578.7223511,597.75,586.7800293,60393100,17.81999969,78.83999634,71.51638794,91.83999634,86.11704254,29.5,28.525774
2025-01-08,589.4899902,579.5678711,590.5800171,585.2000122,47304700,17.70000076,78.94000244,71.6071167,92,86.26708221,29.61000061,28.63214111
2025-01-10,580.4899902,570.7193604,585.9500122,578.5499878,73105000,19.54000092,78.52999878,71.2352066,91.33000183,85.63882446,29.76000023,28.77718735
2025-01-13,581.3900146,571.604248,581.75,575.3499756,47910100,19.19000053,78.51000214,71.21704102,91.16999817,85.48879242,29.85000038,28.86421585
2025-01-14,582.1900024,572.390686,585,578.3499756,48420600,18.70999908,78.61000061,71.30774689,91.19999695,85.51692963,29.65999985,28.68049049
2025-01-15,592.7800293,582.8024902,593.9400024,589.2000122,56900200,16.12000084,79.30000305,71.93366241,92.16000366,86.41710663,29.61000061,28.63214111
2025-01-16,591.6400146,581.6817627,594.3499756,590.9299927,43319700,16.60000038,79.38999939,72.01529694,92.37999725,86.62339783,29.61000061,28.63214111
2025-01-17,597.5800171,587.5217285,599.3599854,595.6099854,58070600,15.97000027,79.45999908,72.07881927,92.44999695,86.68903351,29.71999931,28.73850822
2025-01-21,603.0499878,592.8995972,603.0599976,598.6699829,42532900,15.06000042,79.66999817,72.26929474,92.76000214,86.9797287,29.34000015,28.37105751
2025-01-22,606.4400024,596.232605,607.8200073,605.3599854,48196000,15.10000038,79.55999756,72.16950226,92.51999664,86.75466156,29.38999939,28.41940689
2025-01-23,609.75,599.4868774,609.75,605.5200195,41152100,15.02000046,79.66000366,72.26022339,92.27999878,86.52963257,29.37999916,28.40973663
2025-01-24,607.9699707,597.7366943,610.7800293,606.7999878,34604700,14.85000038,79.75,72.34185028,92.47000122,86.70780182,29.20000076,28.23568153
2025-01-27,599.3699951,589.2816772,599.6900024,594.6400146,70361100,17.89999962,79.80999756,72.39629364,93.06999969,87.270401,29.20999908,28.24534988
2025-01-28,604.5200195,594.3449097,605.3699951,597.25,44433300,16.40999985,79.77999878,72.36906433,93.08000183,87.27979279,29.32999992,28.36138725
2025-01-29,601.8099976,591.680542,604.1300049,599.2199707,37177400,16.55999947,79.73000336,72.32372284,92.97000122,87.17662811,29.38999939,28.41940689
2025-01-30,605.039978,594.8561401,606.5999756,600.7199707,39281300,15.84000015,79.87999725,72.4597702,93.16999817,87.36417389,29.38999939,28.41940689
2025-01-31,601.8200073,591.6903687,609.960022,601.0499878,66566900,16.43000031,79.72000122,72.31464386,93.01999664,87.22351074,29.51000023,28.53544426
2025-02-03,597.7700195,587.7085571,600.289978,590.4899902,65857200,18.62000084,79.26000214,72.22354126,92.79000092,87.28561401,29.63999939,28.66114998
2025-02-04,601.7800293,591.651001,602.2999878,597.2800293,33457800,17.20999908,79.51000214,72.45132446,93.01999664,87.50195312,29.37000084,28.40006828
2025-02-05,604.2199707,594.0498657,604.3699951,598.5800171,30653100,15.77000046,79.72000122,72.64267731,93.55999756,88.0099411,29.31999969,28.3517189
2025-02-06,606.3200073,596.114624,606.4500122,602.6300049,35771500,15.5,79.59999847,72.53333282,93.44999695,87.90645599,29.29999924,28.33237839
2025-02-07,600.7700195,590.6580811,608.1300049,600.0499878,50788500,16.54000092,79.34999847,72.30553436,93.13999939,87.61483765,29.43000031,28.45808601
2025-02-10,604.8499756,594.6693726,605.5,602.7399902,26048700,15.81000042,79.51000214,72.45132446,93.12000275,87.59603119,29.52000046,28.54511452
2025-02-11,605.3099976,595.1216431,605.8599854,602.4299927,30056700,16.02000046,79.48000336,72.42399597,92.87999725,87.37025452,29.42000008,28.44841576
2025-02-12,603.3599854,593.2043457,604.5499878,598.5100098,45076100,15.89000034,79.30999756,72.26908875,92.23999786,86.76821899,29.44000053,28.46775627
2025-02-13,609.7299805,599.4671631,609.9400024,603.2000122,40921300,15.10000038,79.66999817,72.59712219,92.93000031,87.41731262,29.20000076,28.23568153
2025-02-14,609.7000122,599.4376831,610.9899902,609.0700073,26910400,14.77000046,79.76000214,72.67913818,93.31999969,87.78416443,29.12000084,28.15832329
2025-02-18,611.4899902,601.1975098,611.4899902,608.3800049,26749000,15.35000038,79.69000244,72.61534882,92.81999969,87.3138504,29.18000031,28.21634293
2025-02-19,612.9299927,602.6133423,613.2299805,609.5599976,31011100,15.27000046,79.75,72.67001343,92.97000122,87.45491791,29.20999908,28.24534988
2025-02-20,610.3800049,600.1062622,611.6799927,607.0200195,36554000,15.65999985,79.80000305,72.7155838,93.16000366,87.63363647,28.97999954,28.02294731
2025-02-21,599.9400024,589.842041,610.2999878,599.4699707,76519800,18.20999908,79.65000153,72.57889557,93.70999908,88.15104675,29.07999992,28.11964417
2025-02-24,597.210022,587.15802,603.0300293,596.4899902,50737200,18.97999954,79.75,72.67001343,93.91000366,88.33918762,29.10000038,28.13898468
2025-02-25,594.2399902,584.237915,597.8900146,589.5599976,58266500,19.43000031,79.94999695,72.85224915,94.65000153,89.03525543,28.98999977,28.03261566
2025-02-26,594.539978,584.5328369,599.5800171,591.8599854,43321600,19.10000038,80.05999756,72.95250702,94.91000366,89.27985382,29.04999924,28.0906353
2025-02-27,585.0499878,575.2025757,598.0200195,584.6500244,74196700,21.12999916,79.91000366,72.81582642,94.80000305,89.17637634,29.26000023,28.29369926
2025-02-28,594.1799927,584.1789551,594.7199707,582.4400024,88744100,19.62999916,80.12999725,73.01629639,95.31999969,89.66552734,29.38999939,28.41940689
2025-03-03,583.7700195,573.9441528,597.3400269,579.9000244,74249200,22.78000069,79.58999634,72.86431122,95.38999939,89.99100494,29.11000061,28.14865494
2025-03-04,576.8599854,567.1504517,585.3900146,572.25,109648200,23.51000023,79.58000183,72.85514832,95.08999634,89.70798492,28.85000038,27.89723969
2025-03-05,583.0599976,573.2461548,584.8800049,573.0800171,71230500,21.93000031,79.62000275,72.89178467,94.55999756,89.20798492,28.5,27.55879784
2025-03-06,572.710022,563.0702515,580.1699829,570.1199951,80094900,24.87000084,79.31999969,72.61711884,94.51000214,89.16080475,28.47999954,27.53945923
2025-03-07,575.9199829,566.2261963,577.3900146,565.6300049,81158800,23.37000084,79.44999695,72.73612976,94.38999939,89.04758453,28.38999939,27.45243073
2025-03-10,560.5800171,551.1444702,569.539978,555.5900269,99326600,27.86000061,79.15000153,72.46149445,95.05000305,89.67025757,28.40999985,27.47177124
2025-03-11,555.9199829,546.5628662,564.0200195,552.0200195,88102100,26.92000008,78.87000275,72.20516205,94.70999908,89.34949493,28.25,27.31705475
2025-03-12,558.8699951,549.4632568,563.1099854,553.6900024,69588200,24.22999954,78.95999908,72.28755951,94.43000031,89.08535004,28.31999969,27.38474274
2025-03-13,551.4199829,542.1386108,559.1099854,549.6799927,74079400,24.65999985,78.51999664,71.88473511,94.80999756,89.44382477,28.42000008,27.4814415
2025-03-14,562.8099976,553.3369141,563.8300171,551.4899902,62660300,21.77000046,78.87999725,72.21431732,94.48000336,89.13252258,28.38999939,27.45243073
2025-03-17,567.1500244,557.6039429,569.710022,562.3499756,49008700,20.51000023,79.06999969,72.388237,94.55999756,89.20798492,28.28000069,27.34606552
2025-03-18,561.0200195,551.5770874,565.0200195,559.0599976,66041400,21.70000076,78.93000031,72.26009369,94.66999817,89.31175995,28.26000023,27.32672501
2025-03-19,567.1300049,557.5842896,570.9500122,561.6300049,66556000,19.89999962,79.44999695,72.73612976,94.95999908,89.58534241,28.32999992,27.39441299
2025-03-20,565.4899902,555.9718628,570.5700073,562.5999756,62958200,19.79999924,79.33999634,72.63542938,95.09999847,89.71741486,28.40999985,27.47177124
2025-03-21,563.9799805,556.1552734,564.8900146,558.0300293,83763000,19.28000069,79.22000122,72.52558136,95.01999664,89.64193726,28.5,27.55879784
2025-03-24,574.0800171,566.1151733,575.1500244,570.2000122,58766800,17.47999954,79.44999695,72.73612976,94.47000122,89.12308502,28.54999924,27.60714722
2025-03-25,575.460022,567.4759521,576.4099731,573.6900024,38355700,17.14999962,79.41000366,72.69953156,94.62999725,89.27400208,28.52000046,27.57813835
2025-03-26,568.5900269,560.701355,576.3300171,567.1900024,51848300,18.32999992,79.08999634,72.40655518,94.41000366,89.06645966,28.64999962,27.70384407
2025-03-27,567.0800171,559.2122803,570.9000244,564.9400024,42164200,18.69000053,78.94000244,72.26924133,94.33000183,88.99098206,28.55999947,27.61681747
2025-03-28,555.6599731,547.9506836,566.2700195,555.0700073,71662700,21.64999962,78.80000305,72.14109039,95.08999634,89.70798492,28.51000023,27.56846809
2025-03-31,559.3900146,551.6289673,560.710022,546.8699951,95328200,22.28000069,78.88999939,72.22348785,95.37000275,89.97214508,28.54000092,27.59747887
2025-04-01,560.9699707,553.1870728,562.9400024,553.6799927,54609600,21.77000046,78.69000244,72.39089203,95.40000153,90.28823853,28.56999969,27.62648582
2025-04-02,564.5200195,556.6878662,567.4199829,554.8099976,76014500,21.51000023,78.84999847,72.53807831,95.30999756,90.20307159,28.45000076,27.51045036
2025-04-03,536.7000122,529.2538452,547.9699707,536.7000122,125986000,30.02000046,77.87000275,71.63654327,96.29000092,91.13054657,27.95000076,27.02696228
2025-04-04,505.2799988,498.2696838,525.8699951,505.0599976,217965100,45.31000137,76.76000214,70.61540222,96.55999756,91.38607788,28.26000023,27.32672501
2025-04-07,504.3800049,497.3821411,523.1699829,481.7999878,256611400,46.97999954,76.09999847,70.00822449,95.41000366,90.2977066,28.37999916,27.44276047
2025-04-08,496.480011,489.5918274,524.9799805,489.1600037,165816600,52.33000183,75.75,69.68624115,94.93000031,89.84342957,28.25,27.31705475
2025-04-09,548.6199951,541.0084229,548.6199951,493.0499878,241867300,33.61999893,77.77999878,71.55374146,94.62999725,89.55948639,28.29000092,27.35573387
2025-04-10,524.5800171,517.3018799,533.5,509.3200073,162331200,40.72000122,76.51000214,70.38540649,94.04000092,89.00110626,27.70000076,26.78521919
2025-04-11,533.9400024,526.5319824,536.4299927,520.0700073,97866300,37.56000137,76.73999786,70.59698486,93.51000214,88.49950409,27.45000076,26.5434761
2025-04-14,539.1199951,531.6401978,544.2800293,533.8599854,68034000,30.88999939,77.12000275,70.94657898,94.26000214,89.2093277,27.36000061,26.4564476
2025-04-15,537.6099854,530.151123,543.2299805,536.8099976,56892900,30.12000084,77.33000183,71.13977051,94.54000092,89.47431183,27.51000023,26.60149384
2025-04-16,525.6599731,518.3668823,537.8900146,520.289978,83484800,32.63999939,77.31999969,71.13056183,94.94999695,89.86235046,27.28000069,26.37908936
2025-04-17,526.4099731,519.1065063,531.1699829,523.9099731,79868100,29.64999962,77.76999664,71.54454041,94.68000031,89.60679626,27.29999924,26.39842796
2025-04-21,513.8800049,506.7503662,521.7000122,508.4599915,69368100,33.81999969,77.30999756,71.12135315,94.16999817,89.12413788,27.04000092,26.14701462
2025-04-22,527.25,519.9348755,529.2999878,519.1900024,75948100,30.56999969,77.61000061,71.3973465,94.23999786,89.19039154,27.19000053,26.29206085
2025-04-23,535.4199829,527.9914551,545.4299927,533.8800049,90590700,28.45000076,78,71.75611115,94.33999634,89.28503418,27.44000053,26.53380585
2025-04-24,546.6900024,539.1052246,547.4299927,535.4500122,64150400,26.46999931,78.69999695,72.40008545,94.84999847,89.76770782,27.31999969,26.41776657
2025-04-25,550.6400146,543.0003662,551.0499878,543.6900024,61119600,24.84000015,78.76999664,72.4644928,95.20999908,90.1084137,27.38999939,26.48545456
2025-04-28,550.8499756,543.2074585,553.5499878,545.0200195,47613800,25.14999962,78.80999756,72.501297,95.58999634,90.46805573,27.21999931,26.32106972
2025-04-29,554.3200073,546.6292725,555.4500122,548.5499878,47775100,24.17000008,79.01999664,72.69448853,95.91999817,90.78036499,27.30999947,26.40809822
2025-04-30,554.539978,546.8461914,556.5200195,541.5200195,93101500,24.70000076,78.59999847,72.30810547,96.06999969,90.92234802,27.40999985,26.50479507
2025-05-01,558.4699707,550.7216797,564.0700073,557.8599854,63186100,24.60000038,78.30000305,72.40149689,95.33999634,90.52639771,27.56999969,26.65951157
2025-05-02,566.7600098,558.8966675,568.3800049,562.3800049,60717300,22.68000031,78.54000092,72.62340546,94.69999695,89.91870117,27.53000069,26.62083244
2025-05-05,563.5100098,555.6917725,566.6500244,561.7000122,38659200,23.63999939,78.51000214,72.59567261,94.52999878,89.75727844,27.47999954,26.57248306
2025-05-06,558.7999878,551.0471191,563.3499756,556.960022,48264700,24.76000023,78.44999695,72.54019928,94.76999664,89.98516083,27.30999947,26.40809822
2025-05-07,561.1500244,553.364563,563.8200073,556.039978,55588000,23.54999924,78.51999664,72.60492706,95.01999664,90.22254944,27.51000023,26.60149384
2025-05-08,565.0599976,557.2203369,570.3099976,561.7000122,65130800,22.47999954,78.5,72.58642578,94.27999878,89.51991272,27.73999977,26.82389641
2025-05-09,564.3400269,556.5102539,567.5,562.7600098,37603400,21.89999962,78.55000305,72.63265991,94.34999847,89.58638,27.65999985,26.74654007
2025-05-12,582.9899902,574.9015503,583,577.039978,78993600,18.38999939,79.33000183,73.35389709,93.75,89.01667023,28.04999924,27.12365913
2025-05-13,586.8400269,578.6981201,589.0800171,582.8400269,67947200,18.21999931,79.47000122,73.48335266,93.68000031,88.95020294,27.80999947,26.8915844
2025-05-14,587.5900269,579.4377441,588.9799805,585.539978,66283500,18.62000084,79.18000031,73.21520233,93.33000183,88.61785889,27.87000084,26.94960403
2025-05-15,590.460022,582.2678833,590.9699707,585.0999756,71268100,17.82999992,79.33000183,73.35389709,93.94000244,89.19706726,27.79999924,26.88191605
2025-05-16,594.2000122,585.9559326,594.5,589.2800293,76052100,17.23999977,79.41999817,73.4371109,93.97000122,89.22556305,27.87999916,26.95927238
2025-05-19,594.8499756,586.5969849,595.539978,588.0999756,68168500,18.13999939,79.37999725,73.40013123,93.91999817,89.17809296,27.69000053,26.77554893
2025-05-20,592.8499756,584.6246948,594.0499878,589.5999756,60614500,18.09000015,79.33999634,73.36313629,93.80000305,89.06415558,27.61000061,26.69819069
2025-05-21,582.8599854,574.7733154,592.5800171,581.8200073,95197700,20.87000084,78.80999756,72.87306976,93.15000153,88.44696045,27.48999977,26.58215332
2025-05-22,583.0900269,575.0002441,586.6199951,581.4099731,70860400,20.28000069,78.97000122,73.02101898,93.5,88.77928162,27.56999969,26.65951157
2025-05-23,579.1099854,571.0753174,581.8099976,575.5999756,76029000,22.29000092,78.94999695,73.00252533,93.76999664,89.03566742,27.37000084,26.46611786
2025-05-27,591.1500244,582.9483643,591.3099976,578.4299927,72588500,18.95999908,79.43000031,73.44637299,94.16000366,89.40596771,27.52000046,26.61116409
2025-05-28,587.7299805,579.5758057,592.7700195,586.9899902,68445500,19.30999947,79.37999725,73.40013123,93.90000153,89.15908051,27.61000061,26.69819069
2025-05-29,590.0499878,581.8635864,593.2000122,586.0700073,69973300,19.18000031,79.5,73.51109314,94.29000092,89.52941895,27.45999908,26.55314255
2025-05-30,589.3900146,581.2128296,591.1300049,583.2399902,90601200,18.56999969,79.56999969,73.57582855,94.56999969,89.7952652,27.45000076,26.5434761
2025-06-02,592.710022,584.4866943,592.789978,585.0599976,61630500,18.36000061,79.18000031,73.56281281,93.94000244,89.49042511,27.26000023,26.35974884
2025-06-03,596.0900269,587.8197632,597.0800171,591.8499756,63606200,17.69000053,79.33000183,73.7021637,93.84999847,89.4046936,27.44000053,26.53380585
2025-06-04,595.9299927,587.6620483,597.9500122,595.4899902,57314200,17.61000061,79.48000336,73.84153748,94.54000092,90.06202698,27.31999969,26.41776657
2025-06-05,593.0499878,584.8219604,599,591.0499878,92278700,18.47999954,79.30999756,73.68360138,94.26000214,89.79527283,27.29999924,26.39842796
2025-06-06,599.1400146,590.8274536,600.8300171,596.8599854,66588700,16.77000046,79.30000305,73.67432404,93.51000214,89.08079529,27.44000053,26.53380585
2025-06-09,599.6799927,591.3599854,601.25,598.4899902,53016400,17.15999985,79.33999634,73.7114563,93.68000031,89.24274445,27.37000084,26.46611786
2025-06-10,603.0800171,594.7128296,603.4699707,599.0900269,66247000,16.95000076,79.52999878,73.88796997,93.83999634,89.39517212,27.39999962,26.49512482
2025-06-11,601.3599854,593.0167236,605.0599976,599.2700195,73658200,17.26000023,79.51000214,73.86941528,94.23000336,89.76669312,27.29999924,26.39842796
2025-06-12,603.75,595.3734741,603.75,599.5200195,64129000,18.02000046,79.59999847,73.95301056,94.63999939,90.15726471,27.10000038,26.20503426
2025-06-13,597,588.7171021,601.8499756,595.4799805,89506000,20.81999969,79.36000061,73.73004913,94.29000092,89.82385254,27.17000008,26.27272224
2025-06-16,602.6799927,594.3183594,604.4500122,600.2199707,79984100,19.11000061,79.51999664,73.87870026,94.01999664,89.5666275,27.20000076,26.30173111
2025-06-17,597.5300293,589.2398682,601.75,596.7600098,82209400,21.60000038,79.43000031,73.79508209,94.48000336,90.00485229,27.37999916,26.47578621
2025-06-18,597.4400024,589.151062,601.2199707,596.4699707,76605000,20.13999939,79.55000305,73.90657043,94.54000092,90.06202698,27.43000031,26.52413559
2025-06-20,594.2800293,587.767395,599.460022,592.8599854,94051400,20.62000084,79.80000305,74.13883209,94.59999847,90.11917114,27.39999962,26.49512482
2025-06-23,600.1500244,593.5730591,600.539978,591.8900146,87426000,19.82999992,79.94999695,74.27819061,94.93000031,90.43354034,27.29000092,26.38875961
2025-06-24,606.7800293,600.1303711,607.8499756,603.4099731,67735300,17.47999954,80.16999817,74.48259735,95.26000214,90.74789429,27.14999962,26.25338173
2025-06-25,607.1199951,600.4666748,608.6099854,605.539978,62114800,16.76000023,80.15000153,74.46400452,95.30000305,90.78601074,27.07999992,26.18569374
2025-06-26,611.8699951,605.1646118,612.3099976,608.3699951,78548400,16.59000015,80.37999725,74.67767334,95.63999939,91.10990906,26.96999931,26.07932472
2025-06-27,614.9099731,608.1712646,616.3900146,610.8300171,86258400,16.31999969,80.33999634,74.64052582,95.38999939,90.87172699,27.02000046,26.12767601
2025-06-30,617.8499756,611.0789795,619.2199707,615.039978,92502500,16.72999954,80.65000153,74.9285202,95.76999664,91.23375702,26.87999916,25.99229813
2025-07-01,617.6500244,610.8812866,618.8300171,615.5200195,70030100,16.82999992,80.16999817,74.8342514,95.29000092,91.06459045,26.87000084,25.98262978
2025-07-02,620.4500122,613.6506348,620.4899902,616.6099854,66510400,16.63999939,80.31999969,74.97425079,95.08999634,90.87345123,26.85000038,25.96328926
2025-07-03,625.3400269,618.4870605,626.2800293,622.4299927,51065800,16.37999916,80.37000275,75.02094269,94.76000214,90.55809784,26.97999954,26.08899498
2025-07-07,620.6799927,613.8779907,624.0300293,617.8699951,74814500,17.79000092,80.09999847,74.76891327,94.45999908,90.27140045,27.06999969,26.17602348
2025-07-08,620.3400269,613.5418091,622.1099854,619.5200195,59024600,16.80999947,79.98999786,74.66623688,94.31999969,90.13760376,27.09000015,26.195364
2025-07-09,624.0599976,617.2210083,624.7199707,620.9099731,66113300,15.93999958,80.20999908,74.87158203,94.80999756,90.60587311,27.09000015,26.195364
2025-07-10,625.8200073,618.961731,626.8699951,623.0100098,57529000,15.77999973,80.12999725,74.79690552,94.76000214,90.55809784,27.13999939,26.24371147
2025-07-11,623.6199951,616.7858887,624.8599854,621.5300293,63670200,16.39999962,80.02999878,74.7035675,94.31999969,90.13760376,27.21999931,26.32106972
2025-07-14,624.8099976,617.9627686,625.1599731,621.7999878,51898500,17.20000076,80.08999634,74.75956726,94.27999878,90.09938049,27.29000092,26.38875961
2025-07-15,622.1400146,615.3220215,627.8599854,622.0599976,74317300,17.37999916,79.84999847,74.53555298,93.91000366,89.74578094,27.44000053,26.53380585
2025-07-16,624.2199707,617.3792114,624.7299805,618.0499878,88987500,17.15999985,80.05999756,74.73157501,94.16999817,89.99427032,27.34000015,26.43710709
2025-07-17,628.039978,621.1573486,628.4000244,624.1799927,68885700,16.52000046,80.13999939,74.8062439,94.13999939,89.96559143,27.45999908,26.55314255
2025-07-18,627.5800171,620.7024536,629.4699707,626.460022,65621600,16.40999985,80.25,74.90892792,94.40000153,90.21406555,27.42000008,26.51446533
2025-07-21,628.7700195,621.8793945,631.539978,628.3400269,63375000,16.64999962,80.36000061,75.01160431,94.73000336,90.52941895,27.23999977,26.34041023
2025-07-22,628.8599854,621.9684448,629.7299805,626.1900024,60046300,16.5,80.5,75.14228821,95,90.7874527,27.10000038,26.20503426
2025-07-23,634.210022,627.2597656,634.210022,629.7299805,70511000,15.36999989,80.54000092,75.17961884,94.66000366,90.4625473,27.05999947,26.16635323
2025-07-24,634.4199829,627.4674683,636.1500244,633.9899902,71307100,15.39000034,80.44000244,75.08629608,94.51999664,90.32875061,27.12999916,26.23404121
2025-07-25,637.0999756,630.118103,637.5800171,634.8400269,56865400,14.93000031,80.48999786,75.13294983,94.73999786,90.53896332,27.19000053,26.29206085
2025-07-28,636.9400024,629.9598999,638.039978,635.539978,54917100,15.02999973,80.44999695,75.09562683,94.52999878,90.33828735,27.5,26.59182358
2025-07-29,635.2600098,628.2983398,638.6699829,634.3400269,60556300,15.97999954,80.5,75.14228821,95.15000153,90.93080139,27.56999969,26.65951157
2025-07-30,634.460022,627.507019,637.6799927,631.539978,80418900,15.47999954,80.33000183,74.9835968,94.81999969,90.61542511,27.84000015,26.92059517
2025-07-31,632.0800171,625.1531372,639.8499756,630.7700195,103385200,16.71999931,80.37999725,75.03026581,94.90000153,90.69187927,27.89999962,26.9786129
2025-08-01,621.7199707,614.9065552,626.3400269,619.289978,140103600,20.37999916,79.98000336,75.03403473,95.68000031,91.73600769,27.56999969,26.65951157
2025-08-04,631.1699829,624.2531128,631.2199707,625.5800171,73218000,17.52000046,80.25,75.28733063,95.80999756,91.86064911,27.55999947,26.64984131
2025-08-05,627.9699707,621.0881348,632.6099854,627.039978,68051400,17.85000038,80.20999908,75.24981689,95.73999786,91.7935257,27.55999947,26.64984131
2025-08-06,632.7800293,625.84552,633.4400024,628.1300049,64357500,16.77000046,80.29000092,75.32485962,95.66999817,91.72640991,27.39999962,26.49512482
2025-08-07,632.25,625.3212891,636.9799805,629.1099854,74205800,16.56999969,80.20999908,75.24981689,95.59999847,91.65929413,27.37999916,26.47578621
2025-08-08,637.1799927,630.1972046,637.6500244,633.7399902,64051600,15.14999962,80.22000122,75.25917816,95.37999725,91.44835663,27.43000031,26.52413559
2025-08-11,635.9199829,628.9510498,638.9500122,634.6599731,58742300,16.25,80.22000122,75.25917816,95.41000366,91.47714996,27.54000092,26.6305027
2025-08-12,642.6900024,635.6468506,642.8499756,636.789978,64730800,14.72999954,80.40000153,75.42805481,95.38999939,91.45795441,27.39999962,26.49512482
2025-08-13,644.8900146,637.8228149,646.1900024,642.6799927,60092800,14.48999977,80.61000061,75.62506104,95.73000336,91.78394318,27.32999992,26.42743683
2025-08-14,644.9500122,637.8820801,645.6199951,642.3400269,59327500,14.82999992,80.40000153,75.42805481,95.41999817,91.48671722,27.43000031,26.52413559
2025-08-15,643.4400024,636.3886108,646.0900269,642.5200195,68592500,15.09000015,80.45999908,75.48434448,95.23000336,91.30455017,27.34000015,26.43710709
2025-08-18,643.2999878,636.2501831,644,642.1799927,43804900,14.98999977,80.40000153,75.42805481,95.13999939,91.21826172,27.40999985,26.50479507
2025-08-19,639.8099976,632.7983398,644.1099854,638.4799805,69750700,15.56999969,80.37999725,75.40930176,95.37999725,91.44835663,27.47999954,26.57248306
2025-08-20,638.1099854,631.1170044,639.6599731,632.9500122,88890300,15.68999958,80.34999847,75.38115692,95.51999664,91.58259583,27.45999908,26.55314255
2025-08-21,635.5499878,628.585144,637.9699707,633.8099976,54805800,16.60000038,80.19999695,75.24041748,95.23999786,91.31414795,27.60000038,26.68852043
2025-08-22,645.3099976,638.2381592,646.5,637.25,84083200,14.22000027,80.84999847,75.85021973,95.76999664,91.82228088,27.32999992,26.42743683
2025-08-25,642.4699707,635.4292603,645.289978,642.3499756,51274300,14.78999996,80.69000244,75.70011139,95.58000183,91.64013672,27.54999924,26.64017105
2025-08-26,645.1599731,638.0897827,645.5100098,641.5700073,51581600,14.61999989,80.87000275,75.86899567,95.83000183,91.87981415,27.47999954,26.57248306
2025-08-27,646.6300049,639.5437012,647.3699951,644.4199829,48341100,14.85000038,80.97000122,75.96281433,96.01000214,92.05239868,27.48999977,26.58215332
2025-08-28,648.9199829,641.8085327,649.4799805,645.3400269,61519500,14.43000031,81.01000214,76.00032806,96.23000336,92.26334381,27.38999939,26.48545456
2025-08-29,645.0499878,637.9810181,647.8400269,643.1400146,74522200,15.35999966,80.86000061,75.85961151,96.15000153,92.18661499,27.37000084,26.46611786
2025-09-02,640.2700195,633.253418,640.4899902,634.9199829,81983500,17.17000008,80.38999939,75.77760315,95.55000305,91.91151428,27.54999924,26.64017105
2025-09-03,643.7399902,636.6853638,644.210022,640.460022,70820900,16.35000038,80.61000061,75.98497009,95.87999725,92.22894287,27.5,26.59182358
2025-09-04,649.1199951,642.0064087,649.1500244,643.5100098,65219200,15.30000019,80.83000183,76.19235992,96.30999756,92.64257812,27.54000092,26.6305027
2025-09-05,647.2399902,640.1469727,652.210022,643.3300171,85178900,15.18000031,80.87000275,76.23005676,96.77999878,93.09468842,27.39999962,26.49512482
2025-09-08,648.8300171,641.7196045,649.8400269,647.2299805,63133100,15.10999966,80.87000275,76.23005676,97.08000183,93.383255,27.30999947,26.40809822
2025-09-09,650.3300171,643.203125,650.8599854,647.2199707,66133900,15.03999996,80.77999878,76.14522552,96.84999847,93.16201019,27.42000008,26.51446533
2025-09-10,652.210022,645.0625,654.5499878,650.6300049,78034500,15.35000038,80.83999634,76.2017746,97.11000061,93.412117,27.44000053,26.53380585
2025-09-11,657.6300049,650.4231567,658.3300171,653.5900269,69934400,14.71000004,81.04000092,76.39030457,97.26000214,93.55640411,27.35000038,26.44677734
2025-09-12,657.4099731,650.2054443,659.1099854,656.9000244,72780100,14.76000023,80.95999908,76.31489563,96.98000336,93.28707123,27.38999939,26.48545456
2025-09-15,660.9099731,653.6671753,661.039978,659.3400269,63772400,15.68999958,81.19000244,76.53170776,97.13999939,93.44098663,27.29999924,26.39842796
2025-09-16,660,652.7671509,661.7800293,659.210022,61169000,16.36000061,81.12999725,76.4751358,97.19999695,93.49868011,27.12999916,26.23404121
2025-09-17,659.1799927,651.9561157,661.7199707,654.2999878,101952200,15.72000027,81.05000305,76.3997345,96.98999786,93.29668427,27.21999931,26.32106972
2025-09-18,662.2600098,655.0023193,664.8900146,660.2700195,90459200,15.69999981,81.23000336,76.56939697,96.66999817,92.98887634,27.35000038,26.44677734
2025-09-19,663.7000122,658.246521,664.5499878,660.3699951,97945600,15.44999981,81.26000214,76.59768677,96.62999725,92.95038605,27.43000031,26.52413559
2025-09-22,666.8400269,661.3606567,667.289978,662.1699829,69452200,16.10000038,81.31999969,76.65424347,96.47000122,92.79650116,27.32999992,26.42743683
2025-09-23,663.210022,657.7606201,667.3400269,661.9799805,81708900,16.63999939,81.26000214,76.59768677,96.73999786,93.05620575,27.30999947,26.40809822
2025-09-24,661.0999756,655.6677856,664.6099854,659.6699829,68082200,16.18000031,81.15000153,76.49398804,96.48000336,92.80610657,27.51000023,26.60149384
2025-09-25,658.0499878,652.6429443,659.4099731,654.4099731,89622100,16.73999977,80.91999817,76.27719116,96.26999664,92.60409546,27.70000076,26.78521919
2025-09-26,661.8200073,656.381958,662.3699951,657.8800049,69179200,15.28999996,81.08000183,76.42801666,96.22000122,92.55599976,27.60000038,26.68852043
2025-09-29,663.6799927,658.2266846,665.2800293,661.8599854,73499000,16.12000084,81.22000122,76.55997467,96.5,92.8253479,27.54000092,26.6305027
2025-09-30,666.1799927,660.7061157,666.6500244,661.6099854,86288000,16.28000069,81.19000244,76.53170776,96.45999908,92.78687286,27.51000023,26.60149384
2025-10-01,668.4500122,662.9575195,669.3699951,663.0599976,72545400,16.29000092,80.95999908,76.67469788,96.48999786,93.09947968,27.5,26.59182358
2025-10-02,669.2199707,663.7210693,670.5700073,666.7800293,56896000,16.62999916,80.93000031,76.64630127,96.58999634,93.195961,27.54000092,26.6305027
2025-10-03,669.210022,663.7112427,672.6799927,668.1599731,70494400,16.64999962,80.83999634,76.56105042,96.40000153,93.01264191,27.48999977,26.58215332
2025-10-06,671.6099854,666.0914917,672.5100098,669.460022,54623300,16.37000084,80.86000061,76.58000183,96.12000275,92.74248505,27.62000084,26.70786095
2025-10-07,669.1199951,663.6219482,672.9899902,667.6699829,72020100,17.23999977,80.76999664,76.49475861,96.36000061,92.97405243,27.78000069,26.86257744
2025-10-08,673.1099854,667.5791626,673.210022,669.4199829,60702200,16.29999924,80.65000153,76.38111115,96.37999725,92.99334717,27.84000015,26.92059517
2025-10-09,671.1599731,665.6452026,673.9400024,669.210022,66501900,16.43000031,80.41999817,76.1632843,96.30999756,92.92580414,28.03000069,27.10432053
2025-10-10,653.0200195,647.6542358,673.9500122,652.8400269,159422600,21.65999985,79.94999695,75.71815491,96.91000366,93.50473022,27.88999939,26.96894264
2025-10-13,663.039978,657.5919189,665.1300049,659.7700195,79560500,19.03000069,80.44999695,76.19169617,96.95999908,93.55296326,27.98999977,27.0656414
2025-10-14,662.2299805,656.7885742,665.8300171,653.1699829,88779600,20.80999947,80.54000092,76.27693176,97.20999908,93.79417419,27.90999985,26.98828316
2025-10-15,665.1699829,659.7044067,670.2299805,658.9299927,81702600,20.63999939,80.80000305,76.52316284,97.09999847,93.68804169,27.82999992,26.91092491
2025-10-16,660.6400146,655.211731,668.710022,657.1099854,110563300,25.30999947,80.51000214,76.24851227,97.55000305,94.12224579,27.71999931,26.8045578
2025-10-17,664.3900146,658.9308472,665.7600098,658.1400146,96500900,20.78000069,80.72000122,76.44740295,97.38999939,93.96785736,27.75,26.83356667
2025-10-20,671.2999878,665.7840576,672.210022,667.2700195,60493400,18.22999954,80.87999725,76.5989151,97.51999664,94.09328461,27.81999969,26.90125465
2025-10-21,671.289978,665.7741089,672.9899902,669.9799805,56249000,17.87000084,80.76000214,76.48529053,97.69999695,94.26696014,27.93000031,27.00762367
2025-10-22,667.7999878,662.3128052,672,663.2999878,80564000,18.60000038,80.68000031,76.40953064,97.72000122,94.28626251,27.89999962,26.9786129
2025-10-23,671.7600098,666.2402954,672.710022,667.7999878,65604500,17.29999924,80.86000061,76.58000183,97.40000153,93.97750092,27.90999985,26.98828316
2025-10-24,677.25,671.6851807,678.4699707,675.6500244,74356500,16.37000084,81.08000183,76.7883606,97.48999786,94.06435394,27.90999985,26.98828316
2025-10-27,685.2399902,679.6094971,685.539978,682.1199951,63339800,15.78999996,81.27999878,76.97776794,97.48999786,94.06435394,27.87999916,26.95927238
2025-10-28,687.0599976,681.4145508,688.9099731,684.8300171,61738100,16.42000008,81.19999695,76.90200806,97.58000183,94.15118408,27.86000061,26.93993568
2025-10-29,687.3900146,681.7418823,689.7000122,682.8699951,85657100,16.92000008,80.94999695,76.6652298,96.94999695,93.5433197,28.02000046,27.09465027
2025-10-30,679.8300171,674.2439575,685.9400024,679.8300171,76335800,16.90999985,80.80000305,76.52316284,96.80999756,93.40822601,28.12999916,27.20101738
2025-10-31,682.0599976,676.4556274,685.0800171,679.2399902,87164100,17.44000053,80.80000305,76.52316284,96.84999847,93.44682312,28.20999908,27.27837563
2025-11-03,683.3400269,677.7251587,685.7999878,679.9400024,57315000,17.17000008,80.13999939,76.28517914,96.5,93.40231323,28.22999954,27.29771423
2025-11-04,675.2399902,669.6917114,679.960022,674.5800171,78427000,19,80.15000153,76.29470825,96.62000275,93.51845551,28.31999969,27.38474274
2025-11-05,677.5800171,672.0125122,680.8599854,674.1699829,74402400,18.01000023,80.23000336,76.3708725,96.16000366,93.0732193,28.32999992,27.39441299
2025-11-06,670.3099976,664.8021851,677.3800049,668.7199707,85035300,19.5,80.26000214,76.39943695,96.65000153,93.54749298,28.18000031,27.24936676
2025-11-07,670.9699707,665.4567261,671.0800171,661.210022,100592400,19.07999992,80.33000183,76.46605682,96.69000244,93.58621216,28.15999985,27.23002625
2025-11-10,681.4400024,675.8407593,682.1799927,675.0300293,75842900,17.60000038,80.59999847,76.72307587,96.55999756,93.46037292,28.18000031,27.24936676
2025-11-11,683,677.3878784,683.5700073,678.7299805,58953400,17.28000069,80.69000244,76.80873871,96.86000061,93.75075531,28.13999939,27.21068764
2025-11-12,683.3800049,677.7647705,684.960022,680.9500122,62312500,17.51000023,80.52999878,76.65643311,96.87999725,93.77011108,28.14999962,27.22035599
2025-11-13,672.039978,666.5179443,680.8599854,670.5200195,103457800,20,80.19999695,76.34230804,96.59999847,93.4990921,28.06999969,27.14299965
2025-11-14,671.9299927,666.4089355,675.6599731,663.2700195,96846700,19.82999992,80.22000122,76.36135864,96.44000244,93.34423828,28.11000061,27.18167877
2025-11-17,665.6699829,660.2002563,673.710022,662.1699829,90456100,22.37999916,80.08999634,76.23760223,96.55000305,93.45071411,28.18000031,27.24936676
2025-11-18,660.0800171,654.65625,665.1199951,655.8599854,114467500,24.69000053,80.11000061,76.25663757,96.70999908,93.6055603,28.20999908,27.27837563
2025-11-19,662.6300049,657.1853027,667.3400269,658.75,94703000,23.65999985,80.15000153,76.29470825,96.63999939,93.53781891,28.38999939,27.45243073
2025-11-20,652.5300293,647.168335,675.5599976,651.8900146,165293500,26.42000008,80.09999847,76.24711609,96.87000275,93.76042938,28.40999985,27.47177124
2025-11-21,659.0300293,653.6148682,664.5499878,650.8499756,123956200,23.43000031,80.37000275,76.50414276,97.19000244,94.07015991,28.38999939,27.45243073
2025-11-24,668.7299805,663.2351685,670.0599976,661.5900269,80437900,20.52000046,80.58999634,76.71355438,97.33999634,94.21533966,28.38999939,27.45243073
2025-11-25,675.0200195,669.4734497,676.210022,664.4799805,81077100,18.55999947,80.87000275,76.98008728,97.58999634,94.45732117,28.30999947,27.37507248
2025-11-26,679.6799927,674.0952148,681.7000122,676.7199707,71879600,17.19000053,80.94999695,77.05623627,97.66999817,94.53475189,28.22999954,27.29771423
2025-11-28,683.3900146,677.7747192,683.6699829,680.5,49212000,16.35000038,80.98999786,77.0943222,97.5,94.37020874,28.20999908,27.27837563
2025-12-01,680.2700195,674.6803589,682.9899902,678.7399902,61201200,17.23999977,80.47000122,76.95565796,96.69000244,93.86346436,28.20000076,27.26870728
2025-12-02,681.5300293,675.9300537,683.8200073,679.3300171,62953800,16.59000015,80.62000275,77.09909821,96.76999664,93.94111633,28.19000053,27.25903702
2025-12-03,683.8900146,678.2706299,684.9099731,679.6900024,57238500,16.07999992,80.69000244,77.16603088,96.97000122,94.13528442,28.04999924,27.12365913
2025-12-04,684.3900146,678.7665405,685.3699951,681.3400269,61970300,15.77999973,80.75,77.22341919,96.66999817,93.84404755,28.11000061,27.18167877
2025-12-05,685.6900024,680.0557861,688.3900146,684.5800171,79241000,15.40999985,80.75,77.22341919,96.47000122,93.64990234,28.07999992,27.152668
2025-12-08,683.6300049,678.0127563,686.6400146,681.5700073,55231500,16.65999985,80.55000305,77.0321579,96.26999664,93.45573425,28.12000084,27.19134903
2025-12-09,683.039978,677.4275513,685.3900146,682.5900269,58310100,16.93000031,80.45999908,76.94608307,96.12999725,93.31983185,28.15999985,27.23002625
2025-12-10,687.5700073,681.9204102,688.9699707,681.3099976,85671300,15.77000046,80.73000336,77.20428467,96.44000244,93.62078857,28.01000023,27.08498001
2025-12-11,689.1699829,683.5072021,689.25,682.1699829,86173700,14.85000038,80.72000122,77.19472504,96.44999695,93.63047028,27.90999985,26.98828316
2025-12-12,681.7600098,676.1580811,688.8800049,679.1699829,113160300,15.73999977,80.56999969,77.05128479,96.19000244,93.37809753,27.95000076,27.02696228
2025-12-15,680.7299805,675.1365356,685.7600098,679.25,90811000,16.5,80.61000061,77.08953094,96.26999664,93.45573425,27.93000031,27.00762367
2025-12-16,678.8699951,673.2918701,681.0800171,674.9799805,122030600,16.47999954,80.66000366,77.13734436,96.54000092,93.7178421,27.89999962,26.9786129
2025-12-17,671.4000244,665.8832397,680.4400024,671.2000122,110625200,17.62000084,80.55999756,77.04171753,96.51999664,93.69844055,27.95999908,27.03663063
2025-12-18,676.4699707,670.911499,680.7399902,674.9000244,108650100,16.87000084,80.77999878,77.25211334,96.76999664,93.94111633,27.97999954,27.05597115
2025-12-19,680.5900269,676.9923096,681.0900269,676.4699707,103599500,14.90999985,80.36000061,77.21463776,96.23999786,93.72978973,28.06999969,27.14299965
2025-12-22,684.8300171,681.2098389,685.3599854,680.5900269,69556700,14.07999992,80.43000031,77.2818985,96.13999939,93.63238525,27.03000069,27.03000069
2025-12-23,687.960022,684.3233032,688.2000122,683.8699951,64840000,14,80.48999786,77.3395462,96.09999847,93.59343719,26.94000053,26.94000053
2025-12-24,690.3800049,686.7305298,690.8300171,687.7999878,39445600,13.47000027,80.63999939,77.48368073,96.34999847,93.83690643,26.95000076,26.95000076
2025-12-26,690.3099976,686.6608887,691.6599731,689.2700195,41613300,13.60000038,80.59999847,77.44522858,96.44000244,93.92457581,26.96999931,26.96999931
2025-12-29,687.8499756,684.2138672,689.2000122,686.0700073,62559500,14.19999981,80.62999725,77.47405243,96.58000183,94.06092072,26.97999954,26.97999954
2025-12-30,687.0100098,683.3782959,688.5599976,686.5800171,47160700,14.32999992,80.70999908,77.55094147,96.48000336,93.96352386,27.04999924,27.04999924
2025-12-31,681.9199829,678.3152466,687.3599854,681.710022,74144800,14.94999981,80.62999725,77.47405243,96.16000366,93.65187836,27.03000069,27.03000069
